person_id,name_cn,english_name_candidate,academy_memberships,first_domestic_academician_year,election_division,election_affiliation,official_homepage_url,verified_doi,verified_title,verified_journal,verified_year,verified_confidence,audit_status,candidate_doi,candidate_title,candidate_evidence,recommended_search_query
ACAD00002,丁仲礼,Zhongli Ding,CAS,2005,地学部,中国科学院地质与地球物理研究所,https://casad.cas.cn/ysxx2022/ysmd/dxb/200906/t20090624_1804464.html,10.1016/j.epsl.2008.08.001,,,,原表已有,已核验/已有 DOI,,,,Zhongli Ding | 中国科学院地质与地球物理研究所 | 地学部 | English journal DOI
ACAD00003,丁伟岳,Weiyue Ding,CAS,1997,数学物理学部,中国科学院数学研究所,https://casad.cas.cn/ysxx2022/ygys/200906/t20090624_1792073.html,10.1007/s00222-005-0491-7,,,,原表已有,已核验/已有 DOI,,,,Weiyue Ding | 中国科学院数学研究所 | 数学物理学部 | English journal DOI
ACAD00007,丁夏畦,Xiaqi Ding,CAS,1991,数学物理学部,中国科学院系统科学研究所武汉数学物理研究所,https://casad.cas.cn/ysxx2022/ygys/200906/t20090624_1792072.html,10.1016/j.jnt.2005.12.007,,,,原表已有,已核验/已有 DOI,,,,Xiaqi Ding | 中国科学院系统科学研究所武汉数学物理研究所 | 数学物理学部 | English journal DOI
ACAD00009,丁奎岭,Kuiling Ding,CAS,2013,化学部,中国科学院上海有机化学研究所,https://casad.cas.cn/ysxx2022/ysmd/hxb/201312/t20131219_4646084.html,10.1002/anie.201309521,,,,原表已有,已核验/已有 DOI,,,,Kuiling Ding | 中国科学院上海有机化学研究所 | 化学部 | English journal DOI
ACAD00013,丁林,Lin Ding,CAS,2017,地学部,中国科学院青藏高原研究所,https://casad.cas.cn/ysxx2022/ysmd/dxb/201711/t20171129_4625076.html,10.1016/j.cretres.2024.106035,,,,原表已有,已核验/已有 DOI,,,,Lin Ding | 中国科学院青藏高原研究所 | 地学部 | English journal DOI
ACAD00014,丁汉,Han Ding,CAS,2013,技术科学部,华中科技大学,https://casad.cas.cn/ysxx2022/ysmd/jskx/201312/t20131219_4002051.html,10.1109/TMECH.2023.3267980,,,,原表已有,已核验/已有 DOI,,,,Han Ding | 华中科技大学 | 技术科学部 | English journal DOI
ACAD00019,丁赤飚,Chibiao Ding,CAS,2021,信息技术科学部,中国科学院空天信息创新研究院,https://casad.cas.cn/ysxx2022/ysmd/xxjs/202201/t20220111_4821784.html,10.1016/j.isprsjprs.2020.10.013,,,,原表已有,已核验/已有 DOI,,,,Chibiao Ding | 中国科学院空天信息创新研究院 | 信息技术科学部 | English journal DOI
ACAD00021,万卫星,Weixing Wan,CAS,2011,地学部,中国科学院地质与地球物理研究所,https://casad.cas.cn/ysxx2022/ygys/201112/t20111213_3412388.html,10.1038/s41550-020-1148-6,,,,原表已有,已核验/已有 DOI,,,,Weixing Wan | 中国科学院地质与地球物理研究所 | 地学部 | English journal DOI
ACAD00022,万哲先,Zhexian Wan,CAS,1991,数学物理学部,中国科学院系统科学研究所,https://casad.cas.cn/ysxx2022/ygys/200906/t20090624_1792011.html,10.1016/0012-365X(93)90013-J,,,,原表已有,已核验/已有 DOI,,,,Zhexian Wan | 中国科学院系统科学研究所 | 数学物理学部 | English journal DOI
ACAD00023,万宝年,Baonian Wan,CAS,2021,数学物理学部,中国科学院合肥物质科学研究院,https://casad.cas.cn/ysxx2022/ysmd/sxwl/202201/t20220111_4821734.html,10.1016/j.fusengdes.2020.111516,,,,原表已有,已核验/已有 DOI,,,,Baonian Wan | 中国科学院合肥物质科学研究院 | 数学物理学部 | English journal DOI
ACAD00025,万惠霖,Huilin Wan,CAS,1997,化学部,厦门大学,https://casad.cas.cn/ysxx2022/ygys/200906/t20090624_1802137.html,10.1039/b806141a,,,,原表已有,已核验/已有 DOI,,,,Huilin Wan | 厦门大学 | 化学部 | English journal DOI
ACAD00026,万立骏,Lijun Wan,CAS,2009,化学部,中国科学院化学研究所,https://casad.cas.cn/ysxx2022/ysmd/hxb/200912/t20091203_2681359.html,10.1073/pnas.2423542122,,,,原表已有,已核验/已有 DOI,,,,Lijun Wan | 中国科学院化学研究所 | 化学部 | English journal DOI
ACAD00027,丑纪范,Jifan Chou,CAS,1993,地学部,国家气象局北京气象学院,https://casad.cas.cn/ysxx2022/ysmd/dxb/200906/t20090624_1804478.html,10.1007/BF02577402,,,,原表已有,已核验/已有 DOI,,,,Jifan Chou | 国家气象局北京气象学院 | 地学部 | English journal DOI
ACAD00030,严加安,Jiaan Yan,CAS,1999,数学物理学部,中国科学院应用数学研究所,https://casad.cas.cn/ysxx2022/ysmd/sxwl/200906/t20090624_1791986.html,10.1007/BFb0088337,,,,原表已有,已核验/已有 DOI,,,,Jiaan Yan | 中国科学院应用数学研究所 | 数学物理学部 | English journal DOI
ACAD00034,严纯华,Chunhua Yan,CAS,2011,化学部,北京大学,https://casad.cas.cn/ysxx2022/ysmd/hxb/201112/t20111213_3412361.html,10.1126/science.aau5701,,,,原表已有,已核验/已有 DOI,,,,Chunhua Yan | 北京大学 | 化学部 | English journal DOI
ACAD00035,严陆光,Luguang Yan,CAS,1991,技术科学部,中国科学院电工研究所,https://casad.cas.cn/ysxx2022/ysmd/jskx/200906/t20090624_1808185.html,10.1016/j.cryogenics.2009.02.003,,,,原表已有,已核验/已有 DOI,,,,Luguang Yan | 中国科学院电工研究所 | 技术科学部 | English journal DOI
ACAD00039,乔红,Hong Qiao,CAS,2021,信息技术科学部,中国科学院自动化研究所,https://casad.cas.cn/ysxx2022/ysmd/xxjs/202201/t20220111_4821790.html,10.1007/s11633-022-1390-8,,,,原表已有,已核验/已有 DOI,,,,Hong Qiao | 中国科学院自动化研究所 | 信息技术科学部 | English journal DOI
ACAD00042,于吉红,Jihong Yu,CAS,2015,化学部,吉林大学,https://casad.cas.cn/ysxx2022/ysmd/hxb/201512/t20151224_4502115.html,10.1038/s41586-021-03410-9,,,,原表已有,已核验/已有 DOI,,,,Jihong Yu | 吉林大学 | 化学部 | English journal DOI
ACAD00050,于渌,Lu Yu,CAS,1999,数学物理学部,中国科学院理论物理研究所,https://casad.cas.cn/ysxx2022/ysmd/sxwl/200906/t20090624_1791978.html,10.1103/PhysRevB.17.4448,,,,原表已有,已核验/已有 DOI,,,,Lu Yu | 中国科学院理论物理研究所 | 数学物理学部 | English journal DOI
ACAD00051,于登云,Dengyun Yu,CAS,2021,信息技术科学部,中国航天科技集团有限公司,https://casad.cas.cn/ysxx2022/ysmd/xxjs/202201/t20220111_4821792.html,10.15982/j.issn.2095-7777.2020.20200113001,,,,原表已有,已核验/已有 DOI,,,,Dengyun Yu | 中国航天科技集团有限公司 | 信息技术科学部 | English journal DOI
ACAD00053,于贵瑞,Guirui Yu,CAS,2019,地学部,中国科学院地理科学与资源研究所,https://casad.cas.cn/ysxx2022/ysmd/dxb/201911/t20191121_4724692.html,10.1038/s41561-019-0352-4,,,,原表已有,已核验/已有 DOI,,,,Guirui Yu | 中国科学院地理科学与资源研究所 | 地学部 | English journal DOI
ACAD00054,于起峰,Qifeng Yu,CAS,2009,技术科学部,中国人民解放军国防科学技术大学,https://casad.cas.cn/ysxx2022/ysmd/jskx/200912/t20091203_2681397.html,10.1364/AO.37.004504,,,,原表已有,已核验/已有 DOI,,,,Qifeng Yu | 中国人民解放军国防科学技术大学 | 技术科学部 | English journal DOI
ACAD00059,仝小林,Xiaolin Tong,CAS,2019,生命科学和医学学部,中国中医科学院,https://casad.cas.cn/ysxx2022/ysmd/smkx/201911/t20191121_4724681.html,10.1016/j.gpb.2019.09.007,,,,原表已有,已核验/已有 DOI,,,,Xiaolin Tong | 中国中医科学院 | 生命科学和医学学部 | English journal DOI
ACAD00064,任纪舜,Jishun Ren,CAS,1997,地学部,中国地质科学院地质研究所,https://casad.cas.cn/ysxx2022/ysmd/dxb/200906/t20090624_1804331.html,10.1111/1755-6724.14942,,,,原表已有,已核验/已有 DOI,,,,Jishun Ren | 中国地质科学院地质研究所 | 地学部 | English journal DOI
ACAD00066,任詠华,Yonghua Ren,CAS,2001,化学部,香港大学,https://casad.cas.cn/ysxx2022/ysmd/hxb/200906/t20090624_1802176.html,10.1016/j.chempr.2023.08.002,,,,原表已有,已核验/已有 DOI,,,,Yonghua Ren | 香港大学 | 化学部 | English journal DOI
ACAD00069,任露泉,Luquan Ren,CAS,2007,技术科学部,吉林大学,https://casad.cas.cn/ysxx2022/ysmd/jskx/200906/t20090624_1808277.html,10.1021/acs.nanolett.4c01129,,,,原表已有,已核验/已有 DOI,,,,Luquan Ren | 吉林大学 | 技术科学部 | English journal DOI
ACAD00070,伍小平,Xiaoping Wu,CAS,1997,技术科学部,中国科学技术大学,https://casad.cas.cn/ysxx2022/ysmd/jskx/200906/t20090624_1808212.html,10.1155/2011/728617,In Situ Investigation of the Silicon Carbide Particles Sintering,Journal of Nanomaterials,2011,A,已核验/已有 DOI,,,,Xiaoping Wu | 中国科学技术大学 | 技术科学部 | English journal DOI
ACAD00071,伍荣生,Rongsheng Wu,CAS,1999,地学部,南京大学,https://casad.cas.cn/ysxx2022/ygys/200906/t20090624_1804245.html,10.1175/1520-0469(1982)039<1774:AAOEBL>2.0.CO;2,An Analysis of Ekman Boundary Layer Dynamics Incorporating the Geostrophic Momentum Approximation,Journal of the Atmospheric Sciences,1982,A,已核验/已有 DOI,,,,Rongsheng Wu | 南京大学 | 地学部 | English journal DOI
ACAD00077,何国威,Guowei He,CAS,2017,数学物理学部,中国科学院力学研究所,https://casad.cas.cn/ysxx2022/ysmd/sxwl/201711/t20171129_4625043.html,10.1103/PhysRevE.70.036309,Two-point closure strategy in the mapping closure approximation approach,Physical Review E,2004,A,已核验/已有 DOI,,,,Guowei He | 中国科学院力学研究所 | 数学物理学部 | English journal DOI
ACAD00078,何国钟,Guozhong He,CAS,1991,化学部,中国科学院大连化学物理研究所,https://casad.cas.cn/ysxx2022/ysmd/hxb/200906/t20090624_1802294.html,10.1021/jp2044288,"Solvent Effects on 3-Keto-1H-pyrido[3,2,1-kl]phenothiazine Fluorescence in Polar and Protic Solvents",The Journal of Physical Chemistry B,2011,A,已核验/已有 DOI,,,,Guozhong He | 中国科学院大连化学物理研究所 | 化学部 | English journal DOI
ACAD00085,何满潮,Manchao He,CAS,2013,技术科学部,中国矿业大学（北京）,https://casad.cas.cn/ysxx2022/ysmd/jskx/201312/t20131219_4002045.html,10.1155/2019/2380342,Analysis of Strata Behavior Process Characteristics of Gob-Side Entry Retaining,Shock and Vibration,2019,A,已核验/已有 DOI,,,,Manchao He | 中国矿业大学（北京） | 技术科学部 | English journal DOI
ACAD00088,何积丰,Jifeng He,CAS,2005,信息技术科学部,华东师范大学,https://casad.cas.cn/ysxx2022/ysmd/xxjs/200906/t20090624_1807808.html,10.1145/3827964,Denotational and Algebraic Semantics for the SMrCaIT calculus Based on UTP,Formal Aspects of Computing,2026,A,已核验/已有 DOI,,,,Jifeng He | 华东师范大学 | 信息技术科学部 | English journal DOI
ACAD00091,何雅玲,Yaling He,CAS,2015,技术科学部,西安交通大学,https://casad.cas.cn/ysxx2022/ysmd/jskx/201512/t20151224_4502681.html,10.1002/anie.201701816,A Sodium-Ion-Conducting Direct Formate Fuel Cell,Angewandte Chemie International Edition,2017,A,已核验/已有 DOI,,,,Yaling He | 西安交通大学 | 技术科学部 | English journal DOI
ACAD00092,何鸣元,Mingyuan He,CAS,1995,化学部,中国石油化工总公司石油化工科学研究院,https://casad.cas.cn/ysxx2022/ysmd/hxb/200906/t20090624_1802291.html,10.1021/cm010270w,A Novel Method To Synthesize Amorphous Silica-Alumina Materials,Chemistry of Materials,2002,A,已核验/已有 DOI,,,,Mingyuan He | 中国石油化工总公司石油化工科学研究院 | 化学部 | English journal DOI
ACAD00095,余国琮,Guocong Yu,CAS,1991,化学部,天津大学,https://casad.cas.cn/ysxx2022/ygys/200906/t20090624_1802070.html,10.1016/j.ijheatmasstransfer.2015.05.001,An anisotropic turbulent mass transfer model,International Journal of Heat and Mass Transfer,2015,A,已核验/已有 DOI,,,,Guocong Yu | 天津大学 | 化学部 | English journal DOI
ACAD00098,余梦伦,Menglun Yu,CAS,1999,技术科学部,北京宇航系统工程研究所,https://casad.cas.cn/ysxx2022/ysmd/jskx/200906/t20090624_1808165.html,,,,,,待单人精确检索,,,,Menglun Yu | 北京宇航系统工程研究所 | 技术科学部 | English journal DOI
ACAD00101,佟振合,Zhenhe Tong,CAS,1999,化学部,中国科学院感光化学研究所,https://casad.cas.cn/ysxx2022/ysmd/hxb/200906/t20090624_1802140.html,10.1021/ja9741178,Zeolites as Templates for Preparation of Large-Ring Compounds,Journal of the American Chemical Society,1998,A,已核验/已有 DOI,,,,Zhenhe Tong | 中国科学院感光化学研究所 | 化学部 | English journal DOI
ACAD00104,侯凡凡,Fanfan Hou,CAS,2009,生命科学和医学学部,南方医科大学,https://casad.cas.cn/ysxx2022/ysmd/smkx/200912/t20091203_2681372.html,10.1186/1471-2369-13-94,China collaborative study on dialysis,BMC Nephrology,2012,A,已核验/已有 DOI,,,,Fanfan Hou | 南方医科大学 | 生命科学和医学学部 | English journal DOI
ACAD00105,侯增谦,Zengqian Hou,CAS,2017,地学部,中国地质科学院地质研究所,https://casad.cas.cn/ysxx2022/ysmd/dxb/201711/t20171129_4625081.html,10.1038/s41467-019-11445-w,Fingerprinting metal transfer from mantle,Nature Communications,2019,A,已核验/已有 DOI,,,,Zengqian Hou | 中国地质科学院地质研究所 | 地学部 | English journal DOI
ACAD00106,侯建国,Jianguo Hou,CAS,2003,化学部,中国科学技术大学,https://casad.cas.cn/ysxx2022/ysmd/hxb/200906/t20090624_1802285.html,10.1021/jp044152i,Carbothermal Chemical Vapor Deposition Route to Se One-Dimensional Nanostructures,The Journal of Physical Chemistry B,2005,A,已核验/已有 DOI,,,,Jianguo Hou | 中国科学技术大学 | 化学部 | English journal DOI
ACAD00110,侯朝焕,Chaohuan Hou,CAS,1995,信息技术科学部,中国科学院声学研究所,https://casad.cas.cn/ysxx2022/ysmd/xxjs/200906/t20090624_1807806.html,,,,,,待单人精确检索,,,,Chaohuan Hou | 中国科学院声学研究所 | 信息技术科学部 | English journal DOI
ACAD00112,侯洵,Xun Hou,CAS,1991,信息技术科学部,中国科学院西安光学精密机械研究所,https://casad.cas.cn/ysxx2022/ysmd/xxjs/200906/t20090624_1807804.html,10.1364/OL.38.002911,Process for fabrication of complex 3D microcoils in fused silica,Optics Letters,2013,B,已核验/已有 DOI,,,,Xun Hou | 中国科学院西安光学精密机械研究所 | 信息技术科学部 | English journal DOI
ACAD00118,保铮,Zheng Bao,CAS,1991,技术科学部,西安电子科技大学,https://casad.cas.cn/ysxx2022/ygys/200906/t20090624_1807838.html,10.1049/el.2014.3368,High-resolution inverse synthetic aperture radar imaging,Electronics Letters,2015,A,已核验/已有 DOI,,,,Zheng Bao | 西安电子科技大学 | 技术科学部 | English journal DOI
ACAD00119,俞书宏,Shuhong Yu,CAS,2019,化学部,中国科学技术大学,https://casad.cas.cn/ysxx2022/ysmd/hxb/201911/t20191121_4724672.html,10.1002/adma.202100074,Magneto-heated ferrimagnetic sponge,Advanced Materials,2021,A,已核验/已有 DOI,,,,Shuhong Yu | 中国科学技术大学 | 化学部 | English journal DOI
ACAD00121,俞大鹏,Dapeng Yu,CAS,2015,技术科学部,北京大学,https://casad.cas.cn/ysxx2022/ysmd/jskx/201512/t20151224_4502690.html,10.1021/acs.nanolett.8b03154,Atomic-Scale Probing of Reversible Li Migration,Nano Letters,2018,A,已核验/已有 DOI,,,,Dapeng Yu | 北京大学 | 技术科学部 | English journal DOI
ACAD00123,俞昌旋,Changxuan Yu,CAS,2007,数学物理学部,中国科学技术大学,https://casad.cas.cn/ysxx2022/ygys/200906/t20090624_1791976.html,10.1063/1.1288908,Instantaneous spherical electron focusing in a Penning trap,Physics of Plasmas,2000,A,已核验/已有 DOI,,,,Changxuan Yu | 中国科学技术大学 | 数学物理学部 | English journal DOI
ACAD00127,俞汝勤,Ruqin Yu,CAS,1991,化学部,湖南大学,https://casad.cas.cn/ysxx2022/ysmd/hxb/200906/t20090624_1802067.html,10.1021/acs.analchem.5c07656,Universal Integration of Liquid Crystals with Inorganic Inverse Opals,Analytical Chemistry,2026,A,已核验/已有 DOI,,,,Ruqin Yu | 湖南大学 | 化学部 | English journal DOI
ACAD00128,俞飚,Biao Yu,CAS,2021,化学部,中国科学院上海有机化学研究所,https://casad.cas.cn/ysxx2022/ysmd/hxb/202201/t20220111_4821750.html,10.1002/asia.200800462,Current Synthesis of Triterpene Saponins,Chemistry – An Asian Journal,2009,A,已核验/已有 DOI,,,,Biao Yu | 中国科学院上海有机化学研究所 | 化学部 | English journal DOI
ACAD00129,俞鸿儒,Hongru Yu,CAS,1991,技术科学部,中国科学院力学研究所,https://casad.cas.cn/ysxx2022/ysmd/jskx/200906/t20090624_1808163.html,,,,,,待单人精确检索,,,,Hongru Yu | 中国科学院力学研究所 | 技术科学部 | English journal DOI
ACAD00132,倪晋仁,Jinren Ni,CAS,2015,技术科学部,北京大学,https://casad.cas.cn/ysxx2022/ysmd/jskx/201512/t20151224_4502694.html,10.2175/106143007X183790,Modification of Chemical Oxygen Demand Monitoring in the Yellow River,Water Environment Research,2007,A,已核验/已有 DOI,,,,Jinren Ni | 北京大学 | 技术科学部 | English journal DOI
ACAD00134,傅伯杰,Bojie Fu,CAS,2011,地学部,中国科学院生态环境中心,https://casad.cas.cn/ysxx2022/ysmd/dxb/201112/t20111213_3412380.html,10.1038/s41558-022-01432-3,Biophysical and economic constraints on China’s natural climate solutions,Nature Climate Change,2022,A,已核验/已有 DOI,,,,Bojie Fu | 中国科学院生态环境中心 | 地学部 | English journal DOI
ACAD00136,傅家谟,Jiamo Fu,CAS,1991,地学部,中国科学院地球化学研究所广州分部,https://casad.cas.cn/ysxx2022/ygys/200906/t20090624_1804449.html,10.1021/es9038648,Identification of Hydroxylated Octa- and Nona-Bromodiphenyl Ethers,Environmental Science & Technology,2010,A,已核验/已有 DOI,,,,Jiamo Fu | 中国科学院地球化学研究所广州分部 | 地学部 | English journal DOI
ACAD00142,元英进,Yingjin Yuan,CAS,2021,化学部,天津大学,https://casad.cas.cn/ysxx2022/ysmd/hxb/202201/t20220111_4821751.html,10.1126/science.aaf4704,“Perfect” designer chromosome V and behavior of a ring derivative,Science,2017,A,已核验/已有 DOI,,,,Yingjin Yuan | 天津大学 | 化学部 | English journal DOI
ACAD00151,冯士筰,Shizuo Feng,CAS,1997,地学部,中国海洋大学,https://casad.cas.cn/ysxx2022/ysmd/dxb/200906/t20090624_1804457.html,10.1029/2025MS005414,Numerical Decomposition of the Governing Equation for Lagrangian Residual Velocity,Journal of Advances in Modeling Earth Systems,2026,A,已核验/已有 DOI,,,,Shizuo Feng | 中国海洋大学 | 地学部 | English journal DOI
ACAD00153,冯守华,Shouhua Feng,CAS,2005,化学部,吉林大学,https://casad.cas.cn/ysxx2022/ysmd/hxb/200906/t20090624_1802309.html,10.1016/j.chempr.2020.06.033,Magnetic-Field-Regulated TiO2 {100} Facets: A Strategy for C-C Coupling in CO2 Photocatalytic Conversion,Chem,2020,A,已核验/已有 DOI,,,,Shouhua Feng | 吉林大学 | 化学部 | English journal DOI
ACAD00155,冯小明,Xiaoming Feng,CAS,2013,化学部,四川大学,https://casad.cas.cn/ysxx2022/ysmd/hxb/201312/t20131219_4001999.html,10.1021/acs.orglett.6c01205,"2,3-Diaryl Indanone Construction via the Neophyl Rearrangement",Organic Letters,2026,A,已核验/已有 DOI,,,,Xiaoming Feng | 四川大学 | 化学部 | English journal DOI
ACAD00158,冯登国,Dengguo Feng,CAS,2019,信息技术科学部,北京信息科学技术研究院,https://casad.cas.cn/ysxx2022/ysmd/xxjs/201911/t20191121_4724697.html,10.4218/etrij.09.0209.0026,Security Flaws in Authentication Protocols with Anonymity for Wireless Environments,ETRI Journal,2009,A,已核验/已有 DOI,,,,Dengguo Feng | 北京信息科学技术研究院 | 信息技术科学部 | English journal DOI
ACAD00161,冷劲松,Jinsong Leng,CAS,2021,技术科学部,哈尔滨工业大学,https://casad.cas.cn/ysxx2022/ysmd/jskx/202201/t20220111_4821803.html,10.1016/j.compscitech.2021.108899,Multi-performance shape memory epoxy resins and their composites with narrow transition temperature range,Composites Science and Technology,2021,A,已核验/已有 DOI,,,,Jinsong Leng | 哈尔滨工业大学 | 技术科学部 | English journal DOI
ACAD00162,冼鼎昌,Dingchang Xian,CAS,1991,数学物理学部,中国科学院高能物理研究所,https://casad.cas.cn/ysxx2022/ygys/200906/t20090624_1791992.html,10.1080/08940889108602623,BSRL: Now in operation,Synchrotron Radiation News,1991,A,已核验/已有 DOI,,,,Dingchang Xian | 中国科学院高能物理研究所 | 数学物理学部 | English journal DOI
ACAD00167,刘丛强,Congqiang Liu,CAS,2011,地学部,中国科学院地球化学所,https://casad.cas.cn/ysxx2022/ysmd/dxb/201112/t20111213_3412385.html,10.2116/analsci.23.1291,"The Use of 3-(2-Pyridyl)-5,6-diphenyl-1,2,4-triazine",Analytical Sciences,2007,A,已核验/已有 DOI,,,,Congqiang Liu | 中国科学院地球化学所 | 地学部 | English journal DOI
ACAD00169,刘买利,Maili Liu,CAS,2021,化学部,中国科学院精密测量科学与技术创新研究院,https://casad.cas.cn/ysxx2022/ysmd/hxb/202201/t20220111_4821745.html,10.1021/ac303726p,NASR: An Effective Approach for Simultaneous Noise and Artifact Suppression in NMR Spectroscopy,Analytical Chemistry,2013,A,已核验/已有 DOI,,,,Maili Liu | 中国科学院精密测量科学与技术创新研究院 | 化学部 | English journal DOI
ACAD00170,刘云圻,Yunqi Liu,CAS,2015,化学部,中国科学院化学研究所,https://casad.cas.cn/ysxx2022/ysmd/hxb/201512/t20151224_4502116.html,10.1002/chem.200902755,"Synthesis, Structures, and Properties of Fused Thiophenes for Organic Field-Effect Transistors",Chemistry – A European Journal,2010,A,已核验/已有 DOI,,,,Yunqi Liu | 中国科学院化学研究所 | 化学部 | English journal DOI
ACAD00172,刘仓理,Cangli Liu,CAS,2021,数学物理学部,中国工程物理研究院,https://www.cas.cn/cm/202207/t20220718_4841845.shtml,10.3390/mi15091165,The Side-Release Method Measures the High-Pressure Sound Velocity of Iron,Micromachines,2024,A,已核验/已有 DOI,,,,Cangli Liu | 中国工程物理研究院 | 数学物理学部 | English journal DOI
ACAD00173,刘以训,Yixun Liu,CAS,1999,生命科学和医学学部,中国科学院动物研究所,https://casad.cas.cn/ysxx2022/ysmd/smkx/200906/t20090624_1803243.html,10.1095/biolreprod53.5.1131,Studies on the Role of Plasminogen Activators,Biology of Reproduction,1995,A,已核验/已有 DOI,,,,Yixun Liu | 中国科学院动物研究所 | 生命科学和医学学部 | English journal DOI
ACAD00176,刘允怡,Yunyi Liu,CAS,2003,生命科学和医学学部,香港中文大学,https://casad.cas.cn/ysxx2022/ygys/200906/t20090624_1803240.html,10.3727/096504001108747530,Differential gene expression of hepatocellular carcinoma using cDNA microarray analysis,Oncology Research,2000,A,已核验/已有 DOI,,,,Yunyi Liu | 香港中文大学 | 生命科学和医学学部 | English journal DOI
ACAD00177,刘元方,Yuanfang Liu,CAS,1991,化学部,北京大学,https://casad.cas.cn/ysxx2022/ysmd/hxb/200906/t20090624_1802208.html,,,,,,待单人精确检索,,,,Yuanfang Liu | 北京大学 | 化学部 | English journal DOI
ACAD00186,刘嘉麒,Jiaqi Liu,CAS,2003,地学部,中国科学院地质与地球物理研究所,https://casad.cas.cn/ysxx2022/ysmd/dxb/200906/t20090624_1804375.html,10.1111/j.1440-1738.2012.00819.x,Geochemistry of Cenozoic volcanic rocks in Tengchong,Island Arc,2012,A,已核验/已有 DOI,,,,Jiaqi Liu | 中国科学院地质与地球物理研究所 | 地学部 | English journal DOI
ACAD00187,刘国治,Guozhi Liu,CAS,2009,信息技术科学部,中国核试验基地,https://casad.cas.cn/yszx/lcmd/,10.1017/S0022377809007909,Effects of diode current on high power microwave generation in a vircator,Journal of Plasma Physics,2009,A,已核验/已有 DOI,,,,Guozhi Liu | 中国核试验基地 | 信息技术科学部 | English journal DOI
ACAD00193,刘宝珺,Baojun Liu,CAS,1991,地学部,地质矿产部成都地质矿产研究所,https://casad.cas.cn/ysxx2022/ysmd/dxb/200906/t20090624_1804385.html,,,,,,待单人精确检索,,,,Baojun Liu | 地质矿产部成都地质矿产研究所 | 地学部 | English journal DOI
ACAD00195,刘宝镛,Baoyong Liu,CAS,2001,技术科学部,中国航天科技集团公司第一研究院,https://casad.cas.cn/ysxx2022/ysmd/jskx/200906/t20090624_1808310.html,,,,,,待单人精确检索,,,,Baoyong Liu | 中国航天科技集团公司第一研究院 | 技术科学部 | English journal DOI
ACAD00198,刘广均,Guangjun Liu,CAS,1991,技术科学部,中国理化工程研究院,https://casad.cas.cn/ysxx2022/ysmd/jskx/200906/t20090624_1808308.html,,,,,,待单人精确检索,,,,Guangjun Liu | 中国理化工程研究院 | 技术科学部 | English journal DOI
ACAD00201,刘应明,Yingming Liu,CAS,1995,数学物理学部,四川大学,https://casad.cas.cn/ysxx2022/ygys/200906/t20090624_1792036.html,,,,,,待单人精确检索,,,,Yingming Liu | 四川大学 | 数学物理学部 | English journal DOI
ACAD00206,刘忠范,Zhongfan Liu,CAS,2011,化学部,北京大学,https://casad.cas.cn/ysxx2022/ysmd/hxb/201112/t20111213_3412359.html,10.1021/acs.nanolett.1c03344,"Hydrophilic, Clean Graphene for Cell Culture and Cryo-EM Imaging",Nano Letters,2021,A,已核验/已有 DOI,,,,Zhongfan Liu | 北京大学 | 化学部 | English journal DOI
ACAD00208,刘振兴,Zhenxing Liu,CAS,1995,地学部,中国科学院空间科学与应用研究中心,https://casad.cas.cn/ysxx2022/ygys/200906/t20090624_1804371.html,10.5194/angeo-23-2707-2005,The Double Star mission,Annales Geophysicae,2005,A,已核验/已有 DOI,,,,Zhenxing Liu | 中国科学院空间科学与应用研究中心 | 地学部 | English journal DOI
ACAD00210,刘新垣,Xinyuan Liu,CAS,1991,生命科学和医学学部,中国科学院上海生物化学研究所,https://casad.cas.cn/ysxx2022/ysmd/smkx/200906/t20090624_1803246.html,10.1158/1078-0432.CCR-16-1386,A Potent In Vivo Antitumor Efficacy of Novel Recombinant Type I Interferon,Clinical Cancer Research,2017,A,已核验/已有 DOI,,,,Xinyuan Liu | 中国科学院上海生物化学研究所 | 生命科学和医学学部 | English journal DOI
ACAD00214,刘昌明,Changming Liu,CAS,1995,地学部,中国科学院地理研究所、石家庄农业现代化研究所,https://casad.cas.cn/ysxx2022/ysmd/dxb/200906/t20090624_1804382.html,10.1002/hyp.5524,Water problems and hydrological research in the Yellow River and the Huai and Hai River basins of China,Hydrological Processes,2004,A,已核验/已有 DOI,,,,Changming Liu | 中国科学院地理研究所、石家庄农业现代化研究所 | 地学部 | English journal DOI
ACAD00215,刘昌胜,Changsheng Liu,CAS,2017,技术科学部,华东理工大学,https://casad.cas.cn/ysxx2022/ysmd/jskx/201711/t20171129_4625098.html,10.1016/j.biomaterials.2026.124003,Friction-adaptive hydrogel coating for mechanical-immune synergy,Biomaterials,2026,A,已核验/已有 DOI,,,,Changsheng Liu | 华东理工大学 | 技术科学部 | English journal DOI
ACAD00216,刘明,Ming Liu,CAS,2015,信息技术科学部,中国科学院微电子研究所,https://casad.cas.cn/ysxx2022/ysmd/xxjs/201512/t20151224_4502655.html,,,,,,待单人精确检索,,,,Ming Liu | 中国科学院微电子研究所 | 信息技术科学部 | English journal DOI
ACAD00220,刘永坦,Yongtan Liu,CAE; CAS,1991,CAS: 信息技术科学部 | CAE: 信息与电子工程学部,哈尔滨工业大学,https://casad.cas.cn/ysxx2022/ysmd/xxjs/200906/t20090624_1807769.html,10.1049/iet-rsn.2017.0080,Correlation performance analysis for waveforms with spectral notches,"IET Radar, Sonar & Navigation",2017,A,已核验/已有 DOI,,,,Yongtan Liu | 哈尔滨工业大学 | CAS: 信息技术科学部 | CAE: 信息与电子工程学部 | English journal DOI
ACAD00231,刘瑞玉,Ruiyu Liu,CAS,1997,生命科学和医学学部,中国科学院海洋研究所,https://casad.cas.cn/ysxx2022/ygys/200906/t20090624_1803249.html,,,,,,待单人精确检索,,,,Ruiyu Liu | 中国科学院海洋研究所 | 生命科学和医学学部 | English journal DOI
ACAD00232,刘益春,Yichun Liu,CAS,2021,信息技术科学部,东北师范大学,https://casad.cas.cn/ysxx2022/ysmd/xxjs/202201/t20220111_4821788.html,10.1021/acssensors.5c04580,Design of a Janus-Type p-NiO/n-ZnO Heterostructure,ACS Sensors,2026,A,已核验/已有 DOI,,,,Yichun Liu | 东北师范大学 | 信息技术科学部 | English journal DOI
ACAD00234,刘竹生,Zhusheng Liu,CAS,2009,技术科学部,中国航天科技集团公司第一研究院,https://casad.cas.cn/ysxx2022/ysmd/jskx/200912/t20091203_2681411.html,,,,,,待单人精确检索,,,,Zhusheng Liu | 中国航天科技集团公司第一研究院 | 技术科学部 | English journal DOI
ACAD00237,刘维民,Weimin Liu,CAS,2013,技术科学部,中国科学院兰州化学物理研究所,https://casad.cas.cn/ysxx2022/ysmd/jskx/201312/t20131219_4002048.html,10.1039/d0cs00126k,Ionic liquid lubricants: when chemistry meets tribology,Chemical Society Reviews,2020,A,已核验/已有 DOI,,,,Weimin Liu | 中国科学院兰州化学物理研究所 | 技术科学部 | English journal DOI
ACAD00239,刘耀光,Yaoguang Liu,CAS,2017,生命科学和医学学部,华南农业大学,https://casad.cas.cn/ysxx2022/ysmd/smkx/201711/t20171129_4625069.html,10.1007/s13205-019-1919-x,Generation of semi-dwarf rice lines by CRISPR/Cas9-directed mutagenesis of OsGA20ox2,3 Biotech,2019,A,已核验/已有 DOI,,,,Yaoguang Liu | 华南农业大学 | 生命科学和医学学部 | English journal DOI
ACAD00243,刘若庄,Ruozhuang Liu,CAS,1999,化学部,北京师范大学,https://casad.cas.cn/ysxx2022/ygys/200906/t20090624_1802214.html,,,,,,待单人精确检索,,,,Ruozhuang Liu | 北京师范大学 | 化学部 | English journal DOI
ACAD00247,刘颂豪,Songhao Liu,CAS,1999,信息技术科学部,华南师范大学,https://casad.cas.cn/ysxx2022/ysmd/xxjs/200906/t20090624_1807771.html,10.1111/j.1751-1097.2010.00710.x,Synergistic Effect of Ultrasound and Thiazone–PEG 400 on Human Skin Optical Clearing In Vivo,Photochemistry and Photobiology,2010,A,已核验/已有 DOI,,,,Songhao Liu | 华南师范大学 | 信息技术科学部 | English journal DOI
ACAD00250,励建书,Jianshu Li,CAS,2013,数学物理学部,香港科技大学,https://casad.cas.cn/ysxx2022/ysmd/sxwl/201312/t20131219_4001986.html,10.1007/BF01389041,Singular unitary representations of classical groups,Inventiones Mathematicae,1989,A,已核验/已有 DOI,,,,Jianshu Li | 香港科技大学 | 数学物理学部 | English journal DOI
ACAD00251,包为民,Weimin Bao,CAS,2005,信息技术科学部,中国航天科技集团公司第一研究院,https://casad.cas.cn/ysxx2022/ysmd/xxjs/200906/t20090624_1807840.html,10.1155/2019/8056342,Profile-Tracking-Based Adaptive Guidance Law against Maneuvering Targets,International Journal of Aerospace Engineering,2019,A,已核验/已有 DOI,,,,Weimin Bao | 中国航天科技集团公司第一研究院 | 信息技术科学部 | English journal DOI
ACAD00252,包信和,Xinhe Bao,CAS,2009,化学部,中国科学院大连化学物理所,https://casad.cas.cn/ysxx2022/ysmd/hxb/200912/t20091203_2681360.html,10.1073/pnas.1701280114,Confined catalysis under two-dimensional materials,Proceedings of the National Academy of Sciences,2017,A,已核验/已有 DOI,,,,Xinhe Bao | 中国科学院大连化学物理所 | 化学部 | English journal DOI
ACAD00255,匡定波,Dingbo Kuang,CAS,1991,信息技术科学部,中国科学院上海技术物理研究所,https://casad.cas.cn/ysxx2022/ysmd/xxjs/200906/t20090624_1807793.html,,,,,,待单人精确检索,,,,Dingbo Kuang | 中国科学院上海技术物理研究所 | 信息技术科学部 | English journal DOI
ACAD00256,匡廷云,Tingyun Kuang,CAS,1995,生命科学和医学学部,中国科学院植物研究所,https://casad.cas.cn/ysxx2022/ysmd/smkx/200906/t20090624_1803276.html,10.1126/science.aab0214,Structural basis for energy transfer pathways in the plant PSI-LHCI supercomplex,Science,2015,A,已核验/已有 DOI,,,,Tingyun Kuang | 中国科学院植物研究所 | 生命科学和医学学部 | English journal DOI
ACAD00257,卓仁禧,Renxi Zhuo,CAS,1997,化学部,武汉大学,https://casad.cas.cn/ysxx2022/ygys/200906/t20090624_1802009.html,10.1002/pola.27192,Synthesis and characterization of biodegradable pH and reduction dual-sensitive polymeric micelles for doxorubicin delivery,Journal of Polymer Science Part A: Polymer Chemistry,2014,A,已核验/已有 DOI,,,,Renxi Zhuo | 武汉大学 | 化学部 | English journal DOI
ACAD00261,南策文,Cewen Nan,CAS,2011,技术科学部,清华大学,https://casad.cas.cn/ysxx2022/ysmd/jskx/201112/t20111213_3412399.html,10.1038/s41586-024-08505-7,Enhanced energy storage in antiferroelectrics via antipolar frustration,Nature,2025,A,已核验/已有 DOI,,,,Cewen Nan | 清华大学 | 技术科学部 | English journal DOI
ACAD00262,卜显和,Xianhe Bo,CAS,2021,化学部,南开大学,https://casad.cas.cn/ysxx2022/ysmd/hxb/202201/t20220111_4821742.html,10.1002/ejic.200701031,Structural Diversity and Modulation of Coordination Architectures with Flexible Dithioether or Disulfoxide Ligands,European Journal of Inorganic Chemistry,2008,A,已核验/已有 DOI,,,,Xianhe Bo | 南开大学 | 化学部 | English journal DOI
ACAD00263,卞修武,Xiuwu Bian,CAS,2017,生命科学和医学学部,中国人民解放军陆军军医大学,https://casad.cas.cn/ysxx2022/ysmd/smkx/201711/t20171129_4625060.html,10.1038/s41593-018-0285-z,Invasion of white matter tracts by glioma stem cells is regulated by a NOTCH1–SOX2 positive-feedback loop,Nature Neuroscience,2019,A,已核验/已有 DOI,,,,Xiuwu Bian | 中国人民解放军陆军军医大学 | 生命科学和医学学部 | English journal DOI
ACAD00265,卢强,Qiang Lu,CAS,1991,技术科学部,清华大学,https://casad.cas.cn/ysxx2022/ygys/200906/t20090624_1808300.html,10.1109/TPWRS.2003.810995,Splitting strategies for islanding operation of large-scale power systems using OBDD-based methods,IEEE Transactions on Power Systems,2003,A,已核验/已有 DOI,,,,Qiang Lu | 清华大学 | 技术科学部 | English journal DOI
ACAD00267,卢柯,Ke Lu,CAS,2003,技术科学部,中国科学院金属研究所,https://casad.cas.cn/ysxx2022/ysmd/jskx/200906/t20090624_1808302.html,10.2320/matertrans.44.1919,Development of Nanostructures in Metallic Materials with Low Stacking Fault Energies During SMAT,Materials Transactions,2003,A,已核验/已有 DOI,,,,Ke Lu | 中国科学院金属研究所 | 技术科学部 | English journal DOI
ACAD00268,卢永根,Yonggen Lu,CAS,1993,生命科学和医学学部,华南农业大学,https://casad.cas.cn/ysxx2022/ygys/200906/t20090624_1803234.html,10.1371/journal.pone.0027565,Population Structure and Genetic Diversity in a Rice Core Collection (Oryza sativa L.) Investigated with SSR Markers,PLOS ONE,2011,A,已核验/已有 DOI,,,,Yonggen Lu | 华南农业大学 | 生命科学和医学学部 | English journal DOI
ACAD00275,印象初,Xiangchu Yin,CAS,1995,生命科学和医学学部,中国科学院西北高原生物研究所,https://casad.cas.cn/ysxx2022/ysmd/smkx/200906/t20090624_1803057.html,,,,,,待单人精确检索,,,,Xiangchu Yin | 中国科学院西北高原生物研究所 | 生命科学和医学学部 | English journal DOI
ACAD00279,史生才,Shengcai Shi,CAS,2021,数学物理学部,中国科学院紫金山天文台,https://casad.cas.cn/ysxx2022/ysmd/sxwl/202201/t20220111_4821733.html,10.1049/el.2016.3245,W-band quasi-elliptical waveguide filter,Electronics Letters,2016,A,已核验/已有 DOI,,,,Shengcai Shi | 中国科学院紫金山天文台 | 数学物理学部 | English journal DOI
ACAD00282,叶向东,Xiangdong Ye,CAS,2019,数学物理学部,中国科学技术大学,https://casad.cas.cn/ysxx2022/ysmd/sxwl/201911/t20191121_4724654.html,10.1016/j.aim.2012.07.012,Regionally proximal relation of order d is an equivalence one for minimal systems and a combinatorial consequence,Advances in Mathematics,2012,A,已核验/已有 DOI,,,,Xiangdong Ye | 中国科学技术大学 | 数学物理学部 | English journal DOI
ACAD00283,叶嘉安,Jiaan Ye,CAS,2003,地学部,香港大学,https://casad.cas.cn/ysxx2022/ysmd/dxb/200906/t20090624_1804185.html,10.1111/j.1468-2427.1996.tb00319.x,The New Land Development Process and Urban Development in Chinese Cities,International Journal of Urban and Regional Research,1996,A,已核验/已有 DOI,,,,Jiaan Ye | 香港大学 | 地学部 | English journal DOI
ACAD00285,叶培建,Peijian Ye,CAS,2003,技术科学部,中国空间技术研究院,https://casad.cas.cn/ysxx2022/ysmd/jskx/200906/t20090624_1808168.html,,,,,,待单人精确检索,,,,Peijian Ye | 中国空间技术研究院 | 技术科学部 | English journal DOI
ACAD00287,叶大年,Danian Ye,CAS,1991,地学部,中国科学院地质研究所,https://casad.cas.cn/ysxx2022/ysmd/dxb/200906/t20090624_1804192.html,,,,,,待单人精确检索,,,,Danian Ye | 中国科学院地质研究所 | 地学部 | English journal DOI
ACAD00290,叶志镇,Zhizhen Ye,CAS,2019,技术科学部,浙江大学,https://casad.cas.cn/ysxx2022/ysmd/jskx/201911/t20191121_4724710.html,10.1021/acsnano.4c00639,Controlling Interfacial Amidation Reaction Rate,ACS Nano,2024,A,已核验/已有 DOI,,,,Zhizhen Ye | 浙江大学 | 技术科学部 | English journal DOI
ACAD00291,叶恒强,Hengqiang Ye,CAS,1991,技术科学部,中国科学院金属研究所,https://casad.cas.cn/ysxx2022/ysmd/jskx/200906/t20090624_1808170.html,,,,,,候选需人工确认,10.1016/j.msea.2009.11.008,Effect of hafnium on creep behavior of a corrosion resistant nickel base superalloy,"SciSpace metadata/abstract lists “Ye, H. Q.” at Institute of Metal Research, Chinese Academy of Sciences; likely Hengqiang Ye, but database expands the author name inconsistently, so manual confirmation is required.",Hengqiang Ye | 中国科学院金属研究所 | 技术科学部 | English journal DOI
ACAD00292,叶朝辉,Chaohui Ye,CAS,2001,数学物理学部,中国科学院武汉物理与数学研究所,https://casad.cas.cn/ysxx2022/ysmd/sxwl/200906/t20090624_1791981.html,,,,,,待单人精确检索,,,,Chaohui Ye | 中国科学院武汉物理与数学研究所 | 数学物理学部 | English journal DOI
ACAD00293,叶玉如,Yuru Ye,CAS,2001,生命科学和医学学部,香港科技大学,https://casad.cas.cn/ysxx2022/ysmd/smkx/200906/t20090624_1803062.html,10.1038/s41467-019-10945-z,Non-coding variability at the APOE locus contributes to the Alzheimer’s risk,Nature Communications,2019,A,已核验/已有 DOI,,,,Yuru Ye | 香港科技大学 | 生命科学和医学学部 | English journal DOI
ACAD00298,向涛,Tao Xiang,CAS,2013,数学物理学部,中国科学院物理研究所,https://casad.cas.cn/ysxx2022/ysmd/sxwl/201902/t20190220_4679832.html,10.1103/PhysRevB.92.161105,Ground state degeneracy of interacting spinless fermions,Physical Review B,2015,A,已核验/已有 DOI,,,,Tao Xiang | 中国科学院物理研究所 | 数学物理学部 | English journal DOI
ACAD00302,吕建,Jian Lu,CAS,2013,信息技术科学部,南京大学,https://casad.cas.cn/ysxx2022/ysmd/xxjs/201312/t20131219_4002033.html,,,,,,待单人精确检索,,,,Jian Lu | 南京大学 | 信息技术科学部 | English journal DOI
ACAD00304,吕敏,Min Lu,CAS,1991,数学物理学部,国防科工委系统工程研究所,https://casad.cas.cn/ysxx2022/ysmd/sxwl/200906/t20090624_1792032.html,,,,,,待单人精确检索,,,,Min Lu | 国防科工委系统工程研究所 | 数学物理学部 | English journal DOI
ACAD00307,吕达仁,Daren Lu,CAS,2005,地学部,中国科学院大气物理研究所,https://casad.cas.cn/ysxx2022/ysmd/dxb/200906/t20090624_1804364.html,10.1364/AO.27.004899,Retrieval of stratospheric background aerosol scattering coefficient from twilight polarization measurements,Applied Optics,1988,A,已核验/已有 DOI,,,,Daren Lu | 中国科学院大气物理研究所 | 地学部 | English journal DOI
ACAD00308,吴一戎,Yirong Wu,CAS,2007,信息技术科学部,中国科学院电子学研究所,https://casad.cas.cn/ysxx2022/ysmd/xxjs/200906/t20090624_1807718.html,10.1049/el.2017.1887,Inverse synthetic aperture ladar imaging,Electronics Letters,2017,A,已核验/已有 DOI,,,,Yirong Wu | 中国科学院电子学研究所 | 信息技术科学部 | English journal DOI
ACAD00314,吴云东,Yundong Wu,CAS,2005,化学部,香港科技大学,https://casad.cas.cn/ysxx2022/ysmd/hxb/200906/t20090624_1802106.html,10.1021/acs.joc.1c01658,Cobalt-Catalyzed 2-(1-Methylhydrazinyl)pyridine-Assisted C–H Alkylation/Annulation: Mechanistic Insights and Rapid Access to Cyclopenta[c]isoquinolinone Derivatives,The Journal of Organic Chemistry,2021,A,已核验/已有 DOI,,,,Yundong Wu | 香港科技大学 | 化学部 | English journal DOI
ACAD00322,吴养洁,Yangjie Wu,CAS,2003,化学部,郑州大学,https://casad.cas.cn/ysxx2022/ysmd/hxb/200906/t20090624_1802109.html,10.1002/adsc.70024,Visible-Light-Induced Radical Cyclization,Advanced Synthesis & Catalysis,2025,A,已核验/已有 DOI,,,,Yangjie Wu | 郑州大学 | 化学部 | English journal DOI
ACAD00325,吴国雄,Guoxiong Wu,CAS,1997,地学部,中国科学院大气物理研究所,https://casad.cas.cn/ysxx2022/ysmd/dxb/200906/t20090624_1804252.html,10.1175/JCLI-D-25-0087.1,Interannual Variation in Quasi-Biweekly Oscillation Intensity of Surface Potential Vorticity over the Tibetan Plateau in Summer and Its Impacts,Journal of Climate,2025,A,已核验/已有 DOI,,,,Guoxiong Wu | 中国科学院大气物理研究所 | 地学部 | English journal DOI
ACAD00326,吴培亨,Peiheng Wu,CAS,2005,信息技术科学部,南京大学,https://casad.cas.cn/ysxx2022/ysmd/xxjs/200906/t20090624_1807720.html,10.1021/acs.nanolett.0c04093,Reconfigurable Pinwheel Artificial-Spin-Ice and Superconductor Hybrid Device,Nano Letters,2020,A,已核验/已有 DOI,,,,Peiheng Wu | 南京大学 | 信息技术科学部 | English journal DOI
ACAD00328,吴奇,Qi Wu,CAS,2003,化学部,香港中文大学,https://casad.cas.cn/ysxx2022/ysmd/hxb/200906/t20090624_1802115.html,10.1021/ma9608333,A simple structural model for the polymer microsphere,Macromolecules,1997,A,已核验/已有 DOI,,,,Qi Wu | 香港中文大学 | 化学部 | English journal DOI
ACAD00330,吴孟超,Mengchao Wu,CAS,1991,生命科学和医学学部,中国人民解放军海军军医大学,https://casad.cas.cn/ysxx2022/ygys/200906/t20090624_1803109.html,10.1111/j.1478-3231.2011.02622.x,A large asymptomatic hepatic mass,Liver International,2012,A,已核验/已有 DOI,,,,Mengchao Wu | 中国人民解放军海军军医大学 | 生命科学和医学学部 | English journal DOI
ACAD00331,吴宏鑫,Hongxin Wu,CAS,2003,信息技术科学部,中国空间技术研究院502所,https://casad.cas.cn/ysxx2022/ysmd/xxjs/200906/t20090624_1807722.html,,,,,,待单人精确检索,,,,Hongxin Wu | 中国空间技术研究院502所 | 信息技术科学部 | English journal DOI
ACAD00332,吴宜灿,Yican Wu,CAS,2019,技术科学部,中国科学院合肥物质科学研究院,https://casad.cas.cn/ysxx2022/ysmd/jskx/201911/t20191121_4724709.html,10.1002/er.3572,Development of high intensity D–T fusion neutron generator HINEG,International Journal of Energy Research,2018,A,已核验/已有 DOI,,,,Yican Wu | 中国科学院合肥物质科学研究院 | 技术科学部 | English journal DOI
ACAD00333,吴岳良,Yueliang Wu,CAS,2007,数学物理学部,中国科学院理论物理研究所,https://casad.cas.cn/ysxx2022/ysmd/sxwl/200906/t20090624_1791994.html,10.1103/PhysRevD.77.113009,Gauge theory model of the neutrino and new physics beyond the standard model,Physical Review D,2008,A,已核验/已有 DOI,,,,Yueliang Wu | 中国科学院理论物理研究所 | 数学物理学部 | English journal DOI
ACAD00334,吴常信,Changxin Wu,CAS,1995,生命科学和医学学部,中国农业大学,https://casad.cas.cn/ysxx2022/ysmd/smkx/200906/t20090624_1803120.html,10.1534/genetics.105.053256,Genetic and Cytogenetic Map for the Duck,Genetics,2006,A,已核验/已有 DOI,,,,Changxin Wu | 中国农业大学 | 生命科学和医学学部 | English journal DOI
ACAD00335,吴建屏,Jianping Wu,CAS,1991,生命科学和医学学部,中国科学院上海脑研究所,https://casad.cas.cn/ysxx2022/ygys/200906/t20090624_1803117.html,,,,,,待单人精确检索,,,,Jianping Wu | 中国科学院上海脑研究所 | 生命科学和医学学部 | English journal DOI
ACAD00339,吴德馨,Dexin Wu,CAS,1991,信息技术科学部,中国科学院微电子中心,https://casad.cas.cn/ysxx2022/ygys/200906/t20090624_1807724.html,,,,,,待单人精确检索,,,,Dexin Wu | 中国科学院微电子中心 | 信息技术科学部 | English journal DOI
ACAD00342,吴承康,Chengkang Wu,CAS,1991,技术科学部,中国科学院力学研究所,https://casad.cas.cn/ysxx2022/ygys/200906/t20090624_1808220.html,,,,,,待单人精确检索,,,,Chengkang Wu | 中国科学院力学研究所 | 技术科学部 | English journal DOI
ACAD00343,吴新智,Xinzhi Wu,CAS,1999,地学部,中国科学院古脊椎动物与古人类研究所,https://casad.cas.cn/ysxx2022/ygys/200906/t20090624_1804248.html,10.1002/ajpa.22188,A description of the geological context and fossil remains from the Dali hominin site,American Journal of Physical Anthropology,2013,A,已核验/已有 DOI,,,,Xinzhi Wu | 中国科学院古脊椎动物与古人类研究所 | 地学部 | English journal DOI
ACAD00344,吴新涛,Xintao Wu,CAS,1999,化学部,中国科学院福建物质结构研究所,https://casad.cas.cn/ysxx2022/ysmd/hxb/200906/t20090624_1802112.html,10.1002/adma.201700778,Introduction of Red-Green-Blue Fluorescent Dyes into a MOF,Advanced Materials,2017,A,已核验/已有 DOI,,,,Xintao Wu | 中国科学院福建物质结构研究所 | 化学部 | English journal DOI
ACAD00349,吴朝晖,Chaohui Wu,CAS,2017,信息技术科学部,浙江大学,https://casad.cas.cn/ysxx2022/ysmd/xxjs/201711/t20171129_4625090.html,10.1109/TPAMI.2011.217,Constrained Nonnegative Matrix Factorization for Image Representation,IEEE Transactions on Pattern Analysis and Machine Intelligence,2012,A,已核验/已有 DOI,,,,Chaohui Wu | 浙江大学 | 信息技术科学部 | English journal DOI
ACAD00356,吴硕贤,Shuoxian Wu,CAS,2005,技术科学部,华南理工大学,https://casad.cas.cn/ysxx2022/ysmd/jskx/200906/t20090624_1808215.html,,,,,,待单人精确检索,,,,Shuoxian Wu | 华南理工大学 | 技术科学部 | English journal DOI
ACAD00358,吴祖泽,Zuze Wu,CAS,1993,生命科学和医学学部,中国人民解放军军事医学科学院放射医学研究所,https://casad.cas.cn/ysxx2022/ysmd/smkx/200906/t20090624_1803099.html,,,,,,待单人精确检索,,,,Zuze Wu | 中国人民解放军军事医学科学院放射医学研究所 | 生命科学和医学学部 | English journal DOI
ACAD00359,吴福元,Fuyuan Wu,CAS,2015,地学部,中国科学院地质与地球物理研究所,https://casad.cas.cn/ysxx2022/ysmd/dxb/201512/t20151224_4502635.html,10.1038/s41561-023-01159-6,A solar wind-derived water reservoir on the Moon hosted by impact glass beads,Nature Geoscience,2023,A,已核验/已有 DOI,,,,Fuyuan Wu | 中国科学院地质与地球物理研究所 | 地学部 | English journal DOI
ACAD00360,吴立新,Lixin Wu,CAS,2013,地学部,中国海洋大学,https://casad.cas.cn/ysxx2022/ysmd/dxb/201312/t20131219_4002026.html,10.1038/nature14504,Pacific western boundary currents and their roles in climate,Nature,2015,A,已核验/已有 DOI,,,,Lixin Wu | 中国海洋大学 | 地学部 | English journal DOI
ACAD00364,吴骊珠,Lizhu Wu,CAS,2019,化学部,中国科学院理化技术研究所,https://casad.cas.cn/ysxx2022/ysmd/hxb/201911/t20191121_4724662.html,10.1038/ncomms3695,Chitosan confinement enhances hydrogen photogeneration from a mimic of the diiron subsite of [FeFe]-hydrogenase,Nature Communications,2013,A,已核验/已有 DOI,,,,Lizhu Wu | 中国科学院理化技术研究所 | 化学部 | English journal DOI
ACAD00369,周俊,Jun Zhou,CAS,1999,生命科学和医学学部,中国科学院昆明植物研究所,https://casad.cas.cn/ysxx2022/ygys/200906/t20090624_1803007.html,10.1021/acs.jnatprod.0c01101,Antibacterial Prenylated p-Hydroxybenzoic Acid Derivatives,Journal of Natural Products,2021,A,已核验/已有 DOI,,,,Jun Zhou | 中国科学院昆明植物研究所 | 生命科学和医学学部 | English journal DOI
ACAD00372,周兴铭,Xingming Zhou,CAS,1993,信息技术科学部,中国人民解放军国防科学技术大学,https://casad.cas.cn/ysxx2022/ysmd/xxjs/200906/t20090624_1807670.html,,,,,,待单人精确检索,,,,Xingming Zhou | 中国人民解放军国防科学技术大学 | 信息技术科学部 | English journal DOI
ACAD00373,周其凤,Qifeng Zhou,CAS,1999,化学部,北京大学,https://casad.cas.cn/ysxx2022/ysmd/hxb/200906/t20090624_1802028.html,10.1002/pola.23908,A novel mesogen-jacketed liquid crystalline electroluminescent polymer,Journal of Polymer Science Part A: Polymer Chemistry,2010,A,已核验/已有 DOI,,,,Qifeng Zhou | 北京大学 | 化学部 | English journal DOI
ACAD00374,周其林,Qilin Zhou,CAS,2009,化学部,南开大学,https://casad.cas.cn/ysxx2022/ysmd/hxb/200912/t20091203_2681364.html,10.1002/anie.201706994,Divergent Asymmetric Total Synthesis of Mulinane Diterpenoids,Angewandte Chemie International Edition,2017,A,已核验/已有 DOI,,,,Qilin Zhou | 南开大学 | 化学部 | English journal DOI
ACAD00379,周卫健,Weijian Zhou,CAS,2009,地学部,中国科学院地球环境所,https://casad.cas.cn/ysxx2022/ysmd/dxb/200912/t20091203_2681377.html,10.1073/pnas.2211495120,Eccentricity-paced geomagnetic field and monsoon rainfall variations,Proceedings of the National Academy of Sciences,2023,A,已核验/已有 DOI,,,,Weijian Zhou | 中国科学院地球环境所 | 地学部 | English journal DOI
ACAD00380,周又元,Youyuan Zhou,CAS,2001,数学物理学部,中国科学技术大学,https://casad.cas.cn/ysxx2022/ygys/200906/t20090624_1791957.html,10.1086/307080,Self-similar Solution of Optically Thick Advection-dominated Flows,The Astrophysical Journal,1999,B,已核验/已有 DOI,,,,Youyuan Zhou | 中国科学技术大学 | 数学物理学部 | English journal DOI
ACAD00381,周又和,Youhe Zhou,CAS,2021,技术科学部,兰州大学,https://casad.cas.cn/ysxx2022/ysmd/jskx/202201/t20220111_4821823.html,10.1002/adfm.202100680,Efficient Fabrication of Ultralight YBa2Cu3O7−x Superconductors,Advanced Functional Materials,2021,A,已核验/已有 DOI,,,,Youhe Zhou | 兰州大学 | 技术科学部 | English journal DOI
ACAD00382,周同惠,Tonghui Zhou,CAS,1991,化学部,北京协和医学院,https://casad.cas.cn/ysxx2022/ygys/200906/t20090624_1802025.html,,,,,,待单人精确检索,,,,Tonghui Zhou | 北京协和医学院 | 化学部 | English journal DOI
ACAD00384,周向宇,Xiangyu Zhou,CAS,2013,数学物理学部,中国科学院数学与系统科学研究院,https://casad.cas.cn/ysxx2022/ysmd/sxwl/201312/t20131219_4001981.html,10.1007/s00222-014-0575-3,Effectiveness of Demailly's strong openness conjecture and related problems,Inventiones Mathematicae,2015,A,已核验/已有 DOI,,,,Xiangyu Zhou | 中国科学院数学与系统科学研究院 | 数学物理学部 | English journal DOI
ACAD00386,周国治,Guozhi Zhou,CAS,1995,技术科学部,北京科技大学,https://casad.cas.cn/ysxx2022/ygys/200906/t20090624_1808129.html,,,,,,待单人精确检索,,,,Guozhi Zhou | 北京科技大学 | 技术科学部 | English journal DOI
ACAD00387,周孝信,Xiaoxin Zhou,CAS,1993,技术科学部,电力工业部电力科学研究院系统科学研究所,https://casad.cas.cn/ysxx2022/ysmd/jskx/200906/t20090624_1808124.html,10.1109/TPWRS.2021.3099341,Low-frequency converter-driven oscillations in weak grids: explanation and damping improvement,IEEE Transactions on Power Systems,2021,A,已核验/已有 DOI,,,,Xiaoxin Zhou | 电力工业部电力科学研究院系统科学研究所 | 技术科学部 | English journal DOI
ACAD00391,周尧和,Yaohe Zhou,CAS,1991,技术科学部,西北工业大学,https://casad.cas.cn/ysxx2022/ygys/200906/t20090624_1808121.html,,,,,,待单人精确检索,,,,Yaohe Zhou | 西北工业大学 | 技术科学部 | English journal DOI
ACAD00392,周巢尘,Chaochen Zhou,CAS,1993,信息技术科学部,中国科学院软件研究所,https://casad.cas.cn/ysxx2022/ysmd/xxjs/200906/t20090624_1807674.html,,,,,,待单人精确检索,,,,Chaochen Zhou | 中国科学院软件研究所 | 信息技术科学部 | English journal DOI
ACAD00393,周干峙,Ganzhi Zhou,CAE; CAS,1991,CAS: 技术科学部 | CAE: 土木、水利与建筑工程学部,建设部,https://casad.cas.cn/ysxx2022/ygys/200906/t20090624_1808132.html,,,,,,待单人精确检索,,,,Ganzhi Zhou | 建设部 | CAS: 技术科学部 | CAE: 土木、水利与建筑工程学部 | English journal DOI
ACAD00398,周志炎,Zhiyan Zhou,CAS,1995,地学部,中国科学院南京地质古生物研究所,https://casad.cas.cn/ysxx2022/ysmd/dxb/200906/t20090624_1804116.html,,,,,,待单人精确检索,,,,Zhiyan Zhou | 中国科学院南京地质古生物研究所 | 地学部 | English journal DOI
ACAD00399,周志鑫,Zhixin Zhou,CAS,2015,信息技术科学部,北京市遥感信息研究所,https://casad.cas.cn/ysxx2022/ysmd/xxjs/201512/t20151224_4502666.html,,,,,,待单人精确检索,,,,Zhixin Zhou | 北京市遥感信息研究所 | 信息技术科学部 | English journal DOI
ACAD00400,周忠和,Zhonghe Zhou,CAS,2011,地学部,中国科学院古脊椎动物与古人类研究所,https://casad.cas.cn/ysxx2022/ysmd/dxb/201112/t20111213_3412389.html,10.1038/nature01420,An exceptionally preserved Lower Cretaceous ecosystem,Nature,2003,A,已核验/已有 DOI,,,,Zhonghe Zhou | 中国科学院古脊椎动物与古人类研究所 | 地学部 | English journal DOI
ACAD00401,周恒,Heng Zhou,CAS,1993,数学物理学部,天津大学,https://casad.cas.cn/ysxx2022/ygys/200906/t20090624_1791958.html,,,,,,待单人精确检索,,,,Heng Zhou | 天津大学 | 数学物理学部 | English journal DOI
ACAD00402,周成虎,Chenghu Zhou,CAS,2013,地学部,中国科学院地理科学与资源研究所,https://www.casad.cas.cn/yszx/lcmd/202303/t20230328_4882109.html,,,,,,待单人精确检索,,,,Chenghu Zhou | 中国科学院地理科学与资源研究所 | 地学部 | English journal DOI
ACAD00404,周毓麟,Yulin Zhou,CAS,1991,数学物理学部,北京应用物理与计算数学研究所,https://casad.cas.cn/ysxx2022/ygys/200906/t20090624_1791956.html,,,,,,待单人精确检索,,,,Yulin Zhou | 北京应用物理与计算数学研究所 | 数学物理学部 | English journal DOI
ACAD00409,周炳琨,Bingkun Zhou,CAS,1991,信息技术科学部,清华大学,https://casad.cas.cn/ysxx2022/ygys/200906/t20090624_1807677.html,,,,,,待单人精确检索,,,,Bingkun Zhou | 清华大学 | 信息技术科学部 | English journal DOI
ACAD00411,周琪,Qi Zhou,CAS,2015,生命科学和医学学部,中国科学院动物研究所,https://casad.cas.cn/ysxx2022/ysmd/smkx/201512/t20151224_4502236.html,10.1111/cpr.13301,Manufacturing with pluripotent stem cells (PSConf 2021),Cell Proliferation,2022,A,已核验/已有 DOI,,,,Qi Zhou | 中国科学院动物研究所 | 生命科学和医学学部 | English journal DOI
ACAD00413,周秀骥,Xiuji Zhou,CAS,1991,地学部,国家气象局气象科学研究院,https://casad.cas.cn/ysxx2022/ysmd/dxb/200906/t20090624_1804119.html,,,,,,待单人精确检索,,,,Xiuji Zhou | 国家气象局气象科学研究院 | 地学部 | English journal DOI
ACAD00416,周维善,Weishan Zhou,CAS,1991,化学部,中国科学院上海有机化学研究所,https://casad.cas.cn/ysxx2022/ygys/200906/t20090624_1802022.html,,,,,,待单人精确检索,,,,Weishan Zhou | 中国科学院上海有机化学研究所 | 化学部 | English journal DOI
ACAD00418,周翔,Xiang Zhou,CAS,2021,化学部,武汉大学,https://casad.cas.cn/ysxx2022/ysmd/hxb/202201/t20220111_4821752.html,,,,,,待单人精确检索,,,,Xiang Zhou | 武汉大学 | 化学部 | English journal DOI
ACAD00420,周远,Yuan Zhou,CAS,2003,技术科学部,中国科学院理化技术研究所,https://casad.cas.cn/ysxx2022/ysmd/jskx/200906/t20090624_1808119.html,,,,,,待单人精确检索,,,,Yuan Zhou | 中国科学院理化技术研究所 | 技术科学部 | English journal DOI
ACAD00427,唐勇,Yong Tang,CAS,2015,化学部,中国科学院上海有机化学研究所,https://casad.cas.cn/ysxx2022/ysmd/hxb/201512/t20151224_4502126.html,10.1002/anie.201203218,"Highly diastereo- and enantioselective cyclopropanation of 1,2-disubstituted alkenes",Angewandte Chemie International Edition,2012,A,已核验/已有 DOI,,,,Yong Tang | 中国科学院上海有机化学研究所 | 化学部 | English journal DOI
ACAD00429,唐叔贤,Shuxian Tang,CAS,2001,技术科学部,香港大学,https://casad.cas.cn/ysxx2022/ysmd/jskx/200906/t20090624_1808256.html,,,,,,待单人精确检索,,,,Shuxian Tang | 香港大学 | 技术科学部 | English journal DOI
ACAD00432,唐守正,Shouzheng Tang,CAS,1995,生命科学和医学学部,中国林业科学研究院资源信息研究所,https://casad.cas.cn/ysxx2022/ygys/200906/t20090624_1803165.html,,,,,,待单人精确检索,,,,Shouzheng Tang | 中国林业科学研究院资源信息研究所 | 生命科学和医学学部 | English journal DOI
ACAD00433,唐崇惕,Chongti Tang,CAS,1991,生命科学和医学学部,厦门大学,https://casad.cas.cn/ysxx2022/ysmd/smkx/200906/t20090624_1803168.html,,,,,,待单人精确检索,,,,Chongti Tang | 厦门大学 | 生命科学和医学学部 | English journal DOI
ACAD00435,唐志共,Zhigong Tang,CAS,2021,技术科学部,中国空气动力研究与发展中心,https://casad.cas.cn/ysxx2022/ysmd/jskx/202201/t20220111_4821806.html,,,,,,待单人精确检索,,,,Zhigong Tang | 中国空气动力研究与发展中心 | 技术科学部 | English journal DOI
ACAD00438,唐本忠,Benzhong Tang,CAS,2009,化学部,香港科技大学,https://casad.cas.cn/ysxx2022/ysmd/hxb/200912/t20091203_2681365.html,10.1002/adma.200904056,Changing the Behavior of Chromophores from Aggregation-Caused Quenching to Aggregation-Induced Emission,Advanced Materials,2010,A,已核验/已有 DOI,,,,Benzhong Tang | 香港科技大学 | 化学部 | English journal DOI
ACAD00449,夏克青,Keqing Xia,CAS,2021,数学物理学部,南方科技大学,https://casad.cas.cn/ysxx2022/ysmd/sxwl/202201/t20220111_4821739.html,10.1103/PhysRevLett.127.244501,Centrifugal-Force-Induced Flow Bifurcations in Turbulent Thermal Convection,Physical Review Letters,2021,A,已核验/已有 DOI,,,,Keqing Xia | 南方科技大学 | 数学物理学部 | English journal DOI
ACAD00450,夏军,Jun Xia,CAS,2015,地学部,武汉大学,https://casad.cas.cn/ysxx2022/ysmd/dxb/201512/t20151224_4502651.html,,,,,,待单人精确检索,,,,Jun Xia | 武汉大学 | 地学部 | English journal DOI
ACAD00452,夏培肃,Peisu Xia,CAS,1991,技术科学部,中国科学院计算技术研究所,https://casad.cas.cn/ysxx2022/ygys/200906/t20090624_1807712.html,,,,,,待单人精确检索,,,,Peisu Xia | 中国科学院计算技术研究所 | 技术科学部 | English journal DOI
ACAD00455,夏建白,Jianbai Xia,CAS,2001,信息技术科学部,中国科学院半导体研究所,https://casad.cas.cn/ysxx2022/ysmd/xxjs/200906/t20090624_1807715.html,10.1103/PhysRevB.54.11575,Effective-mass theory for InAs/GaAs strained coupled quantum dots,Physical Review B,1996,A,已核验/已有 DOI,,,,Jianbai Xia | 中国科学院半导体研究所 | 信息技术科学部 | English journal DOI
ACAD00461,姚守拙,Shouzhuo Yao,CAS,1999,化学部,湖南师范大学,https://casad.cas.cn/ysxx2022/ygys/200906/t20090624_1802076.html,10.1021/acssensors.2c01221,Signal On-Off Electrochemical Sensor for Glutathione,ACS Sensors,2022,A,已核验/已有 DOI,,,,Shouzhuo Yao | 湖南师范大学 | 化学部 | English journal DOI
ACAD00463,姚建年,Jiannian Yao,CAS,2005,化学部,中国科学院化学研究所,https://casad.cas.cn/ysxx2022/ysmd/hxb/200906/t20090624_1802079.html,10.1021/acscentsci.2c00411,Riemannian Surface on Carbon Anodes Enables Li-Ion Storage at −35 °C,ACS Central Science,2022,A,已核验/已有 DOI,,,,Jiannian Yao | 中国科学院化学研究所 | 化学部 | English journal DOI
ACAD00464,姚建铨,Jianquan Yao,CAS,1997,信息技术科学部,天津大学,https://casad.cas.cn/ysxx2022/ysmd/xxjs/200906/t20090624_1807703.html,10.1364/OL.30.000189,Optical phase shifting with acousto-optic devices,Optics Letters,2005,A,已核验/已有 DOI,,,,Jianquan Yao | 天津大学 | 信息技术科学部 | English journal DOI
ACAD00465,姚开泰,Kaitai Yao,CAS,1991,生命科学和医学学部,中南大学,https://casad.cas.cn/ysxx2022/ysmd/smkx/200906/t20090624_1803064.html,10.3892/ijo.2013.1885,"DLC-1, a candidate tumor suppressor gene",International Journal of Oncology,2013,A,已核验/已有 DOI,,,,Kaitai Yao | 中南大学 | 生命科学和医学学部 | English journal DOI
ACAD00466,姚振兴,Zhenxing Yao,CAS,1999,地学部,中国科学院地球物理研究所,https://casad.cas.cn/ysxx2022/ysmd/dxb/200906/t20090624_1804196.html,,,,,,待单人精确检索,,,,Zhenxing Yao | 中国科学院地球物理研究所 | 地学部 | English journal DOI
ACAD00469,姚期智,Qizhi Yao,CAS,2016,信息技术科学部,美国普林斯顿大学,https://casad.cas.cn/ysxx2022/ysmd/xxjs/200906/t20090624_1808808.html,,,,,,待单人精确检索,,,,Qizhi Yao | 美国普林斯顿大学 | 信息技术科学部 | English journal DOI
ACAD00470,姚檀栋,Tandong Yao,CAS,2007,地学部,中国科学院青藏高原研究所,https://casad.cas.cn/ysxx2022/ysmd/dxb/200906/t20090624_1804199.html,10.1038/nclimate1580,Different glacier status with atmospheric circulations in Tibetan Plateau,Nature Climate Change,2012,A,已核验/已有 DOI,,,,Tandong Yao | 中国科学院青藏高原研究所 | 地学部 | English journal DOI
ACAD00471,姚熹,Xi Yao,CAS,1991,技术科学部,西安交通大学,https://casad.cas.cn/ysxx2022/ysmd/jskx/200906/t20090624_1808173.html,,,,,,待单人精确检索,,,,Xi Yao | 西安交通大学 | 技术科学部 | English journal DOI
ACAD00476,姜中宏,Zhonghong Jiang,CAS,1999,技术科学部,中国科学院上海光学精密机械研究所,https://casad.cas.cn/ysxx2022/ygys/200906/t20090624_1808341.html,,,,,,待单人精确检索,,,,Zhonghong Jiang | 中国科学院上海光学精密机械研究所 | 技术科学部 | English journal DOI
ACAD00480,姜培学,Peixue Jiang,CAS,2021,技术科学部,清华大学,https://casad.cas.cn/ysxx2022/ysmd/jskx/202201/t20220111_4821802.html,10.1002/adma.202312765,Nanoengineering-Enhanced Capillary Cooling,Advanced Materials,2024,A,已核验/已有 DOI,,,,Peixue Jiang | 清华大学 | 技术科学部 | English journal DOI
ACAD00484,姜杰,Jie Jiang,CAS,2015,信息技术科学部,中国航天科技集团公司第一研究院,https://casad.cas.cn/ysxx2022/ysmd/xxjs/201512/t20151224_4502660.html,,,,,,待单人精确检索,,,,Jie Jiang | 中国航天科技集团公司第一研究院 | 信息技术科学部 | English journal DOI
ACAD00490,孔祥复,Xiangfu Kong,CAS,1999,生命科学和医学学部,香港大学,https://casad.cas.cn/ysxx2022/ygys/200906/t20090624_1803279.html,,,,,,待单人精确检索,,,,Xiangfu Kong | 香港大学 | 生命科学和医学学部 | English journal DOI
ACAD00491,孙世刚,Shigang Sun,CAS,2015,化学部,厦门大学,https://casad.cas.cn/ysxx2022/ysmd/hxb/201512/t20151224_4502119.html,10.1021/acsami.9b09007,Facile Preparation of Carbon Shells-Coated O-Doped Molybdenum Carbide,ACS Applied Materials & Interfaces,2019,A,已核验/已有 DOI,,,,Shigang Sun | 厦门大学 | 化学部 | English journal DOI
ACAD00493,孙义燧,Yisui Sun,CAS,1997,数学物理学部,南京大学,https://casad.cas.cn/ysxx2022/ysmd/sxwl/200906/t20090624_1792017.html,10.1007/s10569-013-9515-6,High-order solutions of invariant manifolds associated with libration point orbits in the elliptic restricted three-body system,Celestial Mechanics and Dynamical Astronomy,2013,B,已核验/已有 DOI,,,,Yisui Sun | 南京大学 | 数学物理学部 | English journal DOI
ACAD00500,孙儒泳,Ruyong Sun,CAS,1993,生命科学和医学学部,北京师范大学,https://casad.cas.cn/ysxx2022/ygys/200906/t20090624_1803171.html,,,,,,待单人精确检索,,,,Ruyong Sun | 北京师范大学 | 生命科学和医学学部 | English journal DOI
ACAD00502,孙军,Jun Sun,CAS,2021,技术科学部,西安交通大学,https://casad.cas.cn/ysxx2022/ysmd/jskx/202201/t20220111_4821805.html,,,,,,待单人精确检索,,,,Jun Sun | 西安交通大学 | 技术科学部 | English journal DOI
ACAD00505,孙和平,Heping Sun,CAS,2019,地学部,中国科学院测量与地球物理研究所,https://casad.cas.cn/ysxx2022/ysmd/dxb/201911/t20191121_4724688.html,,,,,,待单人精确检索,,,,Heping Sun | 中国科学院测量与地球物理研究所 | 地学部 | English journal DOI
ACAD00506,孙大业,Daye Sun,CAS,2001,生命科学和医学学部,河北师范大学,https://casad.cas.cn/ysxx2022/ygys/200906/t20090624_1803180.html,,,,,,待单人精确检索,,,,Daye Sun | 河北师范大学 | 生命科学和医学学部 | English journal DOI
ACAD00510,孙家栋,Jiadong Sun,CAS,1991,技术科学部,航空航天部科学技术委员会,https://casad.cas.cn/ysxx2022/ysmd/jskx/200906/t20090624_1808260.html,,,,,,待单人精确检索,,,,Jiadong Sun | 航空航天部科学技术委员会 | 技术科学部 | English journal DOI
ACAD00511,孙家钟,Jiazhong Sun,CAS,1991,化学部,吉林大学,https://casad.cas.cn/ysxx2022/ygys/200906/t20090624_1802152.html,,,,,,待单人精确检索,,,,Jiazhong Sun | 吉林大学 | 化学部 | English journal DOI
ACAD00516,孙斌勇,Binyong Sun,CAS,2019,数学物理学部,中国科学院数学与系统科学研究院,https://casad.cas.cn/ysxx2022/ysmd/sxwl/201911/t20191121_4724652.html,10.1215/00127094-2018-0044,Cohomologically induced distinguished representations and cohomological test vectors,Duke Mathematical Journal,2019,A,已核验/已有 DOI,,,,Binyong Sun | 中国科学院数学与系统科学研究院 | 数学物理学部 | English journal DOI
ACAD00517,孙昌璞,Changpu Sun,CAS,2009,数学物理学部,中国科学院理论物理所,https://casad.cas.cn/ysxx2022/ysmd/sxwl/200912/t20091203_2681352.html,,,,,,待单人精确检索,,,,Changpu Sun | 中国科学院理论物理所 | 数学物理学部 | English journal DOI
ACAD00519,孙曼霁,Manji Sun,CAS,1991,生命科学和医学学部,军事医学科学院药理毒理研究所,https://casad.cas.cn/ysxx2022/ygys/200906/t20090624_1803174.html,,,,,,待单人精确检索,,,,Manji Sun | 军事医学科学院药理毒理研究所 | 生命科学和医学学部 | English journal DOI
ACAD00520,孙枢,Shu Sun,CAS,1991,地学部,国家自然科学基金委员会、中国科学院地质研究所,https://casad.cas.cn/ysxx2022/ygys/200906/t20090624_1804306.html,,,,,,待单人精确检索,,,,Shu Sun | 国家自然科学基金委员会、中国科学院地质研究所 | 地学部 | English journal DOI
ACAD00522,孙汉董,Handong Sun,CAS,2003,生命科学和医学学部,中国科学院昆明植物研究所,https://casad.cas.cn/ysxx2022/ysmd/smkx/200906/t20090624_1803177.html,10.1002/ejoc.200300560,Four Novel Nortriterpenoids Isolated from Schisandra henryi var. yunnanensis,European Journal of Organic Chemistry,2004,A,已核验/已有 DOI,,,,Handong Sun | 中国科学院昆明植物研究所 | 生命科学和医学学部 | English journal DOI
ACAD00533,孙鑫,Xin Sun,CAS,2013,数学物理学部,复旦大学,https://casad.cas.cn/ysxx2022/ygys/201312/t20131219_4001988.html,,,,,,待单人精确检索,,,,Xin Sun | 复旦大学 | 数学物理学部 | English journal DOI
ACAD00534,孙钟秀,Zhongxiu Sun,CAS,1991,技术科学部,南京大学,https://casad.cas.cn/ysxx2022/ygys/200906/t20090624_1807749.html,,,,,,待单人精确检索,,,,Zhongxiu Sun | 南京大学 | 技术科学部 | English journal DOI
ACAD00535,孙钧,Jun Sun,CAS,1991,技术科学部,同济大学,https://casad.cas.cn/ysxx2022/ygys/200906/t20090624_1808258.html,,,,,,待单人精确检索,,,,Jun Sun | 同济大学 | 技术科学部 | English journal DOI
ACAD00537,孙鸿烈,Honglie Sun,CAS,1991,地学部,国家计委、中国科学院自然资源综合考察委员会,https://casad.cas.cn/ysxx2022/ysmd/dxb/200906/t20090624_1804309.html,,,,,,待单人精确检索,,,,Honglie Sun | 国家计委、中国科学院自然资源综合考察委员会 | 地学部 | English journal DOI
ACAD00540,孟安明,Anming Meng,CAS,2007,生命科学和医学学部,清华大学,https://casad.cas.cn/ysxx2022/ysmd/smkx/200906/t20090624_1803225.html,10.1242/dev.132969,Eph/ephrin signaling maintains the boundary of dorsal forerunner cell cluster,Development,2016,A,已核验/已有 DOI,,,,Anming Meng | 清华大学 | 生命科学和医学学部 | English journal DOI
ACAD00544,季维智,Weizhi Ji,CAS,2017,生命科学和医学学部,昆明理工大学,https://casad.cas.cn/ysxx2022/ysmd/smkx/201711/t20171129_4625067.html,10.1016/j.stemcr.2015.10.007,A Robust Single Primate Neuroepithelial Cell Clonal Expansion System,Stem Cell Reports,2015,A,已核验/已有 DOI,,,,Weizhi Ji | 昆明理工大学 | 生命科学和医学学部 | English journal DOI
ACAD00548,安立佳,Lijia An,CAS,2015,化学部,中国科学院长春应用化学研究所,https://casad.cas.cn/ysxx2022/ysmd/hxb/201512/t20151224_4502117.html,10.1002/app.12692,Pressure-dependent glass-transition temperatures,Journal of Applied Polymer Science,2003,A,已核验/已有 DOI,,,,Lijia An | 中国科学院长春应用化学研究所 | 化学部 | English journal DOI
ACAD00550,安芷生,Zhisheng An,CAS,1991,地学部,中国科学院西安黄土与第四纪地质研究室,https://casad.cas.cn/ysxx2022/ysmd/dxb/200906/t20090624_1804511.html,10.1038/ngeo1326,Influence of Atlantic meridional overturning circulation on East Asian winter monsoon,Nature Geoscience,2012,A,已核验/已有 DOI,,,,Zhisheng An | 中国科学院西安黄土与第四纪地质研究室 | 地学部 | English journal DOI
ACAD00552,宋保亮,Baoliang Song,CAS,2021,生命科学和医学学部,武汉大学,https://casad.cas.cn/ysxx2022/ysmd/smkx/202201/t20220111_4821759.html,10.1016/j.cell.2015.02.019,Cholesterol Transport through Lysosome-Peroxisome Membrane Contacts,Cell,2015,A,已核验/已有 DOI,,,,Baoliang Song | 武汉大学 | 生命科学和医学学部 | English journal DOI
ACAD00554,宋健,Jian Song,CAE; CAS,1991,CAS: 信息技术科学部 | CAE: 信息与电子工程学部,国家科委、清华大学,https://casad.cas.cn/ysxx2022/ysmd/xxjs/200906/t20090624_1807751.html,,,,,,待单人精确检索,,,,Jian Song | 国家科委、清华大学 | CAS: 信息技术科学部 | CAE: 信息与电子工程学部 | English journal DOI
ACAD00558,宋家树,Jiashu Song,CAS,1993,技术科学部,中国工程物理研究院材料研究所,https://casad.cas.cn/ysxx2022/ygys/200906/t20090624_1808266.html,,,,,,待单人精确检索,,,,Jiashu Song | 中国工程物理研究院材料研究所 | 技术科学部 | English journal DOI
ACAD00559,宋尔卫,Erwei Song,CAS,2019,生命科学和医学学部,中山大学,https://casad.cas.cn/ysxx2022/ysmd/smkx/201911/t20191121_4724680.html,10.1038/nm828,RNA interference targeting Fas protects mice from fulminant hepatitis,Nature Medicine,2003,A,已核验/已有 DOI,,,,Erwei Song | 中山大学 | 生命科学和医学学部 | English journal DOI
ACAD00560,宋微波,Weibo Song,CAS,2015,生命科学和医学学部,中国海洋大学,https://casad.cas.cn/ysxx2022/ysmd/smkx/201512/t20151224_4502214.html,,,,,,待单人精确检索,,,,Weibo Song | 中国海洋大学 | 生命科学和医学学部 | English journal DOI
ACAD00561,宋振骐,Zhenqi Song,CAS,1991,技术科学部,山东科技大学,https://casad.cas.cn/ysxx2022/ysmd/jskx/200906/t20090624_1808262.html,,,,,,待单人精确检索,,,,Zhenqi Song | 山东科技大学 | 技术科学部 | English journal DOI
ACAD00564,宋玉泉,Yuquan Song,CAS,1997,技术科学部,吉林大学,https://casad.cas.cn/ysxx2022/ygys/200906/t20090624_1808264.html,,,,,,待单人精确检索,,,,Yuquan Song | 吉林大学 | 技术科学部 | English journal DOI
ACAD00565,宋礼成,Licheng Song,CAS,2007,化学部,南开大学,https://casad.cas.cn/ysxx2022/ysmd/hxb/200906/t20090624_1802158.html,,,,,,待单人精确检索,,,,Licheng Song | 南开大学 | 化学部 | English journal DOI
ACAD00568,宣益民,Yimin Xuan,CAS,2015,技术科学部,南京航空航天大学,https://casad.cas.cn/ysxx2022/ysmd/jskx/201512/t20151224_4502691.html,,,,,,待单人精确检索,,,,Yimin Xuan | 南京航空航天大学 | 技术科学部 | English journal DOI
ACAD00572,封东来,Donglai Feng,CAS,2021,数学物理学部,中国科学技术大学,https://casad.cas.cn/ysxx2022/ysmd/sxwl/202201/t20220111_4821726.html,,,,,,待单人精确检索,,,,Donglai Feng | 中国科学技术大学 | 数学物理学部 | English journal DOI
ACAD00574,尚永丰,Yongfeng Shang,CAS,2009,生命科学和医学学部,北京大学,https://casad.cas.cn/ysxx2022/ysmd/smkx/200912/t20091203_2681368.html,,,,,,待单人精确检索,,,,Yongfeng Shang | 北京大学 | 生命科学和医学学部 | English journal DOI
ACAD00579,尹文英,Wenying Yin,CAS,1991,生命科学和医学学部,中国科学院上海昆虫研究所,https://casad.cas.cn/ysxx2022/ygys/200906/t20090624_1803059.html,,,,,,待单人精确检索,,,,Wenying Yin | 中国科学院上海昆虫研究所 | 生命科学和医学学部 | English journal DOI
ACAD00581,尹浩,Hao Yin,CAS,2013,信息技术科学部,中国人民解放军总参谋部第六十一研究所,https://casad.cas.cn/ysxx2022/ysmd/xxjs/201312/t20131219_4002034.html,,,,,,待单人精确检索,,,,Hao Yin | 中国人民解放军总参谋部第六十一研究所 | 信息技术科学部 | English journal DOI
ACAD00587,屠守锷,Shoue Tu,CAS,1991,技术科学部,航空航天部,https://casad.cas.cn/ysxx2022/ygys/200906/t20090624_1808251.html,,,,,,待单人精确检索,,,,Shoue Tu | 航空航天部 | 技术科学部 | English journal DOI
ACAD00592,岳建民,Jianmin Yue,CAS,2017,化学部,中国科学院上海药物研究所,https://casad.cas.cn/ysxx2022/ysmd/hxb/201711/t20171129_4625057.html,,,,,,待单人精确检索,,,,Jianmin Yue | 中国科学院上海药物研究所 | 化学部 | English journal DOI
ACAD00595,崔向群,Xiangqun Cui,CAS,2009,数学物理学部,中国科学院国家天文台南京天文光学技术所,https://casad.cas.cn/ysxx2022/ysmd/sxwl/200912/t20091203_2681357.html,,,,,,待单人精确检索,,,,Xiangqun Cui | 中国科学院国家天文台南京天文光学技术所 | 数学物理学部 | English journal DOI
ACAD00600,崔铁军,Tiejun Cui,CAS,2019,信息技术科学部,东南大学,https://casad.cas.cn/ysxx2022/ysmd/xxjs/201911/t20191121_4724695.html,10.1002/adom.201700624,"Concepts, Working Principles, and Applications of Coding and Programmable Metamaterials",Advanced Optical Materials,2017,A,已核验/已有 DOI,,,,Tiejun Cui | 东南大学 | 信息技术科学部 | English journal DOI
ACAD00601,崔鹏,Peng Cui,CAS,2013,地学部,中国科学院水利部成都山地灾害与环境研究所,https://casad.cas.cn/ysxx2022/ysmd/dxb/201312/t20131219_4002020.html,10.1142/S1793431111001194,Surge Generation in Reservoirs by Landslides Triggered by the Wenchuan Earthquake,Journal of Earthquake and Tsunami,2011,A,已核验/已有 DOI,,,,Peng Cui | 中国科学院水利部成都山地灾害与环境研究所 | 地学部 | English journal DOI
ACAD00602,巢纪平,Jiping Chao,CAS,1995,地学部,国家海洋环境预报中心,https://casad.cas.cn/ysxx2022/ysmd/dxb/200906/t20090624_1804504.html,,,,,,待单人精确检索,,,,Jiping Chao | 国家海洋环境预报中心 | 地学部 | English journal DOI
ACAD00606,席南华,Nanhua Xi,CAS,2009,数学物理学部,中国科学院数学与系统科学研究院,https://casad.cas.cn/ysxx2022/ysmd/sxwl/200912/t20091203_2681356.html,,,,,,待单人精确检索,,,,Nanhua Xi | 中国科学院数学与系统科学研究院 | 数学物理学部 | English journal DOI
ACAD00608,席振峰,Zhenfeng Xi,CAS,2015,化学部,北京大学,https://casad.cas.cn/ysxx2022/ysmd/hxb/201512/t20151224_4502124.html,10.1021/om701002k,"Isolation and Synthetic Applications of 2,5-Bis(alkynylsilyl) Zirconacyclopentadienes",Organometallics,2007,A,已核验/已有 DOI,,,,Zhenfeng Xi | 北京大学 | 化学部 | English journal DOI
ACAD00611,常凯,Kai Chang,CAS,2019,数学物理学部,中国科学院半导体研究所,https://casad.cas.cn/ysxx2022/ysmd/sxwl/201911/t20191121_4724647.html,,,,,,待单人精确检索,,,,Kai Chang | 中国科学院半导体研究所 | 数学物理学部 | English journal DOI
ACAD00612,常印佛,Yinfu Chang,CAE; CAS,1991,CAS: 地学部 | CAE: 能源与矿业工程学部,安徽省地质矿产局,https://casad.cas.cn/ysxx2022/ygys/200906/t20090624_1804507.html,,,,,,待单人精确检索,,,,Yinfu Chang | 安徽省地质矿产局 | CAS: 地学部 | CAE: 能源与矿业工程学部 | English journal DOI
ACAD00613,常文瑞,Wenrui Chang,CAS,2005,生命科学和医学学部,中国科学院生物物理研究所,https://casad.cas.cn/ysxx2022/ysmd/smkx/200906/t20090624_1803361.html,,,,,,待单人精确检索,,,,Wenrui Chang | 中国科学院生物物理研究所 | 生命科学和医学学部 | English journal DOI
ACAD00614,常进,Jin Chang,CAS,2019,数学物理学部,中国科学院紫金山天文台,https://casad.cas.cn/ysxx2022/ysmd/sxwl/201911/t20191121_4724646.html,10.1103/PhysRevD.84.103510,Very old isolated compact objects as dark matter probes,Physical Review D,2011,A,已核验/已有 DOI,,,,Jin Chang | 中国科学院紫金山天文台 | 数学物理学部 | English journal DOI
ACAD00615,常青,Qing Chang,CAS,2015,技术科学部,同济大学,https://casad.cas.cn/ysxx2022/ysmd/jskx/201512/t20151224_4502695.html,,,,,,待单人精确检索,,,,Qing Chang | 同济大学 | 技术科学部 | English journal DOI
ACAD00617,庄巧生,Qiaosheng Zhuang,CAS,1991,生命科学和医学学部,中国农业科学院作物育种栽培研究所,https://casad.cas.cn/ysxx2022/ygys/200906/t20090624_1803000.html,,,,,,待单人精确检索,,,,Qiaosheng Zhuang | 中国农业科学院作物育种栽培研究所 | 生命科学和医学学部 | English journal DOI
ACAD00619,庄文颖,Wenying Zhuang,CAS,2009,生命科学和医学学部,中国科学院微生物所,https://casad.cas.cn/ysxx2022/ysmd/smkx/200912/t20091203_2681367.html,,,,,,待单人精确检索,,,,Wenying Zhuang | 中国科学院微生物所 | 生命科学和医学学部 | English journal DOI
ACAD00622,庄逢辰,Fengchen Zhuang,CAS,2001,技术科学部,中国人民解放军战略支援部队航天工程大学,https://casad.cas.cn/ysxx2022/ysmd/jskx/200906/t20090624_1808106.html,,,,,,待单人精确检索,,,,Fengchen Zhuang | 中国人民解放军战略支援部队航天工程大学 | 技术科学部 | English journal DOI
ACAD00625,底青云,Qingyun Di,CAS,2021,地学部,中国科学院地质与地球物理研究所,https://casad.cas.cn/ysxx2022/ysmd/dxb/202201/t20220111_4821770.html,,,,,,待单人精确检索,,,,Qingyun Di | 中国科学院地质与地球物理研究所 | 地学部 | English journal DOI
ACAD00628,康乐,Le Kang,CAS,2011,生命科学和医学学部,中国科学院动物所,https://casad.cas.cn/ysxx2022/ysmd/smkx/201112/t20111213_3412373.html,,,,,,待单人精确检索,,,,Le Kang | 中国科学院动物所 | 生命科学和医学学部 | English journal DOI
ACAD00638,张东辉,Donghui Zhang,CAS,2017,化学部,中国科学院大连化学物理研究所,https://casad.cas.cn/ysxx2022/ysmd/hxb/201711/t20171129_4625058.html,,,,,,待单人精确检索,,,,Donghui Zhang | 中国科学院大连化学物理研究所 | 化学部 | English journal DOI
ACAD00640,张乾二,Qianer Zhang,CAS,1991,化学部,厦门大学,https://casad.cas.cn/ysxx2022/ygys/200906/t20090624_1802049.html,,,,,,待单人精确检索,,,,Qianer Zhang | 厦门大学 | 化学部 | English journal DOI
ACAD00641,张亚平,Yaping Zhang,CAS,2003,生命科学和医学学部,中国科学院昆明动物研究所,https://casad.cas.cn/ysxx2022/ysmd/smkx/200906/t20090624_1803034.html,,,,,,待单人精确检索,,,,Yaping Zhang | 中国科学院昆明动物研究所 | 生命科学和医学学部 | English journal DOI
ACAD00642,张人禾,Renhe Zhang,CAS,2015,地学部,中国气象科学研究院,https://casad.cas.cn/ysxx2022/ysmd/dxb/201512/t20151224_4502643.html,,,,,,待单人精确检索,,,,Renhe Zhang | 中国气象科学研究院 | 地学部 | English journal DOI
ACAD00643,张仁和,Renhe Zhang,CAS,1991,数学物理学部,中国科学院声学研究所,https://casad.cas.cn/ysxx2022/ysmd/sxwl/200906/t20090624_1791968.html,,,,,,待单人精确检索,,,,Renhe Zhang | 中国科学院声学研究所 | 数学物理学部 | English journal DOI
ACAD00644,张伟平,Weiping Zhang,CAS,2007,数学物理学部,南开大学,https://casad.cas.cn/ysxx2022/ysmd/sxwl/200906/t20090624_1791966.html,,,,,,待单人精确检索,,,,Weiping Zhang | 南开大学 | 数学物理学部 | English journal DOI
ACAD00646,张佑启,Youqi Zhang,CAS,1999,技术科学部,香港大学,https://casad.cas.cn/ysxx2022/ygys/200906/t20090624_1808152.html,,,,,,待单人精确检索,,,,Youqi Zhang | 香港大学 | 技术科学部 | English journal DOI
ACAD00648,张俐娜,Lina Zhang,CAS,2011,化学部,武汉大学,https://casad.cas.cn/ysxx2022/ygys/201112/t20111213_3412363.html,,,,,,待单人精确检索,,,,Lina Zhang | 武汉大学 | 化学部 | English journal DOI
ACAD00653,张克勤,Keqin Zhang,CAS,2021,生命科学和医学学部,云南大学,https://casad.cas.cn/ysxx2022/ysmd/smkx/202201/t20220111_4821767.html,,,,,,待单人精确检索,,,,Keqin Zhang | 云南大学 | 生命科学和医学学部 | English journal DOI
ACAD00656,张兴钤,Xingqian Zhang,CAS,1991,技术科学部,中国核工业总公司,https://casad.cas.cn/ysxx2022/ygys/200906/t20090624_1808155.html,,,,,,待单人精确检索,,,,Xingqian Zhang | 中国核工业总公司 | 技术科学部 | English journal DOI
ACAD00659,张卫红,Weihong Zhang,CAS,2021,技术科学部,西北工业大学,https://casad.cas.cn/ysxx2022/ysmd/jskx/202201/t20220111_4821808.html,,,,,,待单人精确检索,,,,Weihong Zhang | 西北工业大学 | 技术科学部 | English journal DOI
ACAD00660,张友尚,Youshang Zhang,CAS,2001,生命科学和医学学部,中国科学院上海生物化学与细胞生物学研究所,https://casad.cas.cn/ysxx2022/ygys/200906/t20090624_1803028.html,,,,,,待单人精确检索,,,,Youshang Zhang | 中国科学院上海生物化学与细胞生物学研究所 | 生命科学和医学学部 | English journal DOI
ACAD00662,张启发,Qifa Zhang,CAS,1999,生命科学和医学学部,华中农业大学,https://casad.cas.cn/ysxx2022/ysmd/smkx/200906/t20090624_1803041.html,,,,,,待单人精确检索,,,,Qifa Zhang | 华中农业大学 | 生命科学和医学学部 | English journal DOI
ACAD00664,张嗣瀛,Siying Zhang,CAS,1997,技术科学部,东北大学,https://casad.cas.cn/ysxx2022/ygys/200906/t20090624_1807691.html,,,,,,待单人精确检索,,,,Siying Zhang | 东北大学 | 技术科学部 | English journal DOI
ACAD00665,张国伟,Guowei Zhang,CAS,1999,地学部,西北大学,https://casad.cas.cn/ysxx2022/ysmd/dxb/200906/t20090624_1804156.html,,,,,,待单人精确检索,,,,Guowei Zhang | 西北大学 | 地学部 | English journal DOI
ACAD00668,张培震,Peizhen Zhang,CAS,2013,地学部,中国地震局地质研究所,https://casad.cas.cn/ysxx2022/ysmd/dxb/201312/t20131219_4002025.html,,,,,,待单人精确检索,,,,Peizhen Zhang | 中国地震局地质研究所 | 地学部 | English journal DOI
ACAD00672,张学敏,Xuemin Zhang,CAS,2011,生命科学和医学学部,军事医学科学院,https://casad.cas.cn/ysxx2022/ysmd/smkx/201112/t20111213_3412377.html,,,,,,待单人精确检索,,,,Xuemin Zhang | 军事医学科学院 | 生命科学和医学学部 | English journal DOI
ACAD00675,张宏福,Hongfu Zhang,CAS,2017,地学部,西北大学,https://casad.cas.cn/ysxx2022/ysmd/dxb/201711/t20171129_4625077.html,,,,,,待单人精确检索,,,,Hongfu Zhang | 西北大学 | 地学部 | English journal DOI
ACAD00678,张宗烨,Zongye Zhang,CAS,1999,数学物理学部,中国科学院高能物理研究所,https://casad.cas.cn/ysxx2022/ysmd/sxwl/200906/t20090624_1791964.html,,,,,,待单人精确检索,,,,Zongye Zhang | 中国科学院高能物理研究所 | 数学物理学部 | English journal DOI
ACAD00681,张家铝,Jialu Zhang,CAS,2005,数学物理学部,中国科学技术大学,https://casad.cas.cn/ysxx2022/ygys/200906/t20090624_1791970.html,,,,,,待单人精确检索,,,,Jialu Zhang | 中国科学技术大学 | 数学物理学部 | English journal DOI
ACAD00686,张希,Xi Zhang,CAS,2007,化学部,清华大学,https://casad.cas.cn/ysxx2022/ysmd/hxb/200906/t20090624_1802046.html,,,,,,待单人精确检索,,,,Xi Zhang | 清华大学 | 化学部 | English journal DOI
ACAD00688,张平,Ping Zhang,CAS,2021,数学物理学部,中国科学院数学与系统科学研究院,https://casad.cas.cn/ysxx2022/ysmd/sxwl/202201/t20220111_4821740.html,,,,,,待单人精确检索,,,,Ping Zhang | 中国科学院数学与系统科学研究院 | 数学物理学部 | English journal DOI
ACAD00689,张平文,Pingwen Zhang,CAS,2015,数学物理学部,北京大学,https://casad.cas.cn/ysxx2022/ysmd/sxwl/201512/t20151224_4502104.html,,,,,,待单人精确检索,,,,Pingwen Zhang | 北京大学 | 数学物理学部 | English journal DOI
ACAD00695,张弥曼,Miman Zhang,CAS,1991,地学部,中国科学院古脊椎动物与古人类研究所,https://casad.cas.cn/ysxx2022/ysmd/dxb/200906/t20090624_1804149.html,,,,,,待单人精确检索,,,,Miman Zhang | 中国科学院古脊椎动物与古人类研究所 | 地学部 | English journal DOI
ACAD00698,张彭熹,Pengxi Zhang,CAS,1997,地学部,中国科学院青海盐湖研究所,https://casad.cas.cn/ysxx2022/ygys/200906/t20090624_1804145.html,,,,,,待单人精确检索,,,,Pengxi Zhang | 中国科学院青海盐湖研究所 | 地学部 | English journal DOI
ACAD00701,张恭庆,Gongqing Zhang,CAS,1991,数学物理学部,北京大学,https://casad.cas.cn/ysxx2022/ysmd/sxwl/200906/t20090624_1791973.html,,,,,,待单人精确检索,,,,Gongqing Zhang | 北京大学 | 数学物理学部 | English journal DOI
ACAD00704,张效祥,Xiaoxiang Zhang,CAS,1991,技术科学部,总参58所,https://casad.cas.cn/ysxx2022/ygys/200906/t20090624_1807688.html,,,,,,待单人精确检索,,,,Xiaoxiang Zhang | 总参58所 | 技术科学部 | English journal DOI
ACAD00707,张新时,Xinshi Zhang,CAS,1991,生命科学和医学学部,中国科学院植物研究所,https://casad.cas.cn/ysxx2022/ygys/200906/t20090624_1803036.html,,,,,,待单人精确检索,,,,Xinshi Zhang | 中国科学院植物研究所 | 生命科学和医学学部 | English journal DOI
ACAD00708,张旭,Xu Zhang,CAS,2015,生命科学和医学学部,中国科学院上海生命科学研究院,https://casad.cas.cn/ysxx2022/ysmd/smkx/201512/t20151224_4502216.html,,,,,,待单人精确检索,,,,Xu Zhang | 中国科学院上海生命科学研究院 | 生命科学和医学学部 | English journal DOI
ACAD00709,张旭,Xu Zhang,CAS,2021,生命科学和医学学部,中国人民解放军总医院,https://casad.cas.cn/ysxx2022/ysmd/smkx/202201/t20220111_4821768.html,,,,,,待单人精确检索,,,,Xu Zhang | 中国人民解放军总医院 | 生命科学和医学学部 | English journal DOI
ACAD00710,张明杰,Mingjie Zhang,CAS,2011,生命科学和医学学部,香港科技大学,https://casad.cas.cn/ysxx2022/ysmd/smkx/201112/t20111213_3412376.html,,,,,,待单人精确检索,,,,Mingjie Zhang | 香港科技大学 | 生命科学和医学学部 | English journal DOI
ACAD00712,张春霆,Chunting Zhang,CAS,1995,生命科学和医学学部,天津大学,https://casad.cas.cn/ysxx2022/ysmd/smkx/200906/t20090624_1803047.html,,,,,,待单人精确检索,,,,Chunting Zhang | 天津大学 | 生命科学和医学学部 | English journal DOI
ACAD00713,张景中,Jingzhong Zhang,CAS,1995,信息技术科学部,中国科学院成都计算机应用研究所,https://casad.cas.cn/ysxx2022/ysmd/xxjs/200906/t20090624_1807694.html,,,,,,待单人精确检索,,,,Jingzhong Zhang | 中国科学院成都计算机应用研究所 | 信息技术科学部 | English journal DOI
ACAD00714,张本仁,Benren Zhang,CAS,1999,地学部,中国地质大学（武汉）,https://casad.cas.cn/ysxx2022/ygys/200906/t20090624_1804159.html,,,,,,待单人精确检索,,,,Benren Zhang | 中国地质大学（武汉） | 地学部 | English journal DOI
ACAD00717,张杰,Jie Zhang,CAS,2003,数学物理学部,中国科学院物理研究所,https://casad.cas.cn/ysxx2022/ysmd/sxwl/200906/t20090624_1791969.html,,,,,,待单人精确检索,,,,Jie Zhang | 中国科学院物理研究所 | 数学物理学部 | English journal DOI
ACAD00718,张树政,Shuzheng Zhang,CAS,1991,生命科学和医学学部,中国科学院微生物研究所,https://casad.cas.cn/ysxx2022/ygys/200906/t20090624_1803039.html,,,,,,待单人精确检索,,,,Shuzheng Zhang | 中国科学院微生物研究所 | 生命科学和医学学部 | English journal DOI
ACAD00719,张楚汉,Chuhan Zhang,CAS,2001,技术科学部,清华大学,https://casad.cas.cn/ysxx2022/ysmd/jskx/200906/t20090624_1808160.html,,,,,,待单人精确检索,,,,Chuhan Zhang | 清华大学 | 技术科学部 | English journal DOI
ACAD00720,张殿琳,Dianlin Zhang,CAS,2001,数学物理学部,中国科学院物理研究所,https://casad.cas.cn/ysxx2022/ysmd/sxwl/200906/t20090624_1791974.html,,,,,,待单人精确检索,,,,Dianlin Zhang | 中国科学院物理研究所 | 数学物理学部 | English journal DOI
ACAD00722,张永莲,Yonglian Zhang,CAS,2001,生命科学和医学学部,中国科学院上海生物化学与细胞生物学研究所,https://casad.cas.cn/ysxx2022/ysmd/smkx/200906/t20090624_1803031.html,,,,,,待单人精确检索,,,,Yonglian Zhang | 中国科学院上海生物化学与细胞生物学研究所 | 生命科学和医学学部 | English journal DOI
ACAD00723,张泽,Ze Zhang,CAS,2001,技术科学部,中国科学院物理研究所,https://casad.cas.cn/ysxx2022/ysmd/jskx/200906/t20090624_1808150.html,,,,,,待单人精确检索,,,,Ze Zhang | 中国科学院物理研究所 | 技术科学部 | English journal DOI
ACAD00725,张洪杰,Hongjie Zhang,CAS,2013,化学部,中国科学院长春应用化学研究所,https://casad.cas.cn/ysxx2022/ysmd/hxb/201312/t20131219_4001996.html,,,,,,待单人精确检索,,,,Hongjie Zhang | 中国科学院长春应用化学研究所 | 化学部 | English journal DOI
ACAD00728,张涛,Tao Zhang,CAS,2013,化学部,中国科学院大连化学物理研究所,https://casad.cas.cn/ysxx2022/ysmd/hxb/201312/t20131219_4001995.html,,,,,,待单人精确检索,,,,Tao Zhang | 中国科学院大连化学物理研究所 | 化学部 | English journal DOI
ACAD00730,张涵信,Hanxin Zhang,CAS,1991,数学物理学部,中国空气动力学研究与发展中心,https://casad.cas.cn/ysxx2022/ygys/200906/t20090624_1791972.html,,,,,,待单人精确检索,,,,Hanxin Zhang | 中国空气动力学研究与发展中心 | 数学物理学部 | English journal DOI
ACAD00731,张淑仪,Shuyi Zhang,CAS,1991,数学物理学部,南京大学,https://casad.cas.cn/ysxx2022/ysmd/sxwl/200906/t20090624_1791967.html,,,,,,待单人精确检索,,,,Shuyi Zhang | 南京大学 | 数学物理学部 | English journal DOI
ACAD00732,张清杰,Qingjie Zhang,CAS,2017,技术科学部,武汉理工大学,https://casad.cas.cn/ysxx2022/ysmd/jskx/201711/t20171129_4625107.html,,,,,,待单人精确检索,,,,Qingjie Zhang | 武汉理工大学 | 技术科学部 | English journal DOI
ACAD00735,张焕乔,Huanqiao Zhang,CAS,1997,数学物理学部,中国原子能科学研究院,https://casad.cas.cn/ysxx2022/ysmd/sxwl/200906/t20090624_1791971.html,,,,,,待单人精确检索,,,,Huanqiao Zhang | 中国原子能科学研究院 | 数学物理学部 | English journal DOI
ACAD00738,张玉奎,Yukui Zhang,CAS,2003,化学部,中国科学院大连化学物理研究所,https://casad.cas.cn/ysxx2022/ysmd/hxb/200906/t20090624_1802043.html,,,,,,待单人精确检索,,,,Yukui Zhang | 中国科学院大连化学物理研究所 | 化学部 | English journal DOI
ACAD00741,张礼和,Lihe Zhang,CAS,1995,化学部,北京大学,https://casad.cas.cn/ysxx2022/ysmd/hxb/200906/t20090624_1802055.html,,,,,,待单人精确检索,,,,Lihe Zhang | 北京大学 | 化学部 | English journal DOI
ACAD00750,张经,Jing Zhang,CAS,2007,地学部,华东师范大学,https://casad.cas.cn/ysxx2022/ysmd/dxb/200906/t20090624_1804152.html,,,,,,待单人精确检索,,,,Jing Zhang | 华东师范大学 | 地学部 | English journal DOI
ACAD00751,张统一,Tongyi Zhang,CAS,2011,技术科学部,香港科技大学,https://casad.cas.cn/ysxx2022/ysmd/jskx/201112/t20111213_3412402.html,,,,,,待单人精确检索,,,,Tongyi Zhang | 香港科技大学 | 技术科学部 | English journal DOI
ACAD00752,张继平,Jiping Zhang,CAS,2019,数学物理学部,北京大学,https://casad.cas.cn/ysxx2022/ysmd/sxwl/201911/t20191121_4724655.html,,,,,,待单人精确检索,,,,Jiping Zhang | 北京大学 | 数学物理学部 | English journal DOI
ACAD00754,张维岩,Weiyan Zhang,CAS,2011,数学物理学部,中国工程物理院,https://casad.cas.cn/ysxx2022/ysmd/sxwl/201112/t20111213_3412292.html,,,,,,待单人精确检索,,,,Weiyan Zhang | 中国工程物理院 | 数学物理学部 | English journal DOI
ACAD00757,张肇西,Zhaoxi Zhang,CAS,2011,数学物理学部,中国科学院理论物理所,https://casad.cas.cn/ysxx2022/ysmd/sxwl/201112/t20111213_3412357.html,,,,,,待单人精确检索,,,,Zhaoxi Zhang | 中国科学院理论物理所 | 数学物理学部 | English journal DOI
ACAD00763,张裕恒,Yuheng Zhang,CAS,2005,数学物理学部,中国科学技术大学,https://casad.cas.cn/ysxx2022/ysmd/sxwl/200906/t20090624_1791965.html,,,,,,待单人精确检索,,,,Yuheng Zhang | 中国科学技术大学 | 数学物理学部 | English journal DOI
ACAD00766,张跃,Yue Zhang,CAS,2019,技术科学部,北京科技大学,https://casad.cas.cn/ysxx2022/ysmd/jskx/201911/t20191121_4724711.html,,,,,,待单人精确检索,,,,Yue Zhang | 北京科技大学 | 技术科学部 | English journal DOI
ACAD00772,张钹,Bo Zhang,CAS,1995,信息技术科学部,清华大学,https://casad.cas.cn/ysxx2022/ysmd/xxjs/200906/t20090624_1807697.html,,,,,,待单人精确检索,,,,Bo Zhang | 清华大学 | 信息技术科学部 | English journal DOI
ACAD00774,张锁江,Suojiang Zhang,CAS,2015,化学部,中国科学院过程工程研究所,https://casad.cas.cn/ysxx2022/ysmd/hxb/201512/t20151224_4502122.html,,,,,,待单人精确检索,,,,Suojiang Zhang | 中国科学院过程工程研究所 | 化学部 | English journal DOI
ACAD00776,张锦,Jin Zhang,CAS,2019,化学部,北京大学,https://casad.cas.cn/ysxx2022/ysmd/hxb/201911/t20191121_4724673.html,,,,,,待单人精确检索,,,,Jin Zhang | 北京大学 | 化学部 | English journal DOI
ACAD00780,强伯勤,Boqin Qiang,CAS,1991,生命科学和医学学部,北京协和医学院,https://casad.cas.cn/ysxx2022/ysmd/smkx/200906/t20090624_1803216.html,,,,,,待单人精确检索,,,,Boqin Qiang | 北京协和医学院 | 生命科学和医学学部 | English journal DOI
ACAD00781,彭一刚,Yigang Peng,CAS,1995,技术科学部,天津大学,https://casad.cas.cn/ysxx2022/ygys/200906/t20090624_1808284.html,,,,,,待单人精确检索,,,,Yigang Peng | 天津大学 | 技术科学部 | English journal DOI
ACAD00784,彭堃墀,Kunchi Peng,CAS,2003,信息技术科学部,山西大学,https://casad.cas.cn/ysxx2022/ysmd/xxjs/200906/t20090624_1807759.html,,,,,,待单人精确检索,,,,Kunchi Peng | 山西大学 | 信息技术科学部 | English journal DOI
ACAD00786,彭孝军,Xiaojun Peng,CAS,2017,化学部,大连理工大学,https://casad.cas.cn/ysxx2022/ysmd/hxb/201711/t20171129_4625052.html,,,,,,待单人精确检索,,,,Xiaojun Peng | 大连理工大学 | 化学部 | English journal DOI
ACAD00787,彭实戈,Shige Peng,CAS,2005,数学物理学部,山东大学,https://casad.cas.cn/ysxx2022/ysmd/sxwl/200906/t20090624_1792026.html,,,,,,待单人精确检索,,,,Shige Peng | 山东大学 | 数学物理学部 | English journal DOI
ACAD00789,彭平安,Pingan Peng,CAS,2013,地学部,中国科学院广州地球化学研究所,https://casad.cas.cn/ysxx2022/ysmd/dxb/201312/t20131219_4002019.html,,,,,,待单人精确检索,,,,Pingan Peng | 中国科学院广州地球化学研究所 | 地学部 | English journal DOI
ACAD00790,彭建兵,Jianbing Peng,CAS,2019,地学部,长安大学,https://casad.cas.cn/ysxx2022/ysmd/dxb/201911/t20191121_4724687.html,,,,,,待单人精确检索,,,,Jianbing Peng | 长安大学 | 地学部 | English journal DOI
ACAD00793,彭练矛,Lianmao Peng,CAS,2019,技术科学部,北京大学,https://casad.cas.cn/ysxx2022/ysmd/jskx/201911/t20191121_4724707.html,,,,,,待单人精确检索,,,,Lianmao Peng | 北京大学 | 技术科学部 | English journal DOI
ACAD00796,徐世浙,Shizhe Xu,CAS,2001,地学部,浙江大学,https://casad.cas.cn/ysxx2022/ygys/200906/t20090624_1804230.html,,,,,,待单人精确检索,,,,Shizhe Xu | 浙江大学 | 地学部 | English journal DOI
ACAD00797,徐世烺,Shilang Xu,CAS,2021,技术科学部,浙江大学,https://casad.cas.cn/ysxx2022/ysmd/jskx/202201/t20220111_4821807.html,,,,,,待单人精确检索,,,,Shilang Xu | 浙江大学 | 技术科学部 | English journal DOI
ACAD00798,徐义刚,Yigang Xu,CAS,2017,地学部,中国科学院广州地球化学研究所,https://casad.cas.cn/ysxx2022/ysmd/dxb/201711/t20171129_4625082.html,,,,,,待单人精确检索,,,,Yigang Xu | 中国科学院广州地球化学研究所 | 地学部 | English journal DOI
ACAD00800,徐僖,Xi Xu,CAS,1991,化学部,四川大学,https://casad.cas.cn/ysxx2022/ygys/200906/t20090624_1802094.html,,,,,,待单人精确检索,,,,Xi Xu | 四川大学 | 化学部 | English journal DOI
ACAD00803,徐冠华,Guanhua Xu,CAS,1991,地学部,中国林业科学研究院,https://casad.cas.cn/ysxx2022/ysmd/dxb/200906/t20090624_1804234.html,,,,,,待单人精确检索,,,,Guanhua Xu | 中国林业科学研究院 | 地学部 | English journal DOI
ACAD00807,徐国良,Guoliang Xu,CAS,2015,生命科学和医学学部,中国科学院上海生命科学研究院,https://casad.cas.cn/ysxx2022/ysmd/smkx/201512/t20151224_4502238.html,,,,,,待单人精确检索,,,,Guoliang Xu | 中国科学院上海生命科学研究院 | 生命科学和医学学部 | English journal DOI
ACAD00810,徐如人,Ruren Xu,CAS,1991,化学部,吉林大学,https://casad.cas.cn/ysxx2022/ysmd/hxb/200906/t20090624_1802097.html,,,,,,待单人精确检索,,,,Ruren Xu | 吉林大学 | 化学部 | English journal DOI
ACAD00811,徐宗本,Zongben Xu,CAS,2011,信息技术科学部,西安交通大学,https://casad.cas.cn/ysxx2022/ysmd/xxjs/201112/t20111213_3412394.html,,,,,,待单人精确检索,,,,Zongben Xu | 西安交通大学 | 信息技术科学部 | English journal DOI
ACAD00814,徐建中,Jianzhong Xu,CAS,1995,技术科学部,中国科学院工程热物理研究所,https://casad.cas.cn/ysxx2022/ysmd/jskx/200906/t20090624_1808197.html,,,,,,待单人精确检索,,,,Jianzhong Xu | 中国科学院工程热物理研究所 | 技术科学部 | English journal DOI
ACAD00819,徐性初,Xingchu Xu,CAS,1993,技术科学部,机械工业部北京机床研究所,https://casad.cas.cn/ysxx2022/ygys/200906/t20090624_1808195.html,,,,,,待单人精确检索,,,,Xingchu Xu | 机械工业部北京机床研究所 | 技术科学部 | English journal DOI
ACAD00826,徐春明,Chunming Xu,CAS,2019,化学部,中国石油大学（北京）,https://casad.cas.cn/ysxx2022/ysmd/hxb/201911/t20191121_4724663.html,,,,,,待单人精确检索,,,,Chunming Xu | 中国石油大学（北京） | 化学部 | English journal DOI
ACAD00827,徐晓白,Xiaobai Xu,CAS,1995,化学部,中国科学院生态环境研究中心,https://casad.cas.cn/ysxx2022/ygys/200906/t20090624_1802091.html,,,,,,待单人精确检索,,,,Xiaobai Xu | 中国科学院生态环境研究中心 | 化学部 | English journal DOI
ACAD00830,徐涛,Tao Xu,CAS,2017,生命科学和医学学部,中国科学院生物物理研究所,https://casad.cas.cn/ysxx2022/ysmd/smkx/201711/t20171129_4625072.html,,,,,,待单人精确检索,,,,Tao Xu | 中国科学院生物物理研究所 | 生命科学和医学学部 | English journal DOI
ACAD00834,徐祖耀,Zuyao Xu,CAS,1995,技术科学部,上海交通大学,https://casad.cas.cn/ysxx2022/ygys/200906/t20090624_1808193.html,,,,,,待单人精确检索,,,,Zuyao Xu | 上海交通大学 | 技术科学部 | English journal DOI
ACAD00838,徐红星,Hongxing Xu,CAS,2017,数学物理学部,武汉大学,https://casad.cas.cn/ysxx2022/ysmd/sxwl/202003/t20200302_4736217.html,,,,,,待单人精确检索,,,,Hongxing Xu | 武汉大学 | 数学物理学部 | English journal DOI
ACAD00839,徐至展,Zhizhan Xu,CAS,1991,数学物理学部,中国科学院上海光学精密机械研究所,https://casad.cas.cn/ysxx2022/ysmd/sxwl/200906/t20090624_1791987.html,,,,,,待单人精确检索,,,,Zhizhan Xu | 中国科学院上海光学精密机械研究所 | 数学物理学部 | English journal DOI
ACAD00843,怀进鹏,Jinpeng Huai,CAS,2009,信息技术科学部,北京航空航天大学,https://casad.cas.cn/ysxx2022/ysmd/xxjs/200912/t20091203_2681394.html,,,,,,待单人精确检索,,,,Jinpeng Huai | 北京航空航天大学 | 信息技术科学部 | English journal DOI
ACAD00844,戎嘉余,Jiayu Rong,CAS,1997,地学部,中国科学院南京地质古生物研究所,https://casad.cas.cn/ysxx2022/ysmd/dxb/200906/t20090624_1804328.html,,,,,,待单人精确检索,,,,Jiayu Rong | 中国科学院南京地质古生物研究所 | 地学部 | English journal DOI
ACAD00845,成会明,Huiming Cheng,CAS,2013,技术科学部,中国科学院金属研究所,https://casad.cas.cn/ysxx2022/ysmd/jskx/201312/t20131219_4646129.html,,,,,,待单人精确检索,,,,Huiming Cheng | 中国科学院金属研究所 | 技术科学部 | English journal DOI
ACAD00846,成秋明,Qiuming Cheng,CAS,2019,地学部,中国地质大学（北京）,https://casad.cas.cn/ysxx2022/ysmd/dxb/201911/t20191121_4724684.html,,,,,,待单人精确检索,,,,Qiuming Cheng | 中国地质大学（北京） | 地学部 | English journal DOI
ACAD00849,戚正武,Zhengwu Qi,CAS,1999,生命科学和医学学部,中国科学院上海生物化学研究所,https://casad.cas.cn/ysxx2022/ysmd/smkx/200906/t20090624_1803219.html,,,,,,待单人精确检索,,,,Zhengwu Qi | 中国科学院上海生物化学研究所 | 生命科学和医学学部 | English journal DOI
ACAD00856,戴民汉,Minhan Dai,CAS,2017,地学部,厦门大学,https://casad.cas.cn/ysxx2022/ysmd/dxb/201711/t20171129_4625085.html,,,,,,待单人精确检索,,,,Minhan Dai | 厦门大学 | 地学部 | English journal DOI
ACAD00857,戴永久,Yongjiu Dai,CAS,2019,地学部,中山大学,https://casad.cas.cn/ysxx2022/ysmd/dxb/201911/t20191121_4724685.html,,,,,,待单人精确检索,,,,Yongjiu Dai | 中山大学 | 地学部 | English journal DOI
ACAD00859,戴汝为,Ruwei Dai,CAS,1991,信息技术科学部,中国科学院自动化研究所,https://casad.cas.cn/ysxx2022/ygys/200906/t20090624_1807822.html,,,,,,待单人精确检索,,,,Ruwei Dai | 中国科学院自动化研究所 | 信息技术科学部 | English journal DOI
ACAD00862,戴立信,Lixin Dai,CAS,1993,化学部,中国科学院上海有机化学研究所,https://casad.cas.cn/ysxx2022/ygys/200906/t20090624_1802318.html,,,,,,待单人精确检索,,,,Lixin Dai | 中国科学院上海有机化学研究所 | 化学部 | English journal DOI
ACAD00863,戴金星,Jinxing Dai,CAS,1995,地学部,中国石油天然气总公司石油勘探开发科学研究院,https://casad.cas.cn/ysxx2022/ysmd/dxb/200906/t20090624_1804475.html,,,,,,待单人精确检索,,,,Jinxing Dai | 中国石油天然气总公司石油勘探开发科学研究院 | 地学部 | English journal DOI
ACAD00864,房喻,Fangyu,CAS,2021,化学部,陕西师范大学,https://casad.cas.cn/ysxx2022/ysmd/hxb/202201/t20220111_4821744.html,,,,,,待单人精确检索,,,,Fangyu | 陕西师范大学 | 化学部 | English journal DOI
ACAD00865,房建成,Cheng Fangjian,CAS,2015,信息技术科学部,北京航空航天大学,https://casad.cas.cn/ysxx2022/ysmd/xxjs/201512/t20151224_4502658.html,,,,,,待单人精确检索,,,,Cheng Fangjian | 北京航空航天大学 | 信息技术科学部 | English journal DOI
ACAD00867,支志明,Ming Zhizhi,CAS,1995,化学部,香港大学,https://casad.cas.cn/ysxx2022/ysmd/hxb/200906/t20090624_1802031.html,,,,,,待单人精确检索,,,,Ming Zhizhi | 香港大学 | 化学部 | English journal DOI
ACAD00869,文兰,Lan Wen,CAS,1999,数学物理学部,北京大学,https://casad.cas.cn/ysxx2022/ysmd/sxwl/200906/t20090624_1791996.html,,,,,,待单人精确检索,,,,Lan Wen | 北京大学 | 数学物理学部 | English journal DOI
ACAD00870,文圣常,Shengchang Wen,CAS,1993,地学部,中国海洋大学,https://casad.cas.cn/ysxx2022/ygys/200906/t20090624_1804256.html,,,,,,待单人精确检索,,,,Shengchang Wen | 中国海洋大学 | 地学部 | English journal DOI
ACAD00872,方复全,Quan Fangfu,CAS,2017,数学物理学部,首都师范大学,https://casad.cas.cn/ysxx2022/ysmd/sxwl/201711/t20171129_4625040.html,,,,,,待单人精确检索,,,,Quan Fangfu | 首都师范大学 | 数学物理学部 | English journal DOI
ACAD00873,方守贤,Xian Fangshou,CAS,1991,数学物理学部,中国科学院高能物理研究所,https://casad.cas.cn/ysxx2022/ygys/200906/t20090624_1792069.html,,,,,,待单人精确检索,,,,Xian Fangshou | 中国科学院高能物理研究所 | 数学物理学部 | English journal DOI
ACAD00876,方岱宁,Ning Fangdai,CAS,2013,技术科学部,北京大学,https://casad.cas.cn/ysxx2022/ygys/201312/t20131219_4002050.html,,,,,,待单人精确检索,,,,Ning Fangdai | 北京大学 | 技术科学部 | English journal DOI
ACAD00877,方忠,Fangzhong,CAS,2019,数学物理学部,中国科学院物理研究所,https://casad.cas.cn/ysxx2022/ysmd/sxwl/201911/t20191121_4724648.html,,,,,,待单人精确检索,,,,Fangzhong | 中国科学院物理研究所 | 数学物理学部 | English journal DOI
ACAD00878,方成,Fangcheng,CAS,1995,数学物理学部,南京大学,https://casad.cas.cn/ysxx2022/ysmd/sxwl/200906/t20090624_1792070.html,,,,,,待单人精确检索,,,,Fangcheng | 南京大学 | 数学物理学部 | English journal DOI
ACAD00882,方精云,Fangjingyun,CAS,2005,生命科学和医学学部,北京大学,https://casad.cas.cn/ysxx2022/ysmd/smkx/200906/t20090624_1803325.html,,,,,,待单人精确检索,,,,Fangjingyun | 北京大学 | 生命科学和医学学部 | English journal DOI
ACAD00883,方维海,Hai Fangwei,CAS,2013,化学部,北京师范大学,https://casad.cas.cn/ysxx2022/ysmd/hxb/201312/t20131219_4646083.html,,,,,,待单人精确检索,,,,Hai Fangwei | 北京师范大学 | 化学部 | English journal DOI
ACAD00885,方荣祥,Xiang Fangrong,CAS,2003,生命科学和医学学部,中国科学院微生物研究所,https://casad.cas.cn/ysxx2022/ysmd/smkx/200906/t20090624_1803322.html,,,,,,待单人精确检索,,,,Xiang Fangrong | 中国科学院微生物研究所 | 生命科学和医学学部 | English journal DOI
ACAD00886,於崇文,Wen Yuchong,CAS,1995,地学部,中国地质大学（北京）,https://casad.cas.cn/ysxx2022/ygys/200906/t20090624_1804178.html,,,,,,待单人精确检索,,,,Wen Yuchong | 中国地质大学（北京） | 地学部 | English journal DOI
ACAD00887,施一公,Gong Shiyi,CAS,2013,生命科学和医学学部,清华大学,https://casad.cas.cn/ysxx2022/ysmd/smkx/201312/t20131219_4002014.html,,,,,,待单人精确检索,,,,Gong Shiyi | 清华大学 | 生命科学和医学学部 | English journal DOI
ACAD00889,施剑林,Lin Shijian,CAS,2019,化学部,中国科学院上海硅酸盐研究所,https://casad.cas.cn/ysxx2022/ysmd/hxb/201911/t20191121_4724661.html,,,,,,待单人精确检索,,,,Lin Shijian | 中国科学院上海硅酸盐研究所 | 化学部 | English journal DOI
ACAD00890,施教耐,Nai Shijiao,CAS,1991,生命科学和医学学部,中国科学院上海植物生理研究所,https://casad.cas.cn/ysxx2022/ygys/200906/t20090624_1803195.html,,,,,,待单人精确检索,,,,Nai Shijiao | 中国科学院上海植物生理研究所 | 生命科学和医学学部 | English journal DOI
ACAD00892,施蕴渝,Yu Shiyun,CAS,1997,生命科学和医学学部,中国科学技术大学,https://casad.cas.cn/ysxx2022/ysmd/smkx/200906/t20090624_1803189.html,,,,,,待单人精确检索,,,,Yu Shiyun | 中国科学技术大学 | 生命科学和医学学部 | English journal DOI
ACAD00896,景益鹏,Peng Jingyi,CAS,2015,数学物理学部,上海交通大学,https://casad.cas.cn/ysxx2022/ysmd/sxwl/201512/t20151224_4502110.html,,,,,,待单人精确检索,,,,Peng Jingyi | 上海交通大学 | 数学物理学部 | English journal DOI
ACAD00900,曹文宣,Xuan Caowen,CAS,1997,生命科学和医学学部,中国科学院水生生物研究所,https://casad.cas.cn/ysxx2022/ysmd/smkx/200906/t20090624_1803364.html,,,,,,待单人精确检索,,,,Xuan Caowen | 中国科学院水生生物研究所 | 生命科学和医学学部 | English journal DOI
ACAD00901,曹春晓,Xiao Caochun,CAS,1997,技术科学部,中国航空工业总公司航空材料研究院,https://casad.cas.cn/ysxx2022/ygys/200906/t20090624_1808399.html,,,,,,待单人精确检索,,,,Xiao Caochun | 中国航空工业总公司航空材料研究院 | 技术科学部 | English journal DOI
ACAD00903,曹晓风,Feng Caoxiao,CAS,2015,生命科学和医学学部,中国科学院遗传与发育生物学研究所,https://casad.cas.cn/ysxx2022/ysmd/smkx/201512/t20151224_4502240.html,,,,,,待单人精确检索,,,,Feng Caoxiao | 中国科学院遗传与发育生物学研究所 | 生命科学和医学学部 | English journal DOI
ACAD00904,曹楚南,Nan Caochu,CAS,1991,技术科学部,中国科学院金属腐蚀与防护研究所,https://casad.cas.cn/ysxx2022/ygys/200906/t20090624_1808401.html,,,,,,待单人精确检索,,,,Nan Caochu | 中国科学院金属腐蚀与防护研究所 | 技术科学部 | English journal DOI
ACAD00909,曹镛,Caoyong,CAS,2001,化学部,华南理工大学,https://casad.cas.cn/ysxx2022/ysmd/hxb/200906/t20090624_1802360.html,,,,,,待单人精确检索,,,,Caoyong | 华南理工大学 | 化学部 | English journal DOI
ACAD00916,曾毅,Cengyi,CAS,1993,生命科学和医学学部,中国预防医学科学院病毒学研究所,https://casad.cas.cn/ysxx2022/ygys/200906/t20090624_1803052.html,,,,,,待单人精确检索,,,,Cengyi | 中国预防医学科学院病毒学研究所 | 生命科学和医学学部 | English journal DOI
ACAD00919,曾益新,Xin Cengyi,CAS,2005,生命科学和医学学部,中山大学,https://casad.cas.cn/ysxx2022/ysmd/smkx/200906/t20090624_1803054.html,,,,,,待单人精确检索,,,,Xin Cengyi | 中山大学 | 生命科学和医学学部 | English journal DOI
ACAD00921,朱中梁,Zhongliang Zhu,CAS,1999,信息技术科学部,西南电子电讯技术研究所,https://casad.cas.cn/ysxx2022/ysmd/xxjs/200906/t20090624_1807667.html,,,,,,待单人精确检索,,,,Zhongliang Zhu | 西南电子电讯技术研究所 | 信息技术科学部 | English journal DOI
ACAD00925,朱位秋,Weiqiu Zhu,CAS,2003,技术科学部,浙江大学,https://casad.cas.cn/ysxx2022/ysmd/jskx/200906/t20090624_1808111.html,,,,,,待单人精确检索,,,,Weiqiu Zhu | 浙江大学 | 技术科学部 | English journal DOI
ACAD00926,朱作言,Zuoyan Zhu,CAS,1997,生命科学和医学学部,中国科学院水生生物研究所,https://casad.cas.cn/ysxx2022/ysmd/smkx/200906/t20090624_1803002.html,,,,,,待单人精确检索,,,,Zuoyan Zhu | 中国科学院水生生物研究所 | 生命科学和医学学部 | English journal DOI
ACAD00929,朱兆良,Zhaoliang Zhu,CAS,1993,生命科学和医学学部,中国科学院南京土壤研究所,https://casad.cas.cn/ysxx2022/ygys/200906/t20090624_1803005.html,,,,,,待单人精确检索,,,,Zhaoliang Zhu | 中国科学院南京土壤研究所 | 生命科学和医学学部 | English journal DOI
ACAD00937,朱彤,Tong Zhu,CAS,2021,地学部,北京大学,https://casad.cas.cn/ysxx2022/ysmd/dxb/202201/t20220111_4821781.html,,,,,,待单人精确检索,,,,Tong Zhu | 北京大学 | 地学部 | English journal DOI
ACAD00938,朱敏,Min Zhu,CAS,2021,地学部,中国科学院古脊椎动物与古人类研究所,https://casad.cas.cn/ysxx2022/ysmd/dxb/202201/t20220111_4821779.html,,,,,,待单人精确检索,,,,Min Zhu | 中国科学院古脊椎动物与古人类研究所 | 地学部 | English journal DOI
ACAD00940,朱日祥,Rixiang Zhu,CAS,2003,地学部,中国科学院地质与地球物理研究所,https://casad.cas.cn/ysxx2022/ysmd/dxb/200906/t20090624_1804111.html,,,,,,待单人精确检索,,,,Rixiang Zhu | 中国科学院地质与地球物理研究所 | 地学部 | English journal DOI
ACAD00941,朱显谟,Xianmo Zhu,CAS,1991,地学部,西北农林科技大学,https://casad.cas.cn/ysxx2022/ygys/200906/t20090624_1804108.html,,,,,,待单人精确检索,,,,Xianmo Zhu | 西北农林科技大学 | 地学部 | English journal DOI
ACAD00944,朱森元,Senyuan Zhu,CAS,1995,技术科学部,中国航天工业总公司第11研究所,https://casad.cas.cn/ysxx2022/ygys/200906/t20090624_1808115.html,,,,,,待单人精确检索,,,,Senyuan Zhu | 中国航天工业总公司第11研究所 | 技术科学部 | English journal DOI
ACAD00945,朱永官,Yongguan Zhu,CAS,2019,地学部,中国科学院城市环境研究所,https://casad.cas.cn/ysxx2022/ysmd/dxb/201911/t20191121_4724694.html,,,,,,待单人精确检索,,,,Yongguan Zhu | 中国科学院城市环境研究所 | 地学部 | English journal DOI
ACAD00947,朱清时,Qingshi Zhu,CAS,1991,化学部,中国科学院大连化学物理研究所,https://casad.cas.cn/ysxx2022/ysmd/hxb/200906/t20090624_1802013.html,,,,,,待单人精确检索,,,,Qingshi Zhu | 中国科学院大连化学物理研究所 | 化学部 | English journal DOI
ACAD00948,朱玉贤,Yuxian Zhu,CAS,2011,生命科学和医学学部,北京大学,https://casad.cas.cn/ysxx2022/ysmd/smkx/201112/t20111213_3412379.html,,,,,,待单人精确检索,,,,Yuxian Zhu | 北京大学 | 生命科学和医学学部 | English journal DOI
ACAD00950,朱美芳,Meifang Zhu,CAS,2019,技术科学部,东华大学,https://casad.cas.cn/ysxx2022/ysmd/jskx/201911/t20191121_4724715.html,,,,,,待单人精确检索,,,,Meifang Zhu | 东华大学 | 技术科学部 | English journal DOI
ACAD00955,朱荻,Di Zhu,CAS,2011,技术科学部,南京航空航天大学,https://casad.cas.cn/ysxx2022/ysmd/jskx/201112/t20111213_3412404.html,,,,,,待单人精确检索,,,,Di Zhu | 南京航空航天大学 | 技术科学部 | English journal DOI
ACAD00957,朱诗尧,Shiyao Zhu,CAS,2015,数学物理学部,北京计算科学研究中心,https://casad.cas.cn/ysxx2022/ysmd/sxwl/201512/t20151224_4502085.html,,,,,,待单人精确检索,,,,Shiyao Zhu | 北京计算科学研究中心 | 数学物理学部 | English journal DOI
ACAD00958,朱起鹤,Qihe Zhu,CAS,1995,化学部,中国科学院化学研究所,https://casad.cas.cn/ysxx2022/ygys/200906/t20090624_1802016.html,,,,,,待单人精确检索,,,,Qihe Zhu | 中国科学院化学研究所 | 化学部 | English journal DOI
ACAD00959,朱道本,Daoben Zhu,CAS,1997,化学部,中国科学院化学研究所,https://casad.cas.cn/ysxx2022/ysmd/hxb/200906/t20090624_1802019.html,,,,,,待单人精确检索,,,,Daoben Zhu | 中国科学院化学研究所 | 化学部 | English journal DOI
ACAD00960,朱邦芬,Bangfen Zhu,CAS,2003,数学物理学部,清华大学,https://casad.cas.cn/ysxx2022/ysmd/sxwl/200906/t20090624_1791955.html,,,,,,待单人精确检索,,,,Bangfen Zhu | 清华大学 | 数学物理学部 | English journal DOI
ACAD00961,朱静,Jing Zhu,CAS,1995,技术科学部,冶金部钢铁研究总院,https://casad.cas.cn/ysxx2022/ysmd/jskx/200906/t20090624_1808117.html,,,,,,待单人精确检索,,,,Jing Zhu | 冶金部钢铁研究总院 | 技术科学部 | English journal DOI
ACAD00963,朱鲁华,Luhua Zhu,CAS,2021,信息技术科学部,中国人民解放军61212部队,https://casad.cas.cn/ysxx2022/ysmd/xxjs/202201/t20220111_4821794.html,,,,,,待单人精确检索,,,,Luhua Zhu | 中国人民解放军61212部队 | 信息技术科学部 | English journal DOI
ACAD00964,朴世龙,Shilong Pu,CAS,2021,地学部,北京大学,https://casad.cas.cn/ysxx2022/ysmd/dxb/202201/t20220111_4821774.html,,,,,,待单人精确检索,,,,Shilong Pu | 北京大学 | 地学部 | English journal DOI
ACAD00968,李东旭,Dongxu Li,CAS,2019,技术科学部,中国人民解放军国防科学技术大学,https://casad.cas.cn/ysxx2022/ysmd/jskx/201911/t20191121_4724704.html,,,,,,待单人精确检索,,,,Dongxu Li | 中国人民解放军国防科学技术大学 | 技术科学部 | English journal DOI
ACAD00971,李亚栋,Yadong Li,CAS,2011,化学部,清华大学,https://casad.cas.cn/ysxx2022/ysmd/hxb/201112/t20111213_3412358.html,,,,,,待单人精确检索,,,,Yadong Li | 清华大学 | 化学部 | English journal DOI
ACAD00976,李依依,Yiyi Li,CAS,1993,技术科学部,中国科学院金属研究所,https://casad.cas.cn/ysxx2022/ysmd/jskx/200906/t20090624_1808320.html,,,,,,待单人精确检索,,,,Yiyi Li | 中国科学院金属研究所 | 技术科学部 | English journal DOI
ACAD00978,李儒新,Ruxin Li,CAS,2017,数学物理学部,中国科学院上海光学精密机械研究所,https://casad.cas.cn/ysxx2022/ysmd/sxwl/201711/t20171129_4625044.html,,,,,,待单人精确检索,,,,Ruxin Li | 中国科学院上海光学精密机械研究所 | 数学物理学部 | English journal DOI
ACAD00987,李劲松,Jinsong Li,CAS,2021,生命科学和医学学部,中国科学院分子细胞科学卓越创新中心,https://casad.cas.cn/ysxx2022/ysmd/smkx/202201/t20220111_4821756.html,,,,,,待单人精确检索,,,,Jinsong Li | 中国科学院分子细胞科学卓越创新中心 | 生命科学和医学学部 | English journal DOI
ACAD00991,李吉均,Jijun Li,CAS,1991,地学部,兰州大学,https://casad.cas.cn/ysxx2022/ygys/200906/t20090624_1804406.html,,,,,,待单人精确检索,,,,Jijun Li | 兰州大学 | 地学部 | English journal DOI
ACAD00993,李启虎,Qihu Li,CAS,1997,信息技术科学部,中国科学院声学研究所,https://casad.cas.cn/ysxx2022/ysmd/xxjs/200906/t20090624_1807789.html,,,,,,待单人精确检索,,,,Qihu Li | 中国科学院声学研究所 | 信息技术科学部 | English journal DOI
ACAD01001,李大潜,Daqian Li,CAS,1995,数学物理学部,复旦大学,https://casad.cas.cn/ysxx2022/ysmd/sxwl/200906/t20090624_1792045.html,,,,,,待单人精确检索,,,,Daqian Li | 复旦大学 | 数学物理学部 | English journal DOI
ACAD01003,李天,Tian Li,CAS,2005,技术科学部,中国航空第一集团公司沈阳飞机设计研究所,https://casad.cas.cn/ysxx2022/ygys/200906/t20090624_1808322.html,,,,,,待单人精确检索,,,,Tian Li | 中国航空第一集团公司沈阳飞机设计研究所 | 技术科学部 | English journal DOI
ACAD01006,李季伦,Jilun Li,CAS,1995,生命科学和医学学部,中国农业大学,https://casad.cas.cn/ysxx2022/ysmd/smkx/200906/t20090624_1803270.html,,,,,,待单人精确检索,,,,Jilun Li | 中国农业大学 | 生命科学和医学学部 | English journal DOI
ACAD01008,李安民,Anmin Li,CAS,2009,数学物理学部,四川大学,https://casad.cas.cn/ysxx2022/ysmd/sxwl/200912/t20091203_2681353.html,,,,,,待单人精确检索,,,,Anmin Li | 四川大学 | 数学物理学部 | English journal DOI
ACAD01010,李家明,Jiaming Li,CAS,1991,数学物理学部,中国科学院物理研究所,https://casad.cas.cn/ysxx2022/ysmd/sxwl/200906/t20090624_1792041.html,,,,,,待单人精确检索,,,,Jiaming Li | 中国科学院物理研究所 | 数学物理学部 | English journal DOI
ACAD01011,李家春,Jiachun Li,CAS,2003,数学物理学部,中国科学院力学研究所,https://casad.cas.cn/ysxx2022/ysmd/sxwl/200906/t20090624_1792042.html,,,,,,待单人精确检索,,,,Jiachun Li | 中国科学院力学研究所 | 数学物理学部 | English journal DOI
ACAD01012,李家洋,Jiayang Li,CAS,2001,生命科学和医学学部,中国科学院遗传与发育生物学研究所,https://casad.cas.cn/ysxx2022/ysmd/smkx/200906/t20090624_1803267.html,,,,,,待单人精确检索,,,,Jiayang Li | 中国科学院遗传与发育生物学研究所 | 生命科学和医学学部 | English journal DOI
ACAD01013,李小文,Xiaowen Li,CAS,2001,地学部,北京师范大学,https://casad.cas.cn/ysxx2022/ygys/200906/t20090624_1804395.html,,,,,,待单人精确检索,,,,Xiaowen Li | 北京师范大学 | 地学部 | English journal DOI
ACAD01014,李崇银,Chongyin Li,CAS,2001,地学部,中国科学院大气物理研究所,https://casad.cas.cn/ysxx2022/ysmd/dxb/200906/t20090624_1804417.html,,,,,,待单人精确检索,,,,Chongyin Li | 中国科学院大气物理研究所 | 地学部 | English journal DOI
ACAD01017,李应红,Yinghong Li,CAS,2013,技术科学部,中国人民解放军空军工程大学,https://casad.cas.cn/ysxx2022/ysmd/jskx/201312/t20131219_4002047.html,,,,,,待单人精确检索,,,,Yinghong Li | 中国人民解放军空军工程大学 | 技术科学部 | English journal DOI
ACAD01018,李廷栋,Tingdong Li,CAS,1993,地学部,地质矿产部科技高级咨询中心,https://casad.cas.cn/ysxx2022/ysmd/dxb/200906/t20090624_1804399.html,,,,,,待单人精确检索,,,,Tingdong Li | 地质矿产部科技高级咨询中心 | 地学部 | English journal DOI
ACAD01022,李德仁,Deren Li,CAE; CAS,1991,CAS: 地学部 | CAE: 信息与电子工程学部,武汉大学,https://casad.cas.cn/ysxx2022/ysmd/dxb/200906/t20090624_1804413.html,,,,,,待单人精确检索,,,,Deren Li | 武汉大学 | CAS: 地学部 | CAE: 信息与电子工程学部 | English journal DOI
ACAD01024,李德平,Deping Li,CAS,1991,数学物理学部,中国核工业总公司中国辐射防护研究院,https://casad.cas.cn/ysxx2022/ygys/200906/t20090624_1792044.html,,,,,,待单人精确检索,,,,Deping Li | 中国核工业总公司中国辐射防护研究院 | 数学物理学部 | English journal DOI
ACAD01026,李德生,Desheng Li,CAS,1991,地学部,中国石油天然气总公司,https://casad.cas.cn/ysxx2022/ysmd/dxb/200906/t20090624_1804410.html,,,,,,待单人精确检索,,,,Desheng Li | 中国石油天然气总公司 | 地学部 | English journal DOI
ACAD01030,李惕碚,Tibei Li,CAS,1997,数学物理学部,中国科学院高能物理研究所,https://casad.cas.cn/ysxx2022/ysmd/sxwl/200906/t20090624_1792040.html,,,,,,待单人精确检索,,,,Tibei Li | 中国科学院高能物理研究所 | 数学物理学部 | English journal DOI
ACAD01032,李振声,Zhensheng Li,CAS,1991,生命科学和医学学部,中国科学院,https://casad.cas.cn/ysxx2022/ysmd/smkx/200906/t20090624_1803264.html,,,,,,待单人精确检索,,,,Zhensheng Li | 中国科学院 | 生命科学和医学学部 | English journal DOI
ACAD01035,李方华,Fanghua Li,CAS,1993,数学物理学部,中国科学院物理研究所,https://casad.cas.cn/ysxx2022/ygys/200906/t20090624_1792043.html,,,,,,待单人精确检索,,,,Fanghua Li | 中国科学院物理研究所 | 数学物理学部 | English journal DOI
ACAD01040,李景虹,Jinghong Li,CAS,2019,化学部,清华大学,https://casad.cas.cn/ysxx2022/ysmd/hxb/201911/t20191121_4724659.html,,,,,,待单人精确检索,,,,Jinghong Li | 清华大学 | 化学部 | English journal DOI
ACAD01041,李曙光,Shuguang Li,CAS,2003,地学部,中国科学技术大学,https://casad.cas.cn/ysxx2022/ysmd/dxb/200906/t20090624_1804402.html,,,,,,待单人精确检索,,,,Shuguang Li | 中国科学技术大学 | 地学部 | English journal DOI
ACAD01042,李朝义,Chaoyi Li,CAS,1999,生命科学和医学学部,中国科学院上海生理研究所,https://casad.cas.cn/ysxx2022/ygys/200906/t20090624_1803273.html,,,,,,待单人精确检索,,,,Chaoyi Li | 中国科学院上海生理研究所 | 生命科学和医学学部 | English journal DOI
ACAD01043,李未,Wei Li,CAS,1997,信息技术科学部,北京航空航天大学,https://casad.cas.cn/ysxx2022/ygys/200906/t20090624_1807786.html,,,,,,待单人精确检索,,,,Wei Li | 北京航空航天大学 | 信息技术科学部 | English journal DOI
ACAD01045,李杰,Jie Li,CAS,2021,技术科学部,同济大学,https://casad.cas.cn/ysxx2022/ysmd/jskx/202201/t20220111_4821804.html,,,,,,待单人精确检索,,,,Jie Li | 同济大学 | 技术科学部 | English journal DOI
ACAD01047,李林,Lin Li,CAS,2011,生命科学和医学学部,中国科学院上海生命科学院,https://casad.cas.cn/ysxx2022/ysmd/smkx/201112/t20111213_3412374.html,,,,,,待单人精确检索,,,,Lin Li | 中国科学院上海生命科学院 | 生命科学和医学学部 | English journal DOI
ACAD01048,李树深,Shushen Li,CAS,2011,信息技术科学部,中国科学院半导体所,https://casad.cas.cn/ysxx2022/ysmd/xxjs/201112/t20111213_3412392.html,,,,,,待单人精确检索,,,,Shushen Li | 中国科学院半导体所 | 信息技术科学部 | English journal DOI
ACAD01055,李永舫,Yongfang Li,CAS,2013,化学部,中国科学院化学研究所,https://casad.cas.cn/ysxx2022/ysmd/hxb/201312/t20131219_4001998.html,,,,,,待单人精确检索,,,,Yongfang Li | 中国科学院化学研究所 | 化学部 | English journal DOI
ACAD01057,李洪钟,Hongzhong Li,CAS,2005,化学部,中国科学院过程工程研究所,https://casad.cas.cn/ysxx2022/ysmd/hxb/200906/t20090624_1802231.html,,,,,,待单人精确检索,,,,Hongzhong Li | 中国科学院过程工程研究所 | 化学部 | English journal DOI
ACAD01058,李济生,Jisheng Li,CAS,1997,技术科学部,国防科学技术工业委员会西安卫星测控中心,https://casad.cas.cn/ysxx2022/ygys/200906/t20090624_1808330.html,,,,,,待单人精确检索,,,,Jisheng Li | 国防科学技术工业委员会西安卫星测控中心 | 技术科学部 | English journal DOI
ACAD01060,李灿,Can Li,CAS,2003,化学部,中国科学院大连化学物理研究所,https://casad.cas.cn/ysxx2022/ysmd/hxb/200906/t20090624_1802234.html,,,,,,待单人精确检索,,,,Can Li | 中国科学院大连化学物理研究所 | 化学部 | English journal DOI
ACAD01062,李献华,Xianhua Li,CAS,2019,地学部,中国科学院地质与地球物理研究所,https://casad.cas.cn/ysxx2022/ysmd/dxb/201911/t20191121_4724686.html,,,,,,待单人精确检索,,,,Xianhua Li | 中国科学院地质与地球物理研究所 | 地学部 | English journal DOI
ACAD01065,李玉良,Yuliang Li,CAS,2015,化学部,中国科学院化学研究所,https://casad.cas.cn/ysxx2022/ysmd/hxb/201512/t20151224_4502121.html,,,,,,待单人精确检索,,,,Yuliang Li | 中国科学院化学研究所 | 化学部 | English journal DOI
ACAD01070,李蓬,Peng Li,CAS,2015,生命科学和医学学部,清华大学,https://casad.cas.cn/ysxx2022/ysmd/smkx/201512/t20151224_4502213.html,,,,,,待单人精确检索,,,,Peng Li | 清华大学 | 生命科学和医学学部 | English journal DOI
ACAD01071,李衍达,Yanda Li,CAS,1991,信息技术科学部,清华大学,https://casad.cas.cn/ysxx2022/ysmd/xxjs/200906/t20090624_1807784.html,,,,,,待单人精确检索,,,,Yanda Li | 清华大学 | 信息技术科学部 | English journal DOI
ACAD01078,李述汤,Shutang Li,CAS,2005,技术科学部,香港城市大学,https://casad.cas.cn/ysxx2022/ysmd/jskx/200906/t20090624_1808325.html,,,,,,待单人精确检索,,,,Shutang Li | 香港城市大学 | 技术科学部 | English journal DOI
ACAD01080,李邦河,Banghe Li,CAS,2001,数学物理学部,中国科学院数学与系统科学研究院,https://casad.cas.cn/ysxx2022/ysmd/sxwl/200906/t20090624_1792046.html,,,,,,待单人精确检索,,,,Banghe Li | 中国科学院数学与系统科学研究院 | 数学物理学部 | English journal DOI
ACAD01084,李陟,Zhi Li,CAS,2021,信息技术科学部,中国航天科工集团第二研究院,https://casad.cas.cn/ysxx2022/ysmd/xxjs/202201/t20220111_4821787.html,,,,,,待单人精确检索,,,,Zhi Li | 中国航天科工集团第二研究院 | 信息技术科学部 | English journal DOI
ACAD01085,李静海,Jinghai Li,CAS,1999,化学部,中国科学院化学冶金研究所,https://casad.cas.cn/ysxx2022/ysmd/hxb/200906/t20090624_1802228.html,,,,,,待单人精确检索,,,,Jinghai Li | 中国科学院化学冶金研究所 | 化学部 | English journal DOI
ACAD01087,李骏,Jun Li,CAS,2021,数学物理学部,复旦大学,https://casad.cas.cn/ysxx2022/ysmd/sxwl/202201/t20220111_4821727.html,,,,,,待单人精确检索,,,,Jun Li | 复旦大学 | 数学物理学部 | English journal DOI
ACAD01099,杜江峰,Jiangfeng Du,CAS,2015,数学物理学部,中国科学技术大学,https://casad.cas.cn/ysxx2022/ysmd/sxwl/201512/t20151224_4502100.html,,,,,,待单人精确检索,,,,Jiangfeng Du | 中国科学技术大学 | 数学物理学部 | English journal DOI
ACAD01102,杨万泰,Tai Yangwan,CAS,2017,化学部,北京化工大学,https://casad.cas.cn/ysxx2022/ysmd/hxb/201711/t20171129_4625056.html,,,,,,待单人精确检索,,,,Tai Yangwan | 北京化工大学 | 化学部 | English journal DOI
ACAD01104,杨伟,Yangwei,CAS,2017,技术科学部,中国航空工业集团公司成都飞机设计研究所,https://casad.cas.cn/yszx/lcmd/202303/t20230328_4882118.html,,,,,,待单人精确检索,,,,Yangwei | 中国航空工业集团公司成都飞机设计研究所 | 技术科学部 | English journal DOI
ACAD01105,杨元喜,Xi Yangyuan,CAS,2007,地学部,西安测绘研究所,https://casad.cas.cn/ysxx2022/ysmd/dxb/200906/t20090624_1804208.html,,,,,,待单人精确检索,,,,Xi Yangyuan | 西安测绘研究所 | 地学部 | English journal DOI
ACAD01109,杨卫,Yangwei,CAS,2003,技术科学部,清华大学,https://casad.cas.cn/ysxx2022/ysmd/jskx/200906/t20090624_1808178.html,,,,,,待单人精确检索,,,,Yangwei | 清华大学 | 技术科学部 | English journal DOI
ACAD01110,杨叔子,Zi Yangshu,CAS,1991,技术科学部,华中科技大学,https://casad.cas.cn/ysxx2022/ygys/200906/t20090624_1808180.html,,,,,,待单人精确检索,,,,Zi Yangshu | 华中科技大学 | 技术科学部 | English journal DOI
ACAD01113,杨国桢,Zhen Yangguo,CAS,1999,数学物理学部,中国科学院物理研究所,https://casad.cas.cn/ysxx2022/ysmd/sxwl/200906/t20090624_1791984.html,,,,,,待单人精确检索,,,,Zhen Yangguo | 中国科学院物理研究所 | 数学物理学部 | English journal DOI
ACAD01117,杨孟飞,Fei Yangmeng,CAS,2017,技术科学部,中国空间技术研究院,https://casad.cas.cn/ysxx2022/ysmd/jskx/201711/t20171129_4625105.html,,,,,,待单人精确检索,,,,Fei Yangmeng | 中国空间技术研究院 | 技术科学部 | English journal DOI
ACAD01118,杨学军,Jun Yangxue,CAS,2011,信息技术科学部,中国人民解放军国防科学技术大学,https://casad.cas.cn/ysxx2022/ysmd/xxjs/201112/t20111213_3412395.html,,,,,,待单人精确检索,,,,Jun Yangxue | 中国人民解放军国防科学技术大学 | 信息技术科学部 | English journal DOI
ACAD01119,杨学明,Ming Yangxue,CAS,2011,化学部,中国科学院大连化学物理所,https://casad.cas.cn/ysxx2022/ysmd/hxb/201112/t20111213_3412362.html,,,,,,待单人精确检索,,,,Ming Yangxue | 中国科学院大连化学物理所 | 化学部 | English journal DOI
ACAD01123,杨应昌,Chang Yangying,CAS,1997,数学物理学部,北京大学,https://casad.cas.cn/ysxx2022/ysmd/sxwl/200906/t20090624_1791982.html,,,,,,待单人精确检索,,,,Chang Yangying | 北京大学 | 数学物理学部 | English journal DOI
ACAD01125,杨德仁,Ren Yangde,CAS,2017,信息技术科学部,浙江大学,https://casad.cas.cn/ysxx2022/ysmd/xxjs/201711/t20171129_4625091.html,,,,,,待单人精确检索,,,,Ren Yangde | 浙江大学 | 信息技术科学部 | English journal DOI
ACAD01128,杨振宁,Yangzhenning,CAS,2016,数学物理学部,美国纽约州立大学石溪分校理论物理研究所,https://casad.cas.cn/ysxx2022/ygys/200906/t20090624_1808811.html,,,,,,待单人精确检索,,,,Yangzhenning | 美国纽约州立大学石溪分校理论物理研究所 | 数学物理学部 | English journal DOI
ACAD01129,杨文采,Cai Yangwen,CAS,2005,地学部,中国地质科学院地质研究所,https://casad.cas.cn/ysxx2022/ysmd/dxb/200906/t20090624_1804211.html,,,,,,待单人精确检索,,,,Cai Yangwen | 中国地质科学院地质研究所 | 地学部 | English journal DOI
ACAD01132,杨树锋,Feng Yangshu,CAS,2015,地学部,浙江大学,https://casad.cas.cn/ysxx2022/ysmd/dxb/201512/t20151224_4502630.html,,,,,,待单人精确检索,,,,Feng Yangshu | 浙江大学 | 地学部 | English journal DOI
ACAD01133,杨正林,Lin Yangzheng,CAS,2021,生命科学和医学学部,四川省人民医院,https://casad.cas.cn/ysxx2022/ysmd/smkx/202201/t20220111_4821766.html,,,,,,待单人精确检索,,,,Lin Yangzheng | 四川省人民医院 | 生命科学和医学学部 | English journal DOI
ACAD01135,杨焕明,Ming Yanghuan,CAS,2007,生命科学和医学学部,中国科学院北京基因组研究所,https://casad.cas.cn/ysxx2022/ysmd/smkx/200906/t20090624_1803069.html,,,,,,待单人精确检索,,,,Ming Yanghuan | 中国科学院北京基因组研究所 | 生命科学和医学学部 | English journal DOI
ACAD01136,杨玉良,Liang Yangyu,CAS,2003,化学部,复旦大学,https://casad.cas.cn/ysxx2022/ysmd/hxb/200906/t20090624_1802082.html,,,,,,待单人精确检索,,,,Liang Yangyu | 复旦大学 | 化学部 | English journal DOI
ACAD01137,杨福家,Jia Yangfu,CAS,1991,数学物理学部,复旦大学,https://casad.cas.cn/ysxx2022/ygys/200906/t20090624_1791985.html,,,,,,待单人精确检索,,,,Jia Yangfu | 复旦大学 | 数学物理学部 | English journal DOI
ACAD01138,杨福愉,Yu Yangfu,CAS,1991,生命科学和医学学部,中国科学院生物物理研究所,https://casad.cas.cn/ysxx2022/ygys/200906/t20090624_1803074.html,,,,,,待单人精确检索,,,,Yu Yangfu | 中国科学院生物物理研究所 | 生命科学和医学学部 | English journal DOI
ACAD01140,杨秀荣,Rong Yangxiu,CAS,2013,化学部,中国科学院长春应用化学研究所,https://casad.cas.cn/ysxx2022/ysmd/hxb/201312/t20131219_4001997.html,,,,,,待单人精确检索,,,,Rong Yangxiu | 中国科学院长春应用化学研究所 | 化学部 | English journal DOI
ACAD01143,杨经绥,Sui Yangjing,CAS,2017,地学部,中国地质科学院地质研究所,https://casad.cas.cn/ysxx2022/ysmd/dxb/201711/t20171129_4625078.html,,,,,,待单人精确检索,,,,Sui Yangjing | 中国地质科学院地质研究所 | 地学部 | English journal DOI
ACAD01144,杨维才,Cai Yangwei,CAS,2021,生命科学和医学学部,中国科学院遗传与发育生物学研究所,https://casad.cas.cn/ysxx2022/ysmd/smkx/202201/t20220111_4821765.html,,,,,,待单人精确检索,,,,Cai Yangwei | 中国科学院遗传与发育生物学研究所 | 生命科学和医学学部 | English journal DOI
ACAD01146,杨芙清,Qing Yangfu,CAS,1991,信息技术科学部,北京大学,https://casad.cas.cn/ysxx2022/ysmd/xxjs/200906/t20090624_1807706.html,,,,,,待单人精确检索,,,,Qing Yangfu | 北京大学 | 信息技术科学部 | English journal DOI
ACAD01149,杨金龙,Long Yangjin,CAS,2019,化学部,中国科学技术大学,https://casad.cas.cn/ysxx2022/ysmd/hxb/201911/t20191121_4724671.html,,,,,,待单人精确检索,,,,Long Yangjin | 中国科学技术大学 | 化学部 | English journal DOI
ACAD01152,杨雄里,Li Yangxiong,CAS,1991,生命科学和医学学部,中国科学院上海生理所,https://casad.cas.cn/ysxx2022/ysmd/smkx/200906/t20090624_1803067.html,,,,,,待单人精确检索,,,,Li Yangxiong | 中国科学院上海生理所 | 生命科学和医学学部 | English journal DOI
ACAD01156,林其谁,Qishei Lin,CAS,2003,生命科学和医学学部,中国科学院上海生命科学研究院,https://casad.cas.cn/ysxx2022/ysmd/smkx/200906/t20090624_1803255.html,,,,,,待单人精确检索,,,,Qishei Lin | 中国科学院上海生命科学研究院 | 生命科学和医学学部 | English journal DOI
ACAD01157,林励吾,Liwu Lin,CAS,1993,化学部,中国科学院大连化学物理研究所,https://casad.cas.cn/ysxx2022/ygys/200906/t20090624_1802217.html,,,,,,待单人精确检索,,,,Liwu Lin | 中国科学院大连化学物理研究所 | 化学部 | English journal DOI
ACAD01161,林国强,Guoqiang Lin,CAS,2001,化学部,中国科学院上海有机化学研究所,https://casad.cas.cn/ysxx2022/ysmd/hxb/200906/t20090624_1802220.html,,,,,,待单人精确检索,,,,Guoqiang Lin | 中国科学院上海有机化学研究所 | 化学部 | English journal DOI
ACAD01162,林圣彩,Shengcai Lin,CAS,2021,生命科学和医学学部,厦门大学,https://casad.cas.cn/ysxx2022/ysmd/smkx/202201/t20220111_4821757.html,,,,,,待单人精确检索,,,,Shengcai Lin | 厦门大学 | 生命科学和医学学部 | English journal DOI
ACAD01163,林学钰,Xueyu Lin,CAS,1997,地学部,吉林大学,https://casad.cas.cn/ysxx2022/ysmd/dxb/200906/t20090624_1804389.html,,,,,,待单人精确检索,,,,Xueyu Lin | 吉林大学 | 地学部 | English journal DOI
ACAD01165,林尊琪,Zunqi Lin,CAS,2003,技术科学部,中国科学院上海光学精密机械研究所,https://casad.cas.cn/ysxx2022/ygys/200906/t20090624_1807775.html,,,,,,待单人精确检索,,,,Zunqi Lin | 中国科学院上海光学精密机械研究所 | 技术科学部 | English journal DOI
ACAD01169,林惠民,Huimin Lin,CAS,1999,信息技术科学部,中国科学院软件研究所,https://casad.cas.cn/ysxx2022/ysmd/xxjs/200906/t20090624_1807779.html,,,,,,待单人精确检索,,,,Huimin Lin | 中国科学院软件研究所 | 信息技术科学部 | English journal DOI
ACAD01172,林海青,Haiqing Lin,CAS,2019,数学物理学部,北京计算科学研究中心,https://casad.cas.cn/ysxx2022/ysmd/sxwl/201911/t20191121_4724650.html,,,,,,待单人精确检索,,,,Haiqing Lin | 北京计算科学研究中心 | 数学物理学部 | English journal DOI
ACAD01173,林皋,Gao Lin,CAS,1997,技术科学部,大连理工大学,https://casad.cas.cn/ysxx2022/ysmd/jskx/200906/t20090624_1808313.html,,,,,,待单人精确检索,,,,Gao Lin | 大连理工大学 | 技术科学部 | English journal DOI
ACAD01175,林秉南,Bingnan Lin,CAS,1991,技术科学部,水利水电科学研究院,https://casad.cas.cn/ysxx2022/ygys/200906/t20090624_1808316.html,,,,,,待单人精确检索,,,,Bingnan Lin | 水利水电科学研究院 | 技术科学部 | English journal DOI
ACAD01176,林群,Qun Lin,CAS,1993,数学物理学部,中国科学院系统科学研究所,https://casad.cas.cn/ysxx2022/ysmd/sxwl/200906/t20090624_1792037.html,,,,,,待单人精确检索,,,,Qun Lin | 中国科学院系统科学研究所 | 数学物理学部 | English journal DOI
ACAD01178,林鸿宣,Hongxuan Lin,CAS,2009,生命科学和医学学部,中国科学院上海生命科学研究院,https://casad.cas.cn/ysxx2022/ysmd/smkx/200912/t20091203_2681370.html,,,,,,待单人精确检索,,,,Hongxuan Lin | 中国科学院上海生命科学研究院 | 生命科学和医学学部 | English journal DOI
ACAD01183,柳百新,Baixin Liu,CAS,2001,技术科学部,清华大学,https://casad.cas.cn/ysxx2022/ysmd/jskx/200906/t20090624_1808305.html,,,,,,待单人精确检索,,,,Baixin Liu | 清华大学 | 技术科学部 | English journal DOI
ACAD01184,柴之芳,Zhifang Chai,CAS,2007,化学部,中国科学院高能物理研究所,https://casad.cas.cn/ysxx2022/ysmd/hxb/200906/t20090624_1802354.html,,,,,,待单人精确检索,,,,Zhifang Chai | 中国科学院高能物理研究所 | 化学部 | English journal DOI
ACAD01190,桂建芳,Jianfang Gui,CAS,2013,生命科学和医学学部,中国科学院水生生物研究所,https://casad.cas.cn/ysxx2022/ysmd/smkx/201312/t20131219_4002013.html,,,,,,待单人精确检索,,,,Jianfang Gui | 中国科学院水生生物研究所 | 生命科学和医学学部 | English journal DOI
ACAD01194,梁思礼,Sili Liang,CAS,1993,技术科学部,航天工业总公司科技委,https://casad.cas.cn/ysxx2022/ygys/200906/t20090624_1807781.html,,,,,,待单人精确检索,,,,Sili Liang | 航天工业总公司科技委 | 技术科学部 | English journal DOI
ACAD01195,梁敬魁,Jingkui Liang,CAS,1993,化学部,中国科学院物理研究所,https://casad.cas.cn/ysxx2022/ygys/200906/t20090624_1802225.html,,,,,,待单人精确检索,,,,Jingkui Liang | 中国科学院物理研究所 | 化学部 | English journal DOI
ACAD01199,梁智仁,Zhiren Liang,CAS,2001,生命科学和医学学部,香港大学,https://casad.cas.cn/ysxx2022/ysmd/smkx/200906/t20090624_1803258.html,,,,,,待单人精确检索,,,,Zhiren Liang | 香港大学 | 生命科学和医学学部 | English journal DOI
ACAD01202,梅宏,Hong Mei,CAS,2011,信息技术科学部,北京大学,https://casad.cas.cn/ysxx2022/ysmd/xxjs/201112/t20111213_3412393.html,,,,,,待单人精确检索,,,,Hong Mei | 北京大学 | 信息技术科学部 | English journal DOI
ACAD01209,樊嘉,Jia Fan,CAS,2017,生命科学和医学学部,复旦大学,https://casad.cas.cn/ysxx2022/ysmd/smkx/201711/t20171129_4625064.html,,,,,,待单人精确检索,,,,Jia Fan | 复旦大学 | 生命科学和医学学部 | English journal DOI
ACAD01211,樊春海,Chunhai Fan,CAS,2019,化学部,上海交通大学,https://casad.cas.cn/ysxx2022/ysmd/hxb/201911/t20191121_4724658.html,,,,,,待单人精确检索,,,,Chunhai Fan | 上海交通大学 | 化学部 | English journal DOI
ACAD01214,欧阳予,Yangyu Ou,CAS,1991,技术科学部,上海核工程研究设计院,https://casad.cas.cn/ysxx2022/ysmd/jskx/200906/t20090624_1808292.html,,,,,,待单人精确检索,,,,Yangyu Ou | 上海核工程研究设计院 | 技术科学部 | English journal DOI
ACAD01216,欧阳明高,Yangminggao Ou,CAS,2017,技术科学部,清华大学,https://casad.cas.cn/ysxx2022/ysmd/jskx/201711/t20171129_4625100.html,,,,,,待单人精确检索,,,,Yangminggao Ou | 清华大学 | 技术科学部 | English journal DOI
ACAD01218,欧阳自远,Yangziyuan Ou,CAS,1991,地学部,中国科学院地球化学研究所,https://casad.cas.cn/ysxx2022/ysmd/dxb/200906/t20090624_1804346.html,,,,,,待单人精确检索,,,,Yangziyuan Ou | 中国科学院地球化学研究所 | 地学部 | English journal DOI
ACAD01219,欧阳钟灿,Yangzhongcan Ou,CAS,1997,数学物理学部,中国科学院理论物理研究所,https://casad.cas.cn/ysxx2022/ysmd/sxwl/200906/t20090624_1792028.html,,,,,,待单人精确检索,,,,Yangzhongcan Ou | 中国科学院理论物理研究所 | 数学物理学部 | English journal DOI
ACAD01220,欧阳颀,Yangqi Ou,CAS,2013,数学物理学部,北京大学,https://casad.cas.cn/ysxx2022/ysmd/sxwl/201312/t20131219_4001982.html,,,,,,待单人精确检索,,,,Yangqi Ou | 北京大学 | 数学物理学部 | English journal DOI
ACAD01221,武向平,Xiangping Wu,CAS,2011,数学物理学部,中国科学院国家天文台,https://casad.cas.cn/ysxx2022/ysmd/sxwl/201112/t20111213_3412294.html,,,,,,待单人精确检索,,,,Xiangping Wu | 中国科学院国家天文台 | 数学物理学部 | English journal DOI
ACAD01223,武维华,Weihua Wu,CAS,2007,生命科学和医学学部,中国农业大学,https://casad.cas.cn/ysxx2022/ysmd/smkx/200906/t20090624_1803095.html,,,,,,待单人精确检索,,,,Weihua Wu | 中国农业大学 | 生命科学和医学学部 | English journal DOI
ACAD01227,段广仁,Guangren Duan,CAS,2019,信息技术科学部,哈尔滨工业大学,https://casad.cas.cn/ysxx2022/ysmd/xxjs/201911/t20191121_4724696.html,,,,,,待单人精确检索,,,,Guangren Duan | 哈尔滨工业大学 | 信息技术科学部 | English journal DOI
ACAD01229,段文晖,Wenhui Duan,CAS,2017,技术科学部,清华大学,https://casad.cas.cn/ysxx2022/ysmd/jskx/201711/t20171129_4625095.html,,,,,,待单人精确检索,,,,Wenhui Duan | 清华大学 | 技术科学部 | English journal DOI
ACAD01230,段树民,Shumin Duan,CAS,2007,生命科学和医学学部,中国科学院上海生命科学研究院,https://casad.cas.cn/ysxx2022/ysmd/smkx/200906/t20090624_1803328.html,,,,,,待单人精确检索,,,,Shumin Duan | 中国科学院上海生命科学研究院 | 生命科学和医学学部 | English journal DOI
ACAD01233,段进,Jin Duan,CAS,2019,技术科学部,东南大学,https://casad.cas.cn/ysxx2022/ysmd/jskx/201911/t20191121_4724702.html,,,,,,待单人精确检索,,,,Jin Duan | 东南大学 | 技术科学部 | English journal DOI
ACAD01235,段雪,Xue Duan,CAS,2007,化学部,北京化工大学,https://casad.cas.cn/ysxx2022/ysmd/hxb/200906/t20090624_1802315.html,,,,,,待单人精确检索,,,,Xue Duan | 北京化工大学 | 化学部 | English journal DOI
ACAD01241,殷鸿福,Hongfu Yin,CAS,1993,地学部,中国地质大学（武汉）,https://casad.cas.cn/ysxx2022/ysmd/dxb/200906/t20090624_1804181.html,,,,,,待单人精确检索,,,,Hongfu Yin | 中国地质大学（武汉） | 地学部 | English journal DOI
ACAD01242,母国光,Guoguang Mu,CAS,1991,技术科学部,南开大学,https://casad.cas.cn/ysxx2022/ygys/200906/t20090624_1807761.html,,,,,,待单人精确检索,,,,Guoguang Mu | 南开大学 | 技术科学部 | English journal DOI
ACAD01244,毛军发,Junfa Mao,CAS,2017,信息技术科学部,上海交通大学,https://casad.cas.cn/ysxx2022/ysmd/xxjs/201711/t20171129_4625088.html,,,,,,待单人精确检索,,,,Junfa Mao | 上海交通大学 | 信息技术科学部 | English journal DOI
ACAD01246,毛明,Ming Mao,CAS,2019,技术科学部,中国兵器工业集团第二〇一研究所,https://casad.cas.cn/ysxx2022/ysmd/jskx/201911/t20191121_4724705.html,,,,,,待单人精确检索,,,,Ming Mao | 中国兵器工业集团第二〇一研究所 | 技术科学部 | English journal DOI
ACAD01248,毛江森,Jiangsen Mao,CAS,1991,生命科学和医学学部,浙江省医学科学院,https://casad.cas.cn/ysxx2022/ygys/200906/t20090624_1803228.html,,,,,,待单人精确检索,,,,Jiangsen Mao | 浙江省医学科学院 | 生命科学和医学学部 | English journal DOI
ACAD01253,江元生,Yuansheng Jiang,CAS,1991,化学部,吉林大学,https://casad.cas.cn/ysxx2022/ygys/200906/t20090624_1802243.html,,,,,,待单人精确检索,,,,Yuansheng Jiang | 吉林大学 | 化学部 | English journal DOI
ACAD01254,江明,Ming Jiang,CAS,2005,化学部,复旦大学,https://casad.cas.cn/ysxx2022/ysmd/hxb/200906/t20090624_1802246.html,,,,,,待单人精确检索,,,,Ming Jiang | 复旦大学 | 化学部 | English journal DOI
ACAD01255,江松,Song Jiang,CAS,2015,数学物理学部,北京应用物理与计算数学研究所,https://casad.cas.cn/ysxx2022/ysmd/sxwl/201512/t20151224_4502089.html,,,,,,待单人精确检索,,,,Song Jiang | 北京应用物理与计算数学研究所 | 数学物理学部 | English journal DOI
ACAD01256,江桂斌,Guibin Jiang,CAS,2009,化学部,中国科学院生态环境研究中心,https://casad.cas.cn/ysxx2022/ysmd/hxb/200912/t20091203_2681362.html,,,,,,待单人精确检索,,,,Guibin Jiang | 中国科学院生态环境研究中心 | 化学部 | English journal DOI
ACAD01258,江涌,Yong Jiang,CAS,2021,技术科学部,中国航天科工集团第二研究院,https://casad.cas.cn/ysxx2022/ysmd/jskx/202201/t20220111_4821801.html,,,,,,待单人精确检索,,,,Yong Jiang | 中国航天科工集团第二研究院 | 技术科学部 | English journal DOI
ACAD01262,江雷,Lei Jiang,CAS,2009,化学部,中国科学院化学研究所,https://casad.cas.cn/ysxx2022/ysmd/hxb/200912/t20091203_2681361.html,,,,,,待单人精确检索,,,,Lei Jiang | 中国科学院化学研究所 | 化学部 | English journal DOI
ACAD01263,江风益,Fengyi Jiang,CAS,2019,信息技术科学部,南昌大学,https://casad.cas.cn/ysxx2022/ysmd/xxjs/201911/t20191121_4724698.html,,,,,,待单人精确检索,,,,Fengyi Jiang | 南昌大学 | 信息技术科学部 | English journal DOI
ACAD01264,江龙,Long Jiang,CAS,2001,化学部,中国科学院化学研究所,https://casad.cas.cn/ysxx2022/ygys/200906/t20090624_1802249.html,,,,,,待单人精确检索,,,,Long Jiang | 中国科学院化学研究所 | 化学部 | English journal DOI
ACAD01267,汤定元,Dingyuan Tang,CAS,1991,数学物理学部,中国科学院上海技术物理研究所,https://casad.cas.cn/ysxx2022/ygys/200906/t20090624_1792016.html,,,,,,待单人精确检索,,,,Dingyuan Tang | 中国科学院上海技术物理研究所 | 数学物理学部 | English journal DOI
ACAD01270,汤涛,Tao Tang,CAS,2017,数学物理学部,南方科技大学,https://casad.cas.cn/ysxx2022/ysmd/sxwl/201711/t20171129_4625045.html,,,,,,待单人精确检索,,,,Tao Tang | 南方科技大学 | 数学物理学部 | English journal DOI
ACAD01271,汤超,Chao Tang,CAS,2019,数学物理学部,北京大学,https://casad.cas.cn/ysxx2022/ysmd/sxwl/201911/t20191121_4724653.html,,,,,,待单人精确检索,,,,Chao Tang | 北京大学 | 数学物理学部 | English journal DOI
ACAD01275,汪卫华,Hua Wangwei,CAS,2015,技术科学部,中国科学院物理研究所,https://casad.cas.cn/ysxx2022/ysmd/jskx/201512/t20151224_4502683.html,,,,,,待单人精确检索,,,,Hua Wangwei | 中国科学院物理研究所 | 技术科学部 | English journal DOI
ACAD01276,汪品先,Xian Wangpin,CAS,1991,地学部,同济大学,https://casad.cas.cn/ysxx2022/ysmd/dxb/200906/t20090624_1804283.html,,,,,,待单人精确检索,,,,Xian Wangpin | 同济大学 | 地学部 | English journal DOI
ACAD01277,汪尔康,Kang Wanger,CAS,1991,化学部,中国科学院长春应用化学研究所,https://casad.cas.cn/ysxx2022/ysmd/hxb/200906/t20090624_1802133.html,,,,,,待单人精确检索,,,,Kang Wanger | 中国科学院长春应用化学研究所 | 化学部 | English journal DOI
ACAD01279,汪忠镐,Gao Wangzhong,CAS,2005,生命科学和医学学部,首都医科大学,https://casad.cas.cn/ysxx2022/ygys/200906/t20090624_1803156.html,,,,,,待单人精确检索,,,,Gao Wangzhong | 首都医科大学 | 生命科学和医学学部 | English journal DOI
ACAD01282,汪承灏,Wangchenghao,CAS,2001,数学物理学部,中国科学院声学研究所,https://casad.cas.cn/ysxx2022/ygys/200906/t20090624_1792010.html,,,,,,待单人精确检索,,,,Wangchenghao | 中国科学院声学研究所 | 数学物理学部 | English journal DOI
ACAD01284,汪景琇,Wangjingxiu,CAS,2013,数学物理学部,中国科学院国家天文台,https://casad.cas.cn/ysxx2022/ysmd/sxwl/201312/t20131219_4001985.html,,,,,,待单人精确检索,,,,Wangjingxiu | 中国科学院国家天文台 | 数学物理学部 | English journal DOI
ACAD01287,汪耕,Wanggeng,CAS,1991,技术科学部,上海电机厂,https://casad.cas.cn/ysxx2022/ygys/200906/t20090624_1808248.html,,,,,,待单人精确检索,,,,Wanggeng | 上海电机厂 | 技术科学部 | English journal DOI
ACAD01289,汪集旸,Yang Wangji,CAS,1995,地学部,中国科学院地质研究所,https://casad.cas.cn/ysxx2022/ysmd/dxb/200906/t20090624_1804287.html,,,,,,待单人精确检索,,,,Yang Wangji | 中国科学院地质研究所 | 地学部 | English journal DOI
ACAD01292,沈之荃,Zhiquan Shen,CAS,1995,化学部,浙江大学,https://casad.cas.cn/ysxx2022/ygys/200906/t20090624_1802161.html,,,,,,待单人精确检索,,,,Zhiquan Shen | 浙江大学 | 化学部 | English journal DOI
ACAD01293,沈保根,Baogen Shen,CAS,2011,技术科学部,中国科学院物理研究所,https://casad.cas.cn/ysxx2022/ysmd/jskx/201112/t20111213_3412400.html,,,,,,待单人精确检索,,,,Baogen Shen | 中国科学院物理研究所 | 技术科学部 | English journal DOI
ACAD01296,沈其韩,Qihan Shen,CAS,1991,地学部,中国地质科学院,https://casad.cas.cn/ysxx2022/ygys/200906/t20090624_1804324.html,,,,,,待单人精确检索,,,,Qihan Shen | 中国地质科学院 | 地学部 | English journal DOI
ACAD01299,沈学础,Xuechu Shen,CAS,1995,数学物理学部,中国科学院上海技术物理研究所,https://casad.cas.cn/ysxx2022/ysmd/sxwl/200906/t20090624_1792021.html,,,,,,待单人精确检索,,,,Xuechu Shen | 中国科学院上海技术物理研究所 | 数学物理学部 | English journal DOI
ACAD01302,沈家骢,Jiacong Shen,CAS,1991,化学部,吉林大学,https://casad.cas.cn/ysxx2022/ysmd/hxb/200906/t20090624_1802167.html,,,,,,待单人精确检索,,,,Jiacong Shen | 吉林大学 | 化学部 | English journal DOI
ACAD01304,沈岩,Yan Shen,CAS,2003,生命科学和医学学部,北京协和医学院,https://casad.cas.cn/ysxx2022/ysmd/smkx/200906/t20090624_1803204.html,,,,,,待单人精确检索,,,,Yan Shen | 北京协和医学院 | 生命科学和医学学部 | English journal DOI
ACAD01307,沈志云,Zhiyun Shen,CAE; CAS,1991,CAS: 技术科学部 | CAE: 机械与运载工程学部,西南交通大学,https://casad.cas.cn/ysxx2022/ysmd/jskx/200906/t20090624_1808270.html,,,,,,待单人精确检索,,,,Zhiyun Shen | 西南交通大学 | CAS: 技术科学部 | CAE: 机械与运载工程学部 | English journal DOI
ACAD01310,沈文庆,Wenqing Shen,CAS,1999,数学物理学部,中国科学院上海原子核研究所,https://casad.cas.cn/ysxx2022/ysmd/sxwl/200906/t20090624_1792022.html,,,,,,待单人精确检索,,,,Wenqing Shen | 中国科学院上海原子核研究所 | 数学物理学部 | English journal DOI
ACAD01312,沈树忠,Shuzhong Shen,CAS,2015,地学部,中国科学院南京地质古生物研究所,https://casad.cas.cn/ysxx2022/ysmd/dxb/201512/t20151224_4502637.html,,,,,,待单人精确检索,,,,Shuzhong Shen | 中国科学院南京地质古生物研究所 | 地学部 | English journal DOI
ACAD01318,沈绪榜,Xubang Shen,CAS,1997,信息技术科学部,中国航天工业总公司九院771研究所,https://casad.cas.cn/ysxx2022/ygys/200906/t20090624_1807753.html,,,,,,待单人精确检索,,,,Xubang Shen | 中国航天工业总公司九院771研究所 | 信息技术科学部 | English journal DOI
ACAD01320,沈自尹,Ziyin Shen,CAS,1997,生命科学和医学学部,复旦大学,https://casad.cas.cn/ysxx2022/ygys/200906/t20090624_1803198.html,,,,,,待单人精确检索,,,,Ziyin Shen | 复旦大学 | 生命科学和医学学部 | English journal DOI
ACAD01325,沙国河,Guohe Sha,CAS,1997,化学部,中国科学院大连化学物理研究所,https://casad.cas.cn/ysxx2022/ysmd/hxb/200906/t20090624_1802173.html,,,,,,待单人精确检索,,,,Guohe Sha | 中国科学院大连化学物理研究所 | 化学部 | English journal DOI
ACAD01328,洪国藩,Fan Hongguo,CAS,1997,生命科学和医学学部,中国科学院上海生物化学研究所,https://casad.cas.cn/ysxx2022/ysmd/smkx/200906/t20090624_1803295.html,,,,,,待单人精确检索,,,,Fan Hongguo | 中国科学院上海生物化学研究所 | 生命科学和医学学部 | English journal DOI
ACAD01329,洪孟民,Min Hongmeng,CAS,1991,生命科学和医学学部,中国科学院上海植物生理研究所,https://casad.cas.cn/ysxx2022/ygys/200906/t20090624_1803292.html,,,,,,待单人精确检索,,,,Min Hongmeng | 中国科学院上海植物生理研究所 | 生命科学和医学学部 | English journal DOI
ACAD01330,洪家兴,Xing Hongjia,CAS,2003,数学物理学部,复旦大学,https://casad.cas.cn/ysxx2022/ysmd/sxwl/200906/t20090624_1792056.html,,,,,,待单人精确检索,,,,Xing Hongjia | 复旦大学 | 数学物理学部 | English journal DOI
ACAD01331,洪德元,Yuan Hongde,CAS,1991,生命科学和医学学部,中国科学院植物研究所,https://casad.cas.cn/ysxx2022/ysmd/smkx/200906/t20090624_1803298.html,,,,,,待单人精确检索,,,,Yuan Hongde | 中国科学院植物研究所 | 生命科学和医学学部 | English journal DOI
ACAD01333,洪茂椿,Chun Hongmao,CAS,2003,化学部,中国科学院福建物质结构研究所,https://casad.cas.cn/ysxx2022/ysmd/hxb/200906/t20090624_1802288.html,,,,,,待单人精确检索,,,,Chun Hongmao | 中国科学院福建物质结构研究所 | 化学部 | English journal DOI
ACAD01334,涂传诒,Chuanyi Tu,CAS,2001,地学部,北京大学,https://casad.cas.cn/ysxx2022/ysmd/dxb/200906/t20090624_1804290.html,,,,,,待单人精确检索,,,,Chuanyi Tu | 北京大学 | 地学部 | English journal DOI
ACAD01336,涂永强,Yongqiang Tu,CAS,2009,化学部,兰州大学,https://casad.cas.cn/ysxx2022/ysmd/hxb/200912/t20091203_2681366.html,,,,,,待单人精确检索,,,,Yongqiang Tu | 兰州大学 | 化学部 | English journal DOI
ACAD01339,温诗铸,Zhu Wenshi,CAS,1999,技术科学部,清华大学,https://casad.cas.cn/ysxx2022/ygys/200906/t20090624_1808225.html,,,,,,待单人精确检索,,,,Zhu Wenshi | 清华大学 | 技术科学部 | English journal DOI
ACAD01341,游效曾,Ceng Youxiao,CAS,1991,化学部,南京大学,https://casad.cas.cn/ysxx2022/ygys/200906/t20090624_1802073.html,,,,,,待单人精确检索,,,,Ceng Youxiao | 南京大学 | 化学部 | English journal DOI
ACAD01342,滕吉文,Jiwen Teng,CAS,1999,地学部,中国科学院地球物理研究所,https://casad.cas.cn/ysxx2022/ysmd/dxb/200906/t20090624_1804300.html,,,,,,待单人精确检索,,,,Jiwen Teng | 中国科学院地球物理研究所 | 地学部 | English journal DOI
ACAD01343,滕皋军,Gaojun Teng,CAS,2021,生命科学和医学学部,东南大学,https://casad.cas.cn/ysxx2022/ysmd/smkx/202201/t20220111_4821760.html,,,,,,待单人精确检索,,,,Gaojun Teng | 东南大学 | 生命科学和医学学部 | English journal DOI
ACAD01344,滕锦光,Jinguang Teng,CAS,2017,技术科学部,香港理工大学,https://casad.cas.cn/ysxx2022/ysmd/jskx/201711/t20171129_4625102.html,,,,,,待单人精确检索,,,,Jinguang Teng | 香港理工大学 | 技术科学部 | English journal DOI
ACAD01352,潘建伟,Jianwei Pan,CAS,2011,数学物理学部,中国科学技术大学,https://casad.cas.cn/ysxx2022/ysmd/sxwl/201112/t20111213_3412296.html,,,,,,待单人精确检索,,,,Jianwei Pan | 中国科学技术大学 | 数学物理学部 | English journal DOI
ACAD01355,潘永信,Yongxin Pan,CAS,2017,地学部,中国科学院地质与地球物理研究所,https://casad.cas.cn/ysxx2022/ysmd/dxb/201711/t20171129_4625084.html,,,,,,待单人精确检索,,,,Yongxin Pan | 中国科学院地质与地球物理研究所 | 地学部 | English journal DOI
ACAD01359,焦念志,Nianzhi Jiao,CAS,2011,地学部,厦门大学,https://casad.cas.cn/ysxx2022/ysmd/dxb/201112/t20111213_3412384.html,,,,,,待单人精确检索,,,,Nianzhi Jiao | 厦门大学 | 地学部 | English journal DOI
ACAD01361,熊大闰,Darun Xiong,CAS,1991,数学物理学部,中国科学院紫金山天文台,https://casad.cas.cn/ysxx2022/ygys/200906/t20090624_1791989.html,,,,,,待单人精确检索,,,,Darun Xiong | 中国科学院紫金山天文台 | 数学物理学部 | English journal DOI
ACAD01362,熊有伦,Youlun Xiong,CAS,1995,技术科学部,华中科技大学,https://casad.cas.cn/ysxx2022/ysmd/jskx/200906/t20090624_1808202.html,,,,,,待单人精确检索,,,,Youlun Xiong | 华中科技大学 | 技术科学部 | English journal DOI
ACAD01367,王世绩,Shiji Wang,CAS,1999,数学物理学部,中国工程物理研究院上海激光等离子体研究所,https://casad.cas.cn/ysxx2022/ysmd/sxwl/200906/t20090624_1792004.html,,,,,,待单人精确检索,,,,Shiji Wang | 中国工程物理研究院上海激光等离子体研究所 | 数学物理学部 | English journal DOI
ACAD01368,王业宁,Yening Wang,CAS,1991,数学物理学部,南京大学,https://casad.cas.cn/ysxx2022/ygys/200906/t20090624_1792001.html,,,,,,待单人精确检索,,,,Yening Wang | 南京大学 | 数学物理学部 | English journal DOI
ACAD01369,王乃彦,Naiyan Wang,CAS,1993,数学物理学部,核工业总公司中国原子能科学研究院,https://casad.cas.cn/ysxx2022/ysmd/sxwl/200906/t20090624_1792006.html,,,,,,待单人精确检索,,,,Naiyan Wang | 核工业总公司中国原子能科学研究院 | 数学物理学部 | English journal DOI
ACAD01370,王之江,Zhijiang Wang,CAS,1991,信息技术科学部,中国科学院上海光学精密机械研究所,https://casad.cas.cn/ysxx2022/ysmd/xxjs/200906/t20090624_1807726.html,,,,,,待单人精确检索,,,,Zhijiang Wang | 中国科学院上海光学精密机械研究所 | 信息技术科学部 | English journal DOI
ACAD01372,王以政,Yizheng Wang,CAS,2021,生命科学和医学学部,中国人民解放军军事科学院,https://casad.cas.cn/ysxx2022/ysmd/smkx/202201/t20220111_4821762.html,,,,,,待单人精确检索,,,,Yizheng Wang | 中国人民解放军军事科学院 | 生命科学和医学学部 | English journal DOI
ACAD01376,王会军,Huijun Wang,CAS,2013,地学部,中国科学院大气物理研究所,https://casad.cas.cn/ysxx2022/ysmd/dxb/201312/t20131219_4646112.html,,,,,,待单人精确检索,,,,Huijun Wang | 中国科学院大气物理研究所 | 地学部 | English journal DOI
ACAD01377,王佛松,Fusong Wang,CAS,1991,化学部,中国科学院,https://casad.cas.cn/ysxx2022/ygys/200906/t20090624_1802124.html,,,,,,待单人精确检索,,,,Fusong Wang | 中国科学院 | 化学部 | English journal DOI
ACAD01379,王光谦,Guangqian Wang,CAS,2009,技术科学部,清华大学,https://casad.cas.cn/ysxx2022/ysmd/jskx/200912/t20091203_2681406.html,,,,,,待单人精确检索,,,,Guangqian Wang | 清华大学 | 技术科学部 | English journal DOI
ACAD01381,王克明,Keming Wang,CAS,2007,技术科学部,山东大学,https://casad.cas.cn/ysxx2022/ygys/200906/t20090624_1808236.html,,,,,,待单人精确检索,,,,Keming Wang | 山东大学 | 技术科学部 | English journal DOI
ACAD01386,王占国,Zhanguo Wang,CAS,1995,信息技术科学部,中国科学院半导体研究所,https://casad.cas.cn/ysxx2022/ysmd/xxjs/200906/t20090624_1807728.html,,,,,,待单人精确检索,,,,Zhanguo Wang | 中国科学院半导体研究所 | 信息技术科学部 | English journal DOI
ACAD01390,王启明,Qiming Wang,CAS,1991,信息技术科学部,中国科学院半导体研究所,https://casad.cas.cn/ysxx2022/ysmd/xxjs/200906/t20090624_1807743.html,,,,,,待单人精确检索,,,,Qiming Wang | 中国科学院半导体研究所 | 信息技术科学部 | English journal DOI
ACAD01395,王圩,Wei Wang,CAS,1997,技术科学部,中国科学院半导体研究所,https://casad.cas.cn/ysxx2022/ygys/200906/t20090624_1807737.html,,,,,,待单人精确检索,,,,Wei Wang | 中国科学院半导体研究所 | 技术科学部 | English journal DOI
ACAD01400,王夔,Kui Wang,CAS,1991,化学部,北京大学,https://casad.cas.cn/ysxx2022/ygys/200906/t20090624_1802121.html,,,,,,待单人精确检索,,,,Kui Wang | 北京大学 | 化学部 | English journal DOI
ACAD01401,王大中,Dazhong Wang,CAS,1993,技术科学部,清华大学,https://casad.cas.cn/ysxx2022/ysmd/jskx/200906/t20090624_1808241.html,,,,,,待单人精确检索,,,,Dazhong Wang | 清华大学 | 技术科学部 | English journal DOI
ACAD01402,王大成,Dacheng Wang,CAS,2005,生命科学和医学学部,中国科学院生物物理研究所,https://casad.cas.cn/ysxx2022/ygys/200906/t20090624_1803153.html,,,,,,待单人精确检索,,,,Dacheng Wang | 中国科学院生物物理研究所 | 生命科学和医学学部 | English journal DOI
ACAD01410,王家骐,Jiaqi Wang,CAS,2005,信息技术科学部,中国科学院长春光学精密机械与物理研究所,https://casad.cas.cn/ysxx2022/ysmd/xxjs/200906/t20090624_1807745.html,,,,,,待单人精确检索,,,,Jiaqi Wang | 中国科学院长春光学精密机械与物理研究所 | 信息技术科学部 | English journal DOI
ACAD01412,王小云,Xiaoyun Wang,CAS,2017,数学物理学部,清华大学,https://casad.cas.cn/ysxx2022/ysmd/sxwl/201711/t20171129_4625046.html,,,,,,待单人精确检索,,,,Xiaoyun Wang | 清华大学 | 数学物理学部 | English journal DOI
ACAD01415,王崇愚,Chongyu Wang,CAS,1993,技术科学部,冶金部钢铁研究总院,https://casad.cas.cn/ysxx2022/ygys/200906/t20090624_1808243.html,,,,,,待单人精确检索,,,,Chongyu Wang | 冶金部钢铁研究总院 | 技术科学部 | English journal DOI
ACAD01416,王巍,Wei Wang,CAS,2013,信息技术科学部,中国航天科技集团公司第九研究院,https://casad.cas.cn/ysxx2022/ysmd/xxjs/201312/t20131219_4646121.html,,,,,,待单人精确检索,,,,Wei Wang | 中国航天科技集团公司第九研究院 | 信息技术科学部 | English journal DOI
ACAD01417,王希季,Xiji Wang,CAS,1993,技术科学部,航天工业总公司中国空间技术研究院,https://casad.cas.cn/ysxx2022/ygys/200906/t20090624_1808230.html,,,,,,待单人精确检索,,,,Xiji Wang | 航天工业总公司中国空间技术研究院 | 技术科学部 | English journal DOI
ACAD01418,王广厚,Guanghou Wang,CAS,2011,数学物理学部,南京大学,https://casad.cas.cn/ysxx2022/ysmd/sxwl/201112/t20111213_3412295.html,,,,,,待单人精确检索,,,,Guanghou Wang | 南京大学 | 数学物理学部 | English journal DOI
ACAD01421,王建宇,Jianyu Wang,CAS,2017,信息技术科学部,中国科学院上海技术物理研究所,https://casad.cas.cn/ysxx2022/ysmd/xxjs/201711/t20171129_4625089.html,,,,,,待单人精确检索,,,,Jianyu Wang | 中国科学院上海技术物理研究所 | 信息技术科学部 | English journal DOI
ACAD01424,王德滋,Dezi Wang,CAS,1997,地学部,南京大学,https://casad.cas.cn/ysxx2022/ysmd/dxb/200906/t20090624_1804279.html,,,,,,待单人精确检索,,,,Dezi Wang | 南京大学 | 地学部 | English journal DOI
ACAD01425,王志新,Zhixin Wang,CAS,1997,生命科学和医学学部,中国科学院生物物理研究所,https://casad.cas.cn/ysxx2022/ysmd/smkx/200906/t20090624_1803136.html,,,,,,待单人精确检索,,,,Zhixin Wang | 中国科学院生物物理研究所 | 生命科学和医学学部 | English journal DOI
ACAD01426,王志珍,Zhizhen Wang,CAS,2001,生命科学和医学学部,中国科学院生物物理研究所,https://casad.cas.cn/ysxx2022/ysmd/smkx/200906/t20090624_1803131.html,,,,,,待单人精确检索,,,,Zhizhen Wang | 中国科学院生物物理研究所 | 生命科学和医学学部 | English journal DOI
ACAD01428,王怀民,Huaimin Wang,CAS,2019,信息技术科学部,中国人民解放军国防科学技术大学,https://casad.cas.cn/ysxx2022/ysmd/xxjs/201911/t20191121_4724699.html,,,,,,待单人精确检索,,,,Huaimin Wang | 中国人民解放军国防科学技术大学 | 信息技术科学部 | English journal DOI
ACAD01431,王恩哥,Enge Wang,CAS,2007,数学物理学部,中国科学院物理研究所,https://casad.cas.cn/ysxx2022/ysmd/sxwl/200906/t20090624_1792007.html,,,,,,待单人精确检索,,,,Enge Wang | 中国科学院物理研究所 | 数学物理学部 | English journal DOI
ACAD01432,王恩多,Enduo Wang,CAS,2005,生命科学和医学学部,中国科学院上海生命科学研究院,https://casad.cas.cn/ysxx2022/ysmd/smkx/200906/t20090624_1803150.html,,,,,,待单人精确检索,,,,Enduo Wang | 中国科学院上海生命科学研究院 | 生命科学和医学学部 | English journal DOI
ACAD01433,王成善,Chengshan Wang,CAS,2013,地学部,中国地质大学（北京）,https://casad.cas.cn/ysxx2022/ysmd/dxb/201312/t20131219_4646113.html,,,,,,待单人精确检索,,,,Chengshan Wang | 中国地质大学（北京） | 地学部 | English journal DOI
ACAD01439,王文采,Wencai Wang,CAS,1993,生命科学和医学学部,中国科学院植物研究所,https://casad.cas.cn/ysxx2022/ygys/200906/t20090624_1803143.html,,,,,,待单人精确检索,,,,Wencai Wang | 中国科学院植物研究所 | 生命科学和医学学部 | English journal DOI
ACAD01440,王方定,Fangding Wang,CAS,1991,化学部,中国原子能科学研究院,https://casad.cas.cn/ysxx2022/ysmd/hxb/200906/t20090624_1802127.html,,,,,,待单人精确检索,,,,Fangding Wang | 中国原子能科学研究院 | 化学部 | English journal DOI
ACAD01445,王曦,Xi Wang,CAS,2009,技术科学部,中国科学院上海微系统与信息技术所,https://casad.cas.cn/ysxx2022/ysmd/jskx/200912/t20091203_2681402.html,,,,,,待单人精确检索,,,,Xi Wang | 中国科学院上海微系统与信息技术所 | 技术科学部 | English journal DOI
ACAD01446,王松灵,Songling Wang,CAS,2019,生命科学和医学学部,首都医科大学,https://casad.cas.cn/ysxx2022/ysmd/smkx/201911/t20191121_4724682.html,,,,,,待单人精确检索,,,,Songling Wang | 首都医科大学 | 生命科学和医学学部 | English journal DOI
ACAD01449,王梅祥,Meixiang Wang,CAS,2021,化学部,清华大学,https://casad.cas.cn/ysxx2022/ysmd/hxb/202201/t20220111_4821748.html,,,,,,待单人精确检索,,,,Meixiang Wang | 清华大学 | 化学部 | English journal DOI
ACAD01450,王梓坤,Zikun Wang,CAS,1991,数学物理学部,北京师范大学,https://casad.cas.cn/ysxx2022/ysmd/sxwl/200906/t20090624_1791999.html,,,,,,待单人精确检索,,,,Zikun Wang | 北京师范大学 | 数学物理学部 | English journal DOI
ACAD01453,王正敏,Zhengmin Wang,CAS,2005,生命科学和医学学部,复旦大学,https://casad.cas.cn/ysxx2022/ysmd/smkx/200906/t20090624_1803139.html,,,,,,待单人精确检索,,,,Zhengmin Wang | 复旦大学 | 生命科学和医学学部 | English journal DOI
ACAD01454,王水,Shui Wang,CAS,1993,地学部,中国科学技术大学,https://casad.cas.cn/ysxx2022/ysmd/dxb/200906/t20090624_1804271.html,,,,,,待单人精确检索,,,,Shui Wang | 中国科学技术大学 | 地学部 | English journal DOI
ACAD01457,王永良,Yongliang Wang,CAS,2015,信息技术科学部,中国人民解放军空军预警学院,https://casad.cas.cn/ysxx2022/ysmd/xxjs/201512/t20151224_4502653.html,,,,,,待单人精确检索,,,,Yongliang Wang | 中国人民解放军空军预警学院 | 信息技术科学部 | English journal DOI
ACAD01467,王淀佐,Dianzuo Wang,CAE; CAS,1991,CAS: 技术科学部 | CAE: 化工、冶金与材料工程学部,CAS: 中南大学 | CAE: 北京有色金属研究总院,https://casad.cas.cn/ysxx2022/ygys/200906/t20090624_1808238.html,,,,,,待单人精确检索,,,,Dianzuo Wang | CAS: 中南大学 | CAE: 北京有色金属研究总院 | CAS: 技术科学部 | CAE: 化工、冶金与材料工程学部 | English journal DOI
ACAD01469,王焰新,Yanxin Wang,CAS,2019,地学部,中国地质大学（武汉）,https://casad.cas.cn/ysxx2022/ysmd/dxb/201911/t20191121_4724690.html,,,,,,待单人精确检索,,,,Yanxin Wang | 中国地质大学（武汉） | 地学部 | English journal DOI
ACAD01473,王玉鹏,Yupeng Wang,CAS,2021,数学物理学部,中国科学院物理研究所,https://casad.cas.cn/ysxx2022/ysmd/sxwl/202201/t20220111_4821735.html,,,,,,待单人精确检索,,,,Yupeng Wang | 中国科学院物理研究所 | 数学物理学部 | English journal DOI
ACAD01479,王福生,Fusheng Wang,CAS,2015,生命科学和医学学部,中国人民解放军第三〇二医院,https://casad.cas.cn/ysxx2022/ysmd/smkx/201512/t20151224_4502210.html,,,,,,待单人精确检索,,,,Fusheng Wang | 中国人民解放军第三〇二医院 | 生命科学和医学学部 | English journal DOI
ACAD01480,王秋良,Qiuliang Wang,CAS,2019,技术科学部,中国科学院电工研究所,https://casad.cas.cn/ysxx2022/ysmd/jskx/201911/t20191121_4724708.html,,,,,,待单人精确检索,,,,Qiuliang Wang | 中国科学院电工研究所 | 技术科学部 | English journal DOI
ACAD01481,王立军,Lijun Wang,CAS,2013,信息技术科学部,中国科学院长春光学精密机械与物理研究所,https://casad.cas.cn/ysxx2022/ysmd/xxjs/201312/t20131219_4646122.html,,,,,,待单人精确检索,,,,Lijun Wang | 中国科学院长春光学精密机械与物理研究所 | 信息技术科学部 | English journal DOI
ACAD01482,王立鼎,Liding Wang,CAS,1995,技术科学部,中国科学院长春常光学精密机械研究所,https://casad.cas.cn/ysxx2022/ysmd/jskx/200906/t20090624_1808233.html,,,,,,待单人精确检索,,,,Liding Wang | 中国科学院长春常光学精密机械研究所 | 技术科学部 | English journal DOI
ACAD01485,王育竹,Yuzhu Wang,CAS,1997,信息技术科学部,中国科学院上海光学精密机械研究所,https://casad.cas.cn/ysxx2022/ysmd/xxjs/200906/t20090624_1807732.html,,,,,,待单人精确检索,,,,Yuzhu Wang | 中国科学院上海光学精密机械研究所 | 信息技术科学部 | English journal DOI
ACAD01487,王自强,Ziqiang Wang,CAS,2009,技术科学部,中国科学院力学所,https://casad.cas.cn/ysxx2022/ysmd/jskx/200912/t20091203_2681407.html,,,,,,待单人精确检索,,,,Ziqiang Wang | 中国科学院力学所 | 技术科学部 | English journal DOI
ACAD01488,王诗宬,Shicheng Wang,CAS,2005,数学物理学部,北京大学,https://casad.cas.cn/ysxx2022/ysmd/sxwl/200906/t20090624_1792005.html,,,,,,待单人精确检索,,,,Shicheng Wang | 北京大学 | 数学物理学部 | English journal DOI
ACAD01489,王贻芳,Yifang Wang,CAS,2015,数学物理学部,中国科学院高能物理研究所,https://casad.cas.cn/ysxx2022/ysmd/sxwl/201512/t20151224_4502070.html,,,,,,待单人精确检索,,,,Yifang Wang | 中国科学院高能物理研究所 | 数学物理学部 | English journal DOI
ACAD01490,王赤,Chi Wang,CAS,2019,地学部,中国科学院国家空间科学中心,https://casad.cas.cn/ysxx2022/ysmd/dxb/201911/t20191121_4724689.html,,,,,,待单人精确检索,,,,Chi Wang | 中国科学院国家空间科学中心 | 地学部 | English journal DOI
ACAD01492,王越,Yue Wang,CAE; CAS,1991,CAS: 信息技术科学部 | CAE: 信息与电子工程学部,中国兵器工业第二零六研究所,https://casad.cas.cn/ysxx2022/ysmd/xxjs/200906/t20090624_1807730.html,,,,,,待单人精确检索,,,,Yue Wang | 中国兵器工业第二零六研究所 | CAS: 信息技术科学部 | CAE: 信息与电子工程学部 | English journal DOI
ACAD01494,王迅,Xun Wang,CAS,1999,数学物理学部,复旦大学,https://casad.cas.cn/ysxx2022/ygys/200906/t20090624_1792002.html,,,,,,待单人精确检索,,,,Xun Wang | 复旦大学 | 数学物理学部 | English journal DOI
ACAD01499,王金龙,Jinlong Wang,CAS,2019,信息技术科学部,中国人民解放军陆军工程大学,https://casad.cas.cn/ysxx2022/ysmd/xxjs/201911/t20191121_4724700.html,,,,,,待单人精确检索,,,,Jinlong Wang | 中国人民解放军陆军工程大学 | 信息技术科学部 | English journal DOI
ACAD01500,王铁冠,Tieguan Wang,CAS,2005,地学部,中国石油大学（北京）,https://casad.cas.cn/ysxx2022/ysmd/dxb/200906/t20090624_1804267.html,,,,,,待单人精确检索,,,,Tieguan Wang | 中国石油大学（北京） | 地学部 | English journal DOI
ACAD01502,王锡凡,Xifan Wang,CAS,2009,技术科学部,西安交通大学,https://casad.cas.cn/ysxx2022/ysmd/jskx/200912/t20091203_2681408.html,,,,,,待单人精确检索,,,,Xifan Wang | 西安交通大学 | 技术科学部 | English journal DOI
ACAD01503,王阳元,Yangyuan Wang,CAS,1995,信息技术科学部,北京大学,https://casad.cas.cn/ysxx2022/ysmd/xxjs/200906/t20090624_1807734.html,,,,,,待单人精确检索,,,,Yangyuan Wang | 北京大学 | 信息技术科学部 | English journal DOI
ACAD01507,王颖,Ying Wang,CAS,2001,地学部,南京大学,https://casad.cas.cn/ysxx2022/ysmd/dxb/200906/t20090624_1804263.html,,,,,,待单人精确检索,,,,Ying Wang | 南京大学 | 地学部 | English journal DOI
ACAD01508,王鼎盛,Dingsheng Wang,CAS,2005,数学物理学部,中国科学院物理研究所,https://casad.cas.cn/ysxx2022/ysmd/sxwl/200906/t20090624_1792009.html,,,,,,待单人精确检索,,,,Dingsheng Wang | 中国科学院物理研究所 | 数学物理学部 | English journal DOI
ACAD01510,甘子钊,Zizhao Gan,CAS,1991,数学物理学部,北京大学,https://casad.cas.cn/ysxx2022/ysmd/sxwl/200906/t20090624_1792067.html,,,,,,待单人精确检索,,,,Zizhao Gan | 北京大学 | 数学物理学部 | English journal DOI
ACAD01512,田中群,Zhongqun Tian,CAS,2005,化学部,厦门大学,https://casad.cas.cn/ysxx2022/ysmd/hxb/200906/t20090624_1802143.html,,,,,,待单人精确检索,,,,Zhongqun Tian | 厦门大学 | 化学部 | English journal DOI
ACAD01514,田刚,Gang Tian,CAS,2001,数学物理学部,北京大学,https://casad.cas.cn/ysxx2022/ysmd/sxwl/200906/t20090624_1792013.html,,,,,,待单人精确检索,,,,Gang Tian | 北京大学 | 数学物理学部 | English journal DOI
ACAD01515,田在艺,Zaiyi Tian,CAS,1997,地学部,中国石油天然气总公司北京石油勘探开发科学研究院,https://casad.cas.cn/ysxx2022/ygys/200906/t20090624_1804297.html,,,,,,待单人精确检索,,,,Zaiyi Tian | 中国石油天然气总公司北京石油勘探开发科学研究院 | 地学部 | English journal DOI
ACAD01517,田永君,Yongjun Tian,CAS,2017,技术科学部,燕山大学,https://casad.cas.cn/ysxx2022/ysmd/jskx/201711/t20171129_4625103.html,,,,,,待单人精确检索,,,,Yongjun Tian | 燕山大学 | 技术科学部 | English journal DOI
ACAD01518,田波,Bo Tian,CAS,1991,生命科学和医学学部,中国科学院微生物研究所,https://casad.cas.cn/ysxx2022/ygys/200906/t20090624_1803162.html,,,,,,待单人精确检索,,,,Bo Tian | 中国科学院微生物研究所 | 生命科学和医学学部 | English journal DOI
ACAD01519,田禾,He Tian,CAS,2011,化学部,华东理工大学,https://casad.cas.cn/ysxx2022/ysmd/hxb/201112/t20111213_3412360.html,,,,,,待单人精确检索,,,,He Tian | 华东理工大学 | 化学部 | English journal DOI
ACAD01523,申长雨,Zhangyu Shen,CAS,2009,技术科学部,郑州大学,https://casad.cas.cn/ysxx2022/ysmd/jskx/200912/t20091203_2681410.html,,,,,,待单人精确检索,,,,Zhangyu Shen | 郑州大学 | 技术科学部 | English journal DOI
ACAD01524,白以龙,Long Baiyi,CAS,1991,数学物理学部,中国科学院力学研究所,https://casad.cas.cn/ysxx2022/ygys/200906/t20090624_1792084.html,,,,,,待单人精确检索,,,,Long Baiyi | 中国科学院力学研究所 | 数学物理学部 | English journal DOI
ACAD01525,白春礼,Li Baichun,CAS,1997,化学部,中国科学院化学研究所,https://casad.cas.cn/ysxx2022/ysmd/hxb/200906/t20090624_1802366.html,,,,,,待单人精确检索,,,,Li Baichun | 中国科学院化学研究所 | 化学部 | English journal DOI
ACAD01529,相里斌,Bin Xiangli,CAS,2019,信息技术科学部,中国科学院光电研究院,https://casad.cas.cn/ysxx2022/ysmd/xxjs/201911/t20191121_4724701.html,,,,,,待单人精确检索,,,,Bin Xiangli | 中国科学院光电研究院 | 信息技术科学部 | English journal DOI
ACAD01531,石元春,Yuanchun Shi,CAE; CAS,1991,CAS: 生命科学和医学学部 | CAE: 农业学部,中国农业大学,https://casad.cas.cn/ysxx2022/ysmd/smkx/200906/t20090624_1803186.html,,,,,,待单人精确检索,,,,Yuanchun Shi | 中国农业大学 | CAS: 生命科学和医学学部 | CAE: 农业学部 | English journal DOI
ACAD01534,石广玉,Guangyu Shi,CAS,2011,地学部,中国科学院大气物理研究所,https://casad.cas.cn/ysxx2022/ysmd/dxb/201112/t20111213_3412386.html,,,,,,待单人精确检索,,,,Guangyu Shi | 中国科学院大气物理研究所 | 地学部 | English journal DOI
ACAD01537,石耀霖,Yaolin Shi,CAS,2001,地学部,中国科学院研究生院,https://casad.cas.cn/ysxx2022/ysmd/dxb/200906/t20090624_1804317.html,,,,,,待单人精确检索,,,,Yaolin Shi | 中国科学院研究生院 | 地学部 | English journal DOI
ACAD01538,石钟慈,Zhongci Shi,CAS,1991,数学物理学部,中国科学院计算中心,https://casad.cas.cn/ysxx2022/ygys/200906/t20090624_1792020.html,,,,,,待单人精确检索,,,,Zhongci Shi | 中国科学院计算中心 | 数学物理学部 | English journal DOI
ACAD01540,祝世宁,Shining Zhu,CAS,2007,技术科学部,南京大学,https://casad.cas.cn/ysxx2022/ysmd/jskx/200906/t20090624_1808109.html,,,,,,待单人精确检索,,,,Shining Zhu | 南京大学 | 技术科学部 | English journal DOI
ACAD01541,祝学军,Xuejun Zhu,CAS,2019,技术科学部,中国航天科技集团有限公司第一研究院,https://casad.cas.cn/ysxx2022/ysmd/jskx/201911/t20191121_4724716.html,,,,,,待单人精确检索,,,,Xuejun Zhu | 中国航天科技集团有限公司第一研究院 | 技术科学部 | English journal DOI
ACAD01542,祝宁华,Ninghua Zhu,CAS,2021,信息技术科学部,雄安创新研究院、中国科学院半导体研究所,https://casad.cas.cn/ysxx2022/ysmd/xxjs/202201/t20220111_4821795.html,,,,,,待单人精确检索,,,,Ninghua Zhu | 雄安创新研究院、中国科学院半导体研究所 | 信息技术科学部 | English journal DOI
ACAD01543,种康,Kang Zhong,CAS,2017,生命科学和医学学部,中国科学院植物研究所,https://casad.cas.cn/ysxx2022/ysmd/smkx/201711/t20171129_4625063.html,,,,,,待单人精确检索,,,,Kang Zhong | 中国科学院植物研究所 | 生命科学和医学学部 | English journal DOI
ACAD01545,秦国刚,Guogang Qin,CAS,2001,信息技术科学部,北京大学,https://casad.cas.cn/ysxx2022/ysmd/xxjs/200906/t20090624_1807757.html,,,,,,待单人精确检索,,,,Guogang Qin | 北京大学 | 信息技术科学部 | English journal DOI
ACAD01546,秦大河,Dahe Qin,CAS,2003,地学部,中国气象局,https://casad.cas.cn/ysxx2022/ysmd/dxb/200906/t20090624_1804342.html,,,,,,待单人精确检索,,,,Dahe Qin | 中国气象局 | 地学部 | English journal DOI
ACAD01547,秦蕴珊,Yunshan Qin,CAS,1995,地学部,中国科学院海洋研究所,https://casad.cas.cn/ysxx2022/ygys/200906/t20090624_1804339.html,,,,,,待单人精确检索,,,,Yunshan Qin | 中国科学院海洋研究所 | 地学部 | English journal DOI
ACAD01552,程和平,Heping Cheng,CAS,2013,生命科学和医学学部,北京大学,https://casad.cas.cn/ysxx2022/ysmd/smkx/201312/t20131219_4002009.html,,,,,,待单人精确检索,,,,Heping Cheng | 北京大学 | 生命科学和医学学部 | English journal DOI
ACAD01553,程国栋,Guodong Cheng,CAS,1993,地学部,中国科学院兰州冰川冻土研究所,https://casad.cas.cn/ysxx2022/ysmd/dxb/200906/t20090624_1804482.html,,,,,,待单人精确检索,,,,Guodong Cheng | 中国科学院兰州冰川冻土研究所 | 地学部 | English journal DOI
ACAD01556,程时杰,Shijie Cheng,CAS,2007,技术科学部,华中科技大学,https://casad.cas.cn/ysxx2022/ysmd/jskx/200906/t20090624_1808381.html,,,,,,待单人精确检索,,,,Shijie Cheng | 华中科技大学 | 技术科学部 | English journal DOI
ACAD01559,程津培,Jinpei Cheng,CAS,2001,化学部,南开大学,https://casad.cas.cn/ysxx2022/ysmd/hxb/200906/t20090624_1802324.html,,,,,,待单人精确检索,,,,Jinpei Cheng | 南开大学 | 化学部 | English journal DOI
ACAD01560,程耿东,Gengdong Cheng,CAS,1995,技术科学部,大连理工大学,https://casad.cas.cn/ysxx2022/ysmd/jskx/200906/t20090624_1808383.html,,,,,,待单人精确检索,,,,Gengdong Cheng | 大连理工大学 | 技术科学部 | English journal DOI
ACAD01562,程镕时,Rongshi Cheng,CAS,1991,化学部,南京大学,https://casad.cas.cn/ysxx2022/ygys/200906/t20090624_1802321.html,,,,,,待单人精确检索,,,,Rongshi Cheng | 南京大学 | 化学部 | English journal DOI
ACAD01564,穆穆,Mu Mu,CAS,2007,地学部,中国科学院大气物理研究所,https://casad.cas.cn/ysxx2022/ysmd/dxb/200906/t20090624_1804349.html,,,,,,待单人精确检索,,,,Mu Mu | 中国科学院大气物理研究所 | 地学部 | English journal DOI
ACAD01566,窦科峰,Kefeng Dou,CAS,2021,生命科学和医学学部,中国人民解放军空军军医大学,https://casad.cas.cn/ysxx2022/ysmd/smkx/202201/t20220111_4821755.html,,,,,,待单人精确检索,,,,Kefeng Dou | 中国人民解放军空军军医大学 | 生命科学和医学学部 | English journal DOI
ACAD01567,窦贤康,Xiankang Dou,CAS,2017,地学部,武汉大学,https://casad.cas.cn/ysxx2022/ysmd/dxb/201711/t20171129_4625083.html,,,,,,待单人精确检索,,,,Xiankang Dou | 武汉大学 | 地学部 | English journal DOI
ACAD01571,童坦君,Tanjun Tong,CAS,2005,生命科学和医学学部,北京大学,https://casad.cas.cn/ysxx2022/ygys/200906/t20090624_1803159.html,,,,,,待单人精确检索,,,,Tanjun Tong | 北京大学 | 生命科学和医学学部 | English journal DOI
ACAD01574,童庆禧,Qingxi Tong,CAS,1997,地学部,中国科学院遥感应用研究所,https://casad.cas.cn/ysxx2022/ysmd/dxb/200906/t20090624_1804294.html,,,,,,待单人精确检索,,,,Qingxi Tong | 中国科学院遥感应用研究所 | 地学部 | English journal DOI
ACAD01577,童秉纲,Binggang Tong,CAS,1997,数学物理学部,中国科学技术大学,https://casad.cas.cn/ysxx2022/ygys/200906/t20090624_1792012.html,,,,,,待单人精确检索,,,,Binggang Tong | 中国科学技术大学 | 数学物理学部 | English journal DOI
ACAD01579,符淙斌,Congbin Fu,CAS,2003,地学部,中国科学院大气物理研究所,https://casad.cas.cn/ysxx2022/ysmd/dxb/200906/t20090624_1804453.html,,,,,,待单人精确检索,,,,Congbin Fu | 中国科学院大气物理研究所 | 地学部 | English journal DOI
ACAD01581,简水生,Shuisheng Jian,CAS,1995,信息技术科学部,北京交通大学,https://casad.cas.cn/ysxx2022/ygys/200906/t20090624_1807795.html,,,,,,待单人精确检索,,,,Shuisheng Jian | 北京交通大学 | 信息技术科学部 | English journal DOI
ACAD01584,管晓宏,Xiaohong Guan,CAS,2017,信息技术科学部,西安交通大学,https://casad.cas.cn/ysxx2022/ysmd/xxjs/201711/t20171129_4625087.html,,,,,,待单人精确检索,,,,Xiaohong Guan | 西安交通大学 | 信息技术科学部 | English journal DOI
ACAD01585,经福谦,Fuqian Jing,CAS,1991,数学物理学部,中国工程物理研究院,https://casad.cas.cn/ysxx2022/ygys/200906/t20090624_1792048.html,,,,,,待单人精确检索,,,,Fuqian Jing | 中国工程物理研究院 | 数学物理学部 | English journal DOI
ACAD01587,罗俊,Jun Luo,CAS,2009,数学物理学部,华中科技大学,https://casad.cas.cn/ysxx2022/ysmd/sxwl/200912/t20091203_2681354.html,,,,,,待单人精确检索,,,,Jun Luo | 华中科技大学 | 数学物理学部 | English journal DOI
ACAD01592,罗民兴,Minxing Luo,CAS,2015,数学物理学部,浙江大学,https://casad.cas.cn/ysxx2022/ysmd/sxwl/201512/t20151224_4502108.html,,,,,,待单人精确检索,,,,Minxing Luo | 浙江大学 | 数学物理学部 | English journal DOI
ACAD01600,翟中和,Zhonghe Di,CAS,1991,生命科学和医学学部,北京大学,https://casad.cas.cn/ysxx2022/ygys/200906/t20090624_1803049.html,,,,,,待单人精确检索,,,,Zhonghe Di | 北京大学 | 生命科学和医学学部 | English journal DOI
ACAD01602,翟婉明,Wanming Di,CAS,2011,技术科学部,西南交通大学,https://casad.cas.cn/ysxx2022/ysmd/jskx/201112/t20111213_3412397.html,,,,,,待单人精确检索,,,,Wanming Di | 西南交通大学 | 技术科学部 | English journal DOI
ACAD01603,翟明国,Mingguo Di,CAS,2009,地学部,中国科学院地质与地球物理研究所,https://casad.cas.cn/ysxx2022/ysmd/dxb/200912/t20091203_2681388.html,,,,,,待单人精确检索,,,,Mingguo Di | 中国科学院地质与地球物理研究所 | 地学部 | English journal DOI
ACAD01604,翟裕生,Yusheng Di,CAS,1999,地学部,中国地质大学（北京）,https://casad.cas.cn/ysxx2022/ysmd/dxb/200906/t20090624_1804163.html,,,,,,待单人精确检索,,,,Yusheng Di | 中国地质大学（北京） | 地学部 | English journal DOI
ACAD01610,肖序常,Xuchang Xiao,CAS,1991,地学部,地质矿产部地质研究所,https://casad.cas.cn/ysxx2022/ygys/200906/t20090624_1804241.html,,,,,,待单人精确检索,,,,Xuchang Xiao | 地质矿产部地质研究所 | 地学部 | English journal DOI
ACAD01611,肖文交,Wenjiao Xiao,CAS,2019,地学部,中国科学院新疆生态与地理研究所,https://casad.cas.cn/ysxx2022/ysmd/dxb/201911/t20191121_4724691.html,,,,,,待单人精确检索,,,,Wenjiao Xiao | 中国科学院新疆生态与地理研究所 | 地学部 | English journal DOI
ACAD01619,胡仁宇,Renyu Hu,CAS,1991,数学物理学部,中国工程物理研究院,https://casad.cas.cn/ysxx2022/ysmd/sxwl/200906/t20090624_1792054.html,,,,,,待单人精确检索,,,,Renyu Hu | 中国工程物理研究院 | 数学物理学部 | English journal DOI
ACAD01622,胡和生,Hesheng Hu,CAS,1991,数学物理学部,复旦大学,https://casad.cas.cn/ysxx2022/ygys/200906/t20090624_1792055.html,,,,,,待单人精确检索,,,,Hesheng Hu | 复旦大学 | 数学物理学部 | English journal DOI
ACAD01625,胡宏纹,Hongwen Hu,CAS,1995,化学部,南京大学,https://casad.cas.cn/ysxx2022/ygys/200906/t20090624_1802282.html,,,,,,待单人精确检索,,,,Hongwen Hu | 南京大学 | 化学部 | English journal DOI
ACAD01627,胡敦欣,Dunxin Hu,CAS,2001,地学部,中国科学院海洋研究所,https://casad.cas.cn/ysxx2022/ysmd/dxb/200906/t20090624_1804431.html,,,,,,待单人精确检索,,,,Dunxin Hu | 中国科学院海洋研究所 | 地学部 | English journal DOI
ACAD01628,胡文瑞,Wenrui Hu,CAS,1995,技术科学部,中国科学院力学研究所,https://casad.cas.cn/ysxx2022/ysmd/jskx/200906/t20090624_1808348.html,,,,,,待单人精确检索,,,,Wenrui Hu | 中国科学院力学研究所 | 技术科学部 | English journal DOI
ACAD01634,胡海岩,Haiyan Hu,CAS,2007,技术科学部,南京航空航天大学,https://casad.cas.cn/ysxx2022/ysmd/jskx/200906/t20090624_1808351.html,,,,,,待单人精确检索,,,,Haiyan Hu | 南京航空航天大学 | 技术科学部 | English journal DOI
ACAD01636,胡瑞忠,Ruizhong Hu,CAS,2021,地学部,中国科学院地球化学研究所,https://casad.cas.cn/ysxx2022/ysmd/dxb/202201/t20220111_4821771.html,,,,,,待单人精确检索,,,,Ruizhong Hu | 中国科学院地球化学研究所 | 地学部 | English journal DOI
ACAD01639,胡聿贤,Yuxian Hu,CAS,1991,技术科学部,国家地震局地球物理研究所,https://casad.cas.cn/ysxx2022/ygys/200906/t20090624_1808346.html,,,,,,待单人精确检索,,,,Yuxian Hu | 国家地震局地球物理研究所 | 技术科学部 | English journal DOI
ACAD01640,胡英,Ying Hu,CAS,1993,化学部,华东理工大学,https://casad.cas.cn/ysxx2022/ygys/200906/t20090624_1802279.html,,,,,,待单人精确检索,,,,Ying Hu | 华东理工大学 | 化学部 | English journal DOI
ACAD01645,舒德干,Degan Shu,CAS,2011,地学部,西北大学,https://casad.cas.cn/ysxx2022/ysmd/dxb/201112/t20111213_3412387.html,,,,,,待单人精确检索,,,,Degan Shu | 西北大学 | 地学部 | English journal DOI
ACAD01646,舒红兵,Hongbing Shu,CAS,2011,生命科学和医学学部,武汉大学,https://casad.cas.cn/ysxx2022/ysmd/smkx/201112/t20111213_3412375.html,,,,,,待单人精确检索,,,,Hongbing Shu | 武汉大学 | 生命科学和医学学部 | English journal DOI
ACAD01648,艾国祥,Guoxiang Ai,CAS,1993,数学物理学部,中国科学院北京天文台,https://casad.cas.cn/ysxx2022/ysmd/sxwl/200906/t20090626_1854608.html,,,,,,待单人精确检索,,,,Guoxiang Ai | 中国科学院北京天文台 | 数学物理学部 | English journal DOI
ACAD01649,芮筱亭,Xiaoting Rui,CAS,2017,技术科学部,南京理工大学,https://casad.cas.cn/ysxx2022/ysmd/jskx/201711/t20171129_4625101.html,,,,,,待单人精确检索,,,,Xiaoting Rui | 南京理工大学 | 技术科学部 | English journal DOI
ACAD01655,苏国辉,Guohui Su,CAS,1999,生命科学和医学学部,香港大学,https://casad.cas.cn/ysxx2022/ysmd/smkx/200906/t20090624_1803183.html,,,,,,待单人精确检索,,,,Guohui Su | 香港大学 | 生命科学和医学学部 | English journal DOI
ACAD01656,苏定强,Dingqiang Su,CAS,1991,数学物理学部,中国科学院南京天文仪器研制中心,https://casad.cas.cn/ysxx2022/ysmd/sxwl/200906/t20090624_1792019.html,,,,,,待单人精确检索,,,,Dingqiang Su | 中国科学院南京天文仪器研制中心 | 数学物理学部 | English journal DOI
ACAD01657,苏纪兰,Jilan Su,CAS,1991,地学部,国家海洋局第二海洋研究所,https://casad.cas.cn/ysxx2022/ysmd/dxb/200906/t20090624_1804313.html,,,,,,待单人精确检索,,,,Jilan Su | 国家海洋局第二海洋研究所 | 地学部 | English journal DOI
ACAD01658,苏肇冰,Zhaobing Su,CAS,1991,数学物理学部,中国科学院理论物理研究所,https://casad.cas.cn/ysxx2022/ysmd/sxwl/200906/t20090624_1792018.html,,,,,,待单人精确检索,,,,Zhaobing Su | 中国科学院理论物理研究所 | 数学物理学部 | English journal DOI
ACAD01659,苏锵,Qiang Su,CAS,1995,化学部,中国科学院长春应用化学研究所,https://casad.cas.cn/ysxx2022/ygys/200906/t20090624_1802155.html,,,,,,待单人精确检索,,,,Qiang Su | 中国科学院长春应用化学研究所 | 化学部 | English journal DOI
ACAD01665,范守善,Shoushan Fan,CAS,2003,技术科学部,清华大学,https://casad.cas.cn/ysxx2022/ysmd/jskx/200906/t20090624_1808375.html,,,,,,待单人精确检索,,,,Shoushan Fan | 清华大学 | 技术科学部 | English journal DOI
ACAD01667,范海福,Haifu Fan,CAS,1991,数学物理学部,中国科学院物理研究所,https://casad.cas.cn/ysxx2022/ygys/200906/t20090624_1792071.html,,,,,,待单人精确检索,,,,Haifu Fan | 中国科学院物理研究所 | 数学物理学部 | English journal DOI
ACAD01669,范瑞祥,Ruixiang Fan,CAS,2021,技术科学部,中国航天科技集团有限公司第一研究院,https://casad.cas.cn/ysxx2022/ysmd/jskx/202201/t20220111_4821797.html,,,,,,待单人精确检索,,,,Ruixiang Fan | 中国航天科技集团有限公司第一研究院 | 技术科学部 | English journal DOI
ACAD01676,莫宣学,Xuanxue Mo,CAS,2009,地学部,中国地质大学（北京）,https://casad.cas.cn/ysxx2022/ysmd/dxb/200912/t20091203_2681384.html,,,,,,待单人精确检索,,,,Xuanxue Mo | 中国地质大学（北京） | 地学部 | English journal DOI
ACAD01677,莫毅明,Yiming Mo,CAS,2015,数学物理学部,香港大学,https://casad.cas.cn/ysxx2022/ysmd/sxwl/201512/t20151224_4502109.html,,,,,,待单人精确检索,,,,Yiming Mo | 香港大学 | 数学物理学部 | English journal DOI
ACAD01680,葛均波,Junbo Ge,CAS,2011,生命科学和医学学部,复旦大学,https://casad.cas.cn/ysxx2022/ysmd/smkx/201112/t20111213_3412370.html,,,,,,待单人精确检索,,,,Junbo Ge | 复旦大学 | 生命科学和医学学部 | English journal DOI
ACAD01681,葛墨林,Molin Ge,CAS,2003,数学物理学部,南开大学,https://casad.cas.cn/ysxx2022/ysmd/sxwl/200906/t20090624_1792066.html,,,,,,待单人精确检索,,,,Molin Ge | 南开大学 | 数学物理学部 | English journal DOI
ACAD01683,葛昌纯,Changchun Ge,CAS,2001,技术科学部,北京科技大学,https://casad.cas.cn/ysxx2022/ysmd/jskx/200906/t20090624_1808370.html,,,,,,待单人精确检索,,,,Changchun Ge | 北京科技大学 | 技术科学部 | English journal DOI
ACAD01688,董晨,Chen Dong,CAS,2019,生命科学和医学学部,清华大学,https://casad.cas.cn/ysxx2022/ysmd/smkx/201911/t20191121_4724675.html,,,,,,待单人精确检索,,,,Chen Dong | 清华大学 | 生命科学和医学学部 | English journal DOI
ACAD01693,董韫美,Yunmei Dong,CAS,1993,信息技术科学部,中国科学院软件研究所,https://casad.cas.cn/ysxx2022/ygys/200906/t20090624_1807820.html,,,,,,待单人精确检索,,,,Yunmei Dong | 中国科学院软件研究所 | 信息技术科学部 | English journal DOI
ACAD01697,蒋华良,Hualiang Jiang,CAS,2017,生命科学和医学学部,中国科学院上海药物研究所,https://casad.cas.cn/ysxx2022/ygys/201711/t20171129_4625068.html,,,,,,待单人精确检索,,,,Hualiang Jiang | 中国科学院上海药物研究所 | 生命科学和医学学部 | English journal DOI
ACAD01705,蒋有绪,Youxu Jiang,CAS,1999,生命科学和医学学部,中国林业科学研究院,https://casad.cas.cn/ysxx2022/ysmd/smkx/200906/t20090624_1803288.html,,,,,,待单人精确检索,,,,Youxu Jiang | 中国林业科学研究院 | 生命科学和医学学部 | English journal DOI
ACAD01708,蒋锡夔,Xikui Jiang,CAS,1991,化学部,中国科学院上海有机化学研究所,https://casad.cas.cn/ysxx2022/ygys/200906/t20090624_1802240.html,,,,,,待单人精确检索,,,,Xikui Jiang | 中国科学院上海有机化学研究所 | 化学部 | English journal DOI
ACAD01709,蒙大桥,Daqiao Meng,CAS,2019,技术科学部,中国工程物理研究院,https://casad.cas.cn/ysxx2022/ysmd/jskx/201911/t20191121_4724706.html,,,,,,待单人精确检索,,,,Daqiao Meng | 中国工程物理研究院 | 技术科学部 | English journal DOI
ACAD01711,蒲慕明,Muming Pu,CAS,2018,生命科学和医学学部,中国科学院神经科学研究所、美国加州大学伯克利分校,https://casad.cas.cn/ysxx2022/ysmd/smkx/201112/t20111213_3412548.html,,,,,,待单人精确检索,,,,Muming Pu | 中国科学院神经科学研究所、美国加州大学伯克利分校 | 生命科学和医学学部 | English journal DOI
ACAD01714,蔡睿贤,Ruixian Cai,CAS,1991,技术科学部,中国科学院工程热物理研究所,https://casad.cas.cn/ysxx2022/ygys/200906/t20090624_1808404.html,,,,,,待单人精确检索,,,,Ruixian Cai | 中国科学院工程热物理研究所 | 技术科学部 | English journal DOI
ACAD01716,蔡荣根,Ronggen Cai,CAS,2017,数学物理学部,中国科学院理论物理研究所,https://casad.cas.cn/ysxx2022/ysmd/sxwl/201711/t20171129_4625036.html,,,,,,待单人精确检索,,,,Ronggen Cai | 中国科学院理论物理研究所 | 数学物理学部 | English journal DOI
ACAD01720,薛其坤,Qikun Xue,CAS,2005,技术科学部,中国科学院物理研究所、清华大学,https://casad.cas.cn/ysxx2022/ysmd/jskx/200906/t20090624_1808188.html,,,,,,待单人精确检索,,,,Qikun Xue | 中国科学院物理研究所、清华大学 | 技术科学部 | English journal DOI
ACAD01721,薛永祺,Yongqi Xue,CAS,1999,信息技术科学部,中国科学院上海技术物理研究所,https://casad.cas.cn/ysxx2022/ysmd/xxjs/200906/t20090624_1807709.html,,,,,,待单人精确检索,,,,Yongqi Xue | 中国科学院上海技术物理研究所 | 信息技术科学部 | English journal DOI
ACAD01722,薛社普,Shepu Xue,CAS,1991,生命科学和医学学部,北京协和医学院,https://casad.cas.cn/ysxx2022/ygys/200906/t20090624_1803081.html,,,,,,待单人精确检索,,,,Shepu Xue | 北京协和医学院 | 生命科学和医学学部 | English journal DOI
ACAD01723,薛禹群,Yuqun Xue,CAS,1999,地学部,南京大学,https://casad.cas.cn/ysxx2022/ygys/200906/t20090624_1804219.html,,,,,,待单人精确检索,,,,Yuqun Xue | 南京大学 | 地学部 | English journal DOI
ACAD01730,袁亚湘,Yaxiang Yuan,CAS,2011,数学物理学部,中国科学院数学与系统科学院,https://casad.cas.cn/ysxx2022/ysmd/sxwl/201112/t20111213_3412293.html,,,,,,待单人精确检索,,,,Yaxiang Yuan | 中国科学院数学与系统科学院 | 数学物理学部 | English journal DOI
ACAD01734,袁承业,Chengye Yuan,CAS,1997,化学部,中国科学院上海有机化学研究所,https://casad.cas.cn/ysxx2022/ygys/200906/t20090624_1802064.html,,,,,,待单人精确检索,,,,Chengye Yuan | 中国科学院上海有机化学研究所 | 化学部 | English journal DOI
ACAD01736,袁权,Quan Yuan,CAS,1991,化学部,中国科学院大连化学物理研究所,https://casad.cas.cn/ysxx2022/ygys/200906/t20090624_1802061.html,,,,,,待单人精确检索,,,,Quan Yuan | 中国科学院大连化学物理研究所 | 化学部 | English journal DOI
ACAD01738,袁道先,Daoxian Yuan,CAS,1991,地学部,地质矿产部岩溶地质研究所,https://casad.cas.cn/ysxx2022/ysmd/dxb/200906/t20090624_1804174.html,,,,,,待单人精确检索,,,,Daoxian Yuan | 地质矿产部岩溶地质研究所 | 地学部 | English journal DOI
ACAD01742,裴钢,Gang Pei,CAS,1999,生命科学和医学学部,中国科学院上海细胞生物研究所,https://casad.cas.cn/ysxx2022/ysmd/smkx/200906/t20090624_1803222.html,,,,,,待单人精确检索,,,,Gang Pei | 中国科学院上海细胞生物研究所 | 生命科学和医学学部 | English journal DOI
ACAD01743,褚君浩,Junhao Chu,CAS,2005,信息技术科学部,中国科学院上海技术物理研究所,https://casad.cas.cn/ysxx2022/ysmd/xxjs/200906/t20090624_1807824.html,,,,,,待单人精确检索,,,,Junhao Chu | 中国科学院上海技术物理研究所 | 信息技术科学部 | English journal DOI
ACAD01744,解思深,Sishen Jie,CAS,2003,数学物理学部,中国科学院物理研究所,https://casad.cas.cn/ysxx2022/ygys/200906/t20090624_1792049.html,,,,,,待单人精确检索,,,,Sishen Jie | 中国科学院物理研究所 | 数学物理学部 | English journal DOI
ACAD01746,詹文龙,Wenlong Zhan,CAS,2005,数学物理学部,中国科学院近代物理研究所,https://casad.cas.cn/ysxx2022/ysmd/sxwl/200906/t20090624_1791975.html,,,,,,待单人精确检索,,,,Wenlong Zhan | 中国科学院近代物理研究所 | 数学物理学部 | English journal DOI
ACAD01747,计亮年,Liangnian Ji,CAS,2003,化学部,中山大学,https://casad.cas.cn/ysxx2022/ygys/200906/t20090624_1802252.html,,,,,,待单人精确检索,,,,Liangnian Ji | 中山大学 | 化学部 | English journal DOI
ACAD01751,许厚泽,Houze Xu,CAS,1991,地学部,中国科学院测量与地球物理研究所,https://casad.cas.cn/ysxx2022/ygys/200906/t20090624_1804227.html,,,,,,待单人精确检索,,,,Houze Xu | 中国科学院测量与地球物理研究所 | 地学部 | English journal DOI
ACAD01754,许学彦,Xueyan Xu,CAS,1993,技术科学部,船舶工业总公司七院第708研究所,https://casad.cas.cn/ysxx2022/ygys/200906/t20090624_1808190.html,,,,,,待单人精确检索,,,,Xueyan Xu | 船舶工业总公司七院第708研究所 | 技术科学部 | English journal DOI
ACAD01755,许宁生,Ningsheng Xu,CAS,2009,信息技术科学部,中山大学,https://casad.cas.cn/ysxx2022/ysmd/xxjs/200912/t20091203_2681392.html,,,,,,待单人精确检索,,,,Ningsheng Xu | 中山大学 | 信息技术科学部 | English journal DOI
ACAD01758,许志琴,Zhiqin Xu,CAS,1995,地学部,地质矿产部地质研究所,https://casad.cas.cn/ysxx2022/ysmd/dxb/200906/t20090624_1804223.html,,,,,,待单人精确检索,,,,Zhiqin Xu | 地质矿产部地质研究所 | 地学部 | English journal DOI
ACAD01760,许智宏,Zhihong Xu,CAS,1997,生命科学和医学学部,中国科学院上海植物生理研究所,https://casad.cas.cn/ysxx2022/ysmd/smkx/200906/t20090624_1803084.html,,,,,,待单人精确检索,,,,Zhihong Xu | 中国科学院上海植物生理研究所 | 生命科学和医学学部 | English journal DOI
ACAD01764,谈哲敏,Zhemin Tan,CAS,2021,地学部,南京大学,https://casad.cas.cn/ysxx2022/ysmd/dxb/202201/t20220111_4821775.html,,,,,,待单人精确检索,,,,Zhemin Tan | 南京大学 | 地学部 | English journal DOI
ACAD01766,谢作伟,Zuowei Xie,CAS,2017,化学部,香港中文大学,https://casad.cas.cn/ysxx2022/ysmd/hxb/201711/t20171129_4625055.html,,,,,,待单人精确检索,,,,Zuowei Xie | 香港中文大学 | 化学部 | English journal DOI
ACAD01768,谢光选,Guangxuan Xie,CAS,1991,技术科学部,航空航天部,https://casad.cas.cn/ysxx2022/ygys/200906/t20090624_1808207.html,,,,,,待单人精确检索,,,,Guangxuan Xie | 航空航天部 | 技术科学部 | English journal DOI
ACAD01771,谢华安,Huaan Xie,CAS,2007,生命科学和医学学部,福建省农业科学院,https://casad.cas.cn/ysxx2022/ysmd/smkx/200906/t20090624_1803091.html,,,,,,待单人精确检索,,,,Huaan Xie | 福建省农业科学院 | 生命科学和医学学部 | English journal DOI
ACAD01774,谢在库,Zaiku Xie,CAS,2017,化学部,中国石油化工股份有限公司,https://casad.cas.cn/ysxx2022/ysmd/hxb/201711/t20171129_4625054.html,,,,,,待单人精确检索,,,,Zaiku Xie | 中国石油化工股份有限公司 | 化学部 | English journal DOI
ACAD01776,谢心澄,Xincheng Xie,CAS,2015,数学物理学部,北京大学,https://casad.cas.cn/ysxx2022/ysmd/sxwl/201512/t20151224_4502111.html,,,,,,待单人精确检索,,,,Xincheng Xie | 北京大学 | 数学物理学部 | English journal DOI
ACAD01779,谢树成,Shucheng Xie,CAS,2021,地学部,中国地质大学（武汉）,https://casad.cas.cn/ysxx2022/ysmd/dxb/202201/t20220111_4821777.html,,,,,,待单人精确检索,,,,Shucheng Xie | 中国地质大学（武汉） | 地学部 | English journal DOI
ACAD01780,谢毅,Yi Xie,CAS,2013,化学部,中国科学技术大学,https://casad.cas.cn/ysxx2022/ysmd/hxb/201312/t20131219_4001993.html,,,,,,待单人精确检索,,,,Yi Xie | 中国科学技术大学 | 化学部 | English journal DOI
ACAD01781,谢毓元,Yuyuan Xie,CAS,1991,化学部,中国科学院上海药物研究所,https://casad.cas.cn/ysxx2022/ygys/200906/t20090624_1802103.html,,,,,,待单人精确检索,,,,Yuyuan Xie | 中国科学院上海药物研究所 | 化学部 | English journal DOI
ACAD01785,谢素原,Suyuan Xie,CAS,2021,化学部,厦门大学,https://casad.cas.cn/ysxx2022/ysmd/hxb/202201/t20220111_4821749.html,,,,,,待单人精确检索,,,,Suyuan Xie | 厦门大学 | 化学部 | English journal DOI
ACAD01786,谢联辉,Lianhui Xie,CAS,1991,生命科学和医学学部,福建农林大学,https://casad.cas.cn/ysxx2022/ysmd/smkx/200906/t20090624_1803088.html,,,,,,待单人精确检索,,,,Lianhui Xie | 福建农林大学 | 生命科学和医学学部 | English journal DOI
ACAD01787,谢道昕,Daoxin Xie,CAS,2019,生命科学和医学学部,清华大学,https://casad.cas.cn/ysxx2022/ysmd/smkx/201911/t20191121_4724683.html,,,,,,待单人精确检索,,,,Daoxin Xie | 清华大学 | 生命科学和医学学部 | English journal DOI
ACAD01793,谭蔚泓,Weihong Tan,CAS,2015,化学部,湖南大学,https://casad.cas.cn/ysxx2022/ysmd/hxb/201512/t20151224_4502127.html,,,,,,待单人精确检索,,,,Weihong Tan | 湖南大学 | 化学部 | English journal DOI
ACAD01795,谭铁牛,Tieniu Tan,CAS,2013,信息技术科学部,中国科学院自动化研究所,https://casad.cas.cn/ysxx2022/ysmd/xxjs/201312/t20131219_4002030.html,,,,,,待单人精确检索,,,,Tieniu Tan | 中国科学院自动化研究所 | 信息技术科学部 | English journal DOI
ACAD01800,费维扬,Weiyang Fei,CAS,2003,化学部,清华大学,https://casad.cas.cn/ysxx2022/ysmd/hxb/200906/t20090624_1802312.html,,,,,,待单人精确检索,,,,Weiyang Fei | 清华大学 | 化学部 | English journal DOI
ACAD01802,贺林,Lin He,CAS,2005,生命科学和医学学部,上海交通大学,https://casad.cas.cn/ysxx2022/ysmd/smkx/200906/t20090624_1803301.html,,,,,,待单人精确检索,,,,Lin He | 上海交通大学 | 生命科学和医学学部 | English journal DOI
ACAD01804,贺福初,Fuchu He,CAS,2001,生命科学和医学学部,军事医学科学院放射医学研究所,https://casad.cas.cn/ysxx2022/ysmd/smkx/200906/t20090624_1803304.html,,,,,,待单人精确检索,,,,Fuchu He | 军事医学科学院放射医学研究所 | 生命科学和医学学部 | English journal DOI
ACAD01805,贺贤土,Xiantu He,CAS,1995,数学物理学部,中国工程物理研究院北京应用物理与计算数学研究所,https://casad.cas.cn/ysxx2022/ysmd/sxwl/200906/t20090624_1792058.html,,,,,,待单人精确检索,,,,Xiantu He | 中国工程物理研究院北京应用物理与计算数学研究所 | 数学物理学部 | English journal DOI
ACAD01807,贾承造,Chengzao Jia,CAS,2003,地学部,中国石油勘探开发研究院,https://casad.cas.cn/ysxx2022/ysmd/dxb/200906/t20090624_1804424.html,,,,,,待单人精确检索,,,,Chengzao Jia | 中国石油勘探开发研究院 | 地学部 | English journal DOI
ACAD01808,贾振元,Zhenyuan Jia,CAS,2019,技术科学部,大连理工大学,https://casad.cas.cn/ysxx2022/ysmd/jskx/201911/t20191121_4724703.html,,,,,,待单人精确检索,,,,Zhenyuan Jia | 大连理工大学 | 技术科学部 | English journal DOI
ACAD01809,贾金锋,Jinfeng Jia,CAS,2021,技术科学部,上海交通大学,https://casad.cas.cn/ysxx2022/ysmd/jskx/202201/t20220111_4821800.html,,,,,,待单人精确检索,,,,Jinfeng Jia | 上海交通大学 | 技术科学部 | English journal DOI
ACAD01810,赖远明,Yuanming Lai,CAS,2011,技术科学部,中国科学院寒区旱区环境与工程所,https://casad.cas.cn/ysxx2022/ysmd/jskx/201112/t20111213_3412398.html,,,,,,待单人精确检索,,,,Yuanming Lai | 中国科学院寒区旱区环境与工程所 | 技术科学部 | English journal DOI
ACAD01811,赫捷,Jie He,CAS,2013,生命科学和医学学部,北京协和医学院,https://casad.cas.cn/ysxx2022/ysmd/smkx/201312/t20131219_4002008.html,,,,,,待单人精确检索,,,,Jie He | 北京协和医学院 | 生命科学和医学学部 | English journal DOI
ACAD01813,赵东元,Dongyuan Zhao,CAS,2007,化学部,复旦大学,https://casad.cas.cn/ysxx2022/ysmd/hxb/200906/t20090624_1802040.html,,,,,,待单人精确检索,,,,Dongyuan Zhao | 复旦大学 | 化学部 | English journal DOI
ACAD01817,赵光达,Guangda Zhao,CAS,2001,数学物理学部,北京大学,https://casad.cas.cn/ysxx2022/ysmd/sxwl/200906/t20090624_1791962.html,,,,,,待单人精确检索,,,,Guangda Zhao | 北京大学 | 数学物理学部 | English journal DOI
ACAD01818,赵其国,Qiguo Zhao,CAS,1991,地学部,中国科学院南京土壤研究所,https://casad.cas.cn/ysxx2022/ygys/200906/t20090624_1804130.html,,,,,,待单人精确检索,,,,Qiguo Zhao | 中国科学院南京土壤研究所 | 地学部 | English journal DOI
ACAD01820,赵国屏,Guoping Zhao,CAS,2005,生命科学和医学学部,中国科学院上海生命科学研究院,https://casad.cas.cn/ysxx2022/ysmd/smkx/200906/t20090624_1803023.html,,,,,,待单人精确检索,,,,Guoping Zhao | 中国科学院上海生命科学研究院 | 生命科学和医学学部 | English journal DOI
ACAD01821,赵国春,Guochun Zhao,CAS,2019,地学部,香港大学、西北大学,https://casad.cas.cn/ysxx2022/ysmd/dxb/201911/t20191121_4724693.html,,,,,,待单人精确检索,,,,Guochun Zhao | 香港大学、西北大学 | 地学部 | English journal DOI
ACAD01823,赵天寿,Tianshou Zhao,CAS,2019,技术科学部,香港科技大学,https://casad.cas.cn/ysxx2022/ysmd/jskx/201911/t20191121_4724712.html,,,,,,待单人精确检索,,,,Tianshou Zhao | 香港科技大学 | 技术科学部 | English journal DOI
ACAD01824,赵宇亮,Yuliang Zhao,CAS,2017,化学部,国家纳米科学中心、中国科学院高能物理研究所,https://casad.cas.cn/ysxx2022/ysmd/hxb/201711/t20171129_4625059.html,,,,,,待单人精确检索,,,,Yuliang Zhao | 国家纳米科学中心、中国科学院高能物理研究所 | 化学部 | English journal DOI
ACAD01826,赵尔宓,Ermi Zhao,CAS,2001,生命科学和医学学部,中国科学院成都生物研究所,https://casad.cas.cn/ysxx2022/ygys/200906/t20090624_1803026.html,,,,,,待单人精确检索,,,,Ermi Zhao | 中国科学院成都生物研究所 | 生命科学和医学学部 | English journal DOI
ACAD01827,赵忠贤,Zhongxian Zhao,CAS,1991,数学物理学部,中国科学院物理研究所,https://casad.cas.cn/ysxx2022/ysmd/sxwl/200906/t20090624_1791961.html,,,,,,待单人精确检索,,,,Zhongxian Zhao | 中国科学院物理研究所 | 数学物理学部 | English journal DOI
ACAD01831,赵政国,Zhengguo Zhao,CAS,2013,数学物理学部,中国科学技术大学,https://casad.cas.cn/ysxx2022/ysmd/sxwl/201312/t20131219_4001980.html,,,,,,待单人精确检索,,,,Zhengguo Zhao | 中国科学技术大学 | 数学物理学部 | English journal DOI
ACAD01836,赵柏林,Bailin Zhao,CAS,1991,地学部,北京大学,https://casad.cas.cn/ysxx2022/ygys/200906/t20090624_1804138.html,,,,,,待单人精确检索,,,,Bailin Zhao | 北京大学 | 地学部 | English journal DOI
ACAD01840,赵淳生,Chunsheng Zhao,CAS,2005,技术科学部,南京航空航天大学,https://casad.cas.cn/ysxx2022/ysmd/jskx/200906/t20090624_1808147.html,,,,,,待单人精确检索,,,,Chunsheng Zhao | 南京航空航天大学 | 技术科学部 | English journal DOI
ACAD01842,赵玉沛,Yupei Zhao,CAS,2011,生命科学和医学学部,北京协和医学院,https://casad.cas.cn/ysxx2022/ysmd/smkx/201112/t20111213_3412378.html,,,,,,待单人精确检索,,,,Yupei Zhao | 北京协和医学院 | 生命科学和医学学部 | English journal DOI
ACAD01843,赵玉芬,Yufen Zhao,CAS,1991,化学部,清华大学,https://casad.cas.cn/ysxx2022/ysmd/hxb/200906/t20090624_1802037.html,,,,,,待单人精确检索,,,,Yufen Zhao | 清华大学 | 化学部 | English journal DOI
ACAD01844,赵红卫,Hongwei Zhao,CAS,2019,数学物理学部,中国科学院近代物理研究所,https://casad.cas.cn/ysxx2022/ysmd/sxwl/201911/t20191121_4724656.html,,,,,,待单人精确检索,,,,Hongwei Zhao | 中国科学院近代物理研究所 | 数学物理学部 | English journal DOI
ACAD01845,赵继宗,Jizong Zhao,CAS,2013,生命科学和医学学部,首都医科大学,https://casad.cas.cn/ysxx2022/ysmd/smkx/201312/t20131219_4646104.html,,,,,,待单人精确检索,,,,Jizong Zhao | 首都医科大学 | 生命科学和医学学部 | English journal DOI
ACAD01847,赵进东,Jindong Zhao,CAS,2007,生命科学和医学学部,北京大学,https://casad.cas.cn/ysxx2022/ysmd/smkx/200906/t20090624_1803021.html,,,,,,待单人精确检索,,,,Jindong Zhao | 北京大学 | 生命科学和医学学部 | English journal DOI
ACAD01848,赵进才,Jincai Zhao,CAS,2011,化学部,中国科学院化学研究所,https://casad.cas.cn/ysxx2022/ysmd/hxb/201112/t20111213_3412364.html,,,,,,待单人精确检索,,,,Jincai Zhao | 中国科学院化学研究所 | 化学部 | English journal DOI
ACAD01852,赵阳升,Yangsheng Zhao,CAS,2019,技术科学部,太原理工大学,https://casad.cas.cn/ysxx2022/ysmd/jskx/201911/t20191121_4724713.html,,,,,,待单人精确检索,,,,Yangsheng Zhao | 太原理工大学 | 技术科学部 | English journal DOI
ACAD01853,赵鹏大,Pengda Zhao,CAS,1993,地学部,中国地质大学（武汉）,https://casad.cas.cn/ysxx2022/ysmd/dxb/200906/t20090624_1804134.html,,,,,,待单人精确检索,,,,Pengda Zhao | 中国地质大学（武汉） | 地学部 | English journal DOI
ACAD01854,路甬祥,Yongxiang Lu,CAE; CAS,1991,CAS: 技术科学部 | CAE: 机械与运载工程学部,浙江大学,https://casad.cas.cn/ysxx2022/ysmd/jskx/200906/t20090624_1808297.html,,,,,,待单人精确检索,,,,Yongxiang Lu | 浙江大学 | CAS: 技术科学部 | CAE: 机械与运载工程学部 | English journal DOI
ACAD01859,过增元,Zengyuan Guo,CAS,1997,技术科学部,清华大学,https://casad.cas.cn/ysxx2022/ysmd/jskx/200906/t20090624_1808359.html,,,,,,待单人精确检索,,,,Zengyuan Guo | 清华大学 | 技术科学部 | English journal DOI
ACAD01860,迟力峰,Lifeng Chi,CAS,2021,化学部,苏州大学,https://casad.cas.cn/ysxx2022/ysmd/hxb/202201/t20220111_4821743.html,,,,,,待单人精确检索,,,,Lifeng Chi | 苏州大学 | 化学部 | English journal DOI
ACAD01863,邓军,Jun Deng,CAS,2021,地学部,中国地质大学（北京）,https://casad.cas.cn/ysxx2022/ysmd/dxb/202201/t20220111_4821769.html,,,,,,待单人精确检索,,,,Jun Deng | 中国地质大学（北京） | 地学部 | English journal DOI
ACAD01864,邓子新,Zixin Deng,CAS,2005,生命科学和医学学部,上海交通大学,https://casad.cas.cn/ysxx2022/ysmd/smkx/200906/t20090624_1803331.html,,,,,,待单人精确检索,,,,Zixin Deng | 上海交通大学 | 生命科学和医学学部 | English journal DOI
ACAD01866,邓小刚,Xiaogang Deng,CAS,2015,数学物理学部,中国人民解放军国防科学技术大学,https://casad.cas.cn/ysxx2022/ysmd/sxwl/201512/t20151224_4502077.html,,,,,,待单人精确检索,,,,Xiaogang Deng | 中国人民解放军国防科学技术大学 | 数学物理学部 | English journal DOI
ACAD01870,邓起东,Qidong Deng,CAS,2003,地学部,中国地震局地质研究所,https://casad.cas.cn/ysxx2022/ygys/200906/t20090624_1804471.html,,,,,,待单人精确检索,,,,Qidong Deng | 中国地震局地质研究所 | 地学部 | English journal DOI
ACAD01875,邝宇平,Yuping Kuang,CAS,2003,数学物理学部,清华大学,https://casad.cas.cn/ysxx2022/ysmd/sxwl/200906/t20090624_1792047.html,,,,,,待单人精确检索,,,,Yuping Kuang | 清华大学 | 数学物理学部 | English journal DOI
ACAD01877,邢定钰,Dingyu Xing,CAS,2007,数学物理学部,南京大学,https://casad.cas.cn/ysxx2022/ysmd/sxwl/200906/t20090624_1791990.html,,,,,,待单人精确检索,,,,Dingyu Xing | 南京大学 | 数学物理学部 | English journal DOI
ACAD01878,邢球痕,Qiuhen Xing,CAS,2003,技术科学部,中国航天科技集团公司第四研究院,https://casad.cas.cn/ysxx2022/ygys/200906/t20090624_1808204.html,,,,,,待单人精确检索,,,,Qiuhen Xing | 中国航天科技集团公司第四研究院 | 技术科学部 | English journal DOI
ACAD01885,邱勇,Yong Qiu,CAS,2013,技术科学部,清华大学,https://casad.cas.cn/ysxx2022/ysmd/jskx/201312/t20131219_4002046.html,,,,,,待单人精确检索,,,,Yong Qiu | 清华大学 | 技术科学部 | English journal DOI
ACAD01886,邱占祥,Zhanxiang Qiu,CAS,2005,地学部,中国科学院古脊椎动物与古人类研究所,https://casad.cas.cn/ysxx2022/ysmd/dxb/200906/t20090624_1804335.html,,,,,,待单人精确检索,,,,Zhanxiang Qiu | 中国科学院古脊椎动物与古人类研究所 | 地学部 | English journal DOI
ACAD01887,邱大洪,Dahong Qiu,CAS,1991,技术科学部,大连理工大学,https://casad.cas.cn/ysxx2022/ygys/200906/t20090624_1808279.html,,,,,,待单人精确检索,,,,Dahong Qiu | 大连理工大学 | 技术科学部 | English journal DOI
ACAD01895,邵峰,Feng Shao,CAS,2015,生命科学和医学学部,北京生命科学研究所,https://casad.cas.cn/ysxx2022/ysmd/smkx/201512/t20151224_4502220.html,,,,,,待单人精确检索,,,,Feng Shao | 北京生命科学研究所 | 生命科学和医学学部 | English journal DOI
ACAD01897,邵明安,Mingan Shao,CAS,2017,地学部,西北农林科技大学,https://casad.cas.cn/ysxx2022/ysmd/dxb/201711/t20171129_4625079.html,,,,,,待单人精确检索,,,,Mingan Shao | 西北农林科技大学 | 地学部 | English journal DOI
ACAD01899,邹世昌,Shichang Zou,CAS,1991,技术科学部,中国科学院上海冶金研究所,https://casad.cas.cn/ysxx2022/ysmd/jskx/200906/t20090624_1808103.html,,,,,,待单人精确检索,,,,Shichang Zou | 中国科学院上海冶金研究所 | 技术科学部 | English journal DOI
ACAD01900,邹冰松,Bingsong Zou,CAS,2021,数学物理学部,中国科学院理论物理研究所,https://casad.cas.cn/ysxx2022/ysmd/sxwl/202201/t20220111_4821741.html,,,,,,待单人精确检索,,,,Bingsong Zou | 中国科学院理论物理研究所 | 数学物理学部 | English journal DOI
ACAD01902,邹广田,Guangtian Zou,CAS,2001,数学物理学部,吉林大学,https://casad.cas.cn/ysxx2022/ysmd/sxwl/200906/t20090624_1791952.html,,,,,,待单人精确检索,,,,Guangtian Zou | 吉林大学 | 数学物理学部 | English journal DOI
ACAD01904,邹志刚,Zhigang Zou,CAS,2015,技术科学部,南京大学,https://casad.cas.cn/ysxx2022/ysmd/jskx/201512/t20151224_4502682.html,,,,,,待单人精确检索,,,,Zhigang Zou | 南京大学 | 技术科学部 | English journal DOI
ACAD01905,邹才能,Caineng Zou,CAS,2017,地学部,中国石油勘探开发研究院,https://casad.cas.cn/ysxx2022/ysmd/dxb/201711/t20171129_4625080.html,,,,,,待单人精确检索,,,,Caineng Zou | 中国石油勘探开发研究院 | 地学部 | English journal DOI
ACAD01912,郑儒永,Ruyong Zheng,CAS,1999,生命科学和医学学部,中国科学院微生物研究所,https://casad.cas.cn/ysxx2022/ysmd/smkx/200906/t20090624_1803013.html,,,,,,待单人精确检索,,,,Ruyong Zheng | 中国科学院微生物研究所 | 生命科学和医学学部 | English journal DOI
ACAD01913,郑光美,Guangmei Zheng,CAS,2003,生命科学和医学学部,北京师范大学,https://casad.cas.cn/ysxx2022/ygys/200906/t20090624_1803018.html,,,,,,待单人精确检索,,,,Guangmei Zheng | 北京师范大学 | 生命科学和医学学部 | English journal DOI
ACAD01914,郑兰荪,Lansun Zheng,CAS,2001,化学部,厦门大学,https://casad.cas.cn/ysxx2022/ysmd/hxb/200906/t20090624_1802034.html,,,,,,待单人精确检索,,,,Lansun Zheng | 厦门大学 | 化学部 | English journal DOI
ACAD01917,郑厚植,Houzhi Zheng,CAS,1995,数学物理学部,中国科学院半导体研究所,https://casad.cas.cn/ysxx2022/ysmd/sxwl/200906/t20090624_1791960.html,,,,,,待单人精确检索,,,,Houzhi Zheng | 中国科学院半导体研究所 | 数学物理学部 | English journal DOI
ACAD01919,郑婉华,Wanhua Zheng,CAS,2021,信息技术科学部,中国科学院半导体研究所,https://casad.cas.cn/ysxx2022/ysmd/xxjs/202201/t20220111_4821793.html,,,,,,待单人精确检索,,,,Wanhua Zheng | 中国科学院半导体研究所 | 信息技术科学部 | English journal DOI
ACAD01921,郑守仪,Shouyi Zheng,CAS,2001,生命科学和医学学部,中国科学院海洋研究所,https://casad.cas.cn/ysxx2022/ysmd/smkx/200906/t20090624_1803010.html,,,,,,待单人精确检索,,,,Shouyi Zheng | 中国科学院海洋研究所 | 生命科学和医学学部 | English journal DOI
ACAD01922,郑平,Ping Zheng,CAS,2011,技术科学部,上海交通大学,https://casad.cas.cn/ysxx2022/ysmd/jskx/201112/t20111213_3412403.html,,,,,,待单人精确检索,,,,Ping Zheng | 上海交通大学 | 技术科学部 | English journal DOI
ACAD01924,郑度,Du Zheng,CAS,1999,地学部,中国科学院地理研究所,https://casad.cas.cn/ysxx2022/ysmd/dxb/200906/t20090624_1804127.html,,,,,,待单人精确检索,,,,Du Zheng | 中国科学院地理研究所 | 地学部 | English journal DOI
ACAD01925,郑建华,Jianhua Zheng,CAS,2011,信息技术科学部,中国人民解放军保密委员会技术安全所,https://casad.cas.cn/ysxx2022/ysmd/xxjs/201112/t20111213_3412396.html,,,,,,待单人精确检索,,,,Jianhua Zheng | 中国人民解放军保密委员会技术安全所 | 信息技术科学部 | English journal DOI
ACAD01926,郑志明,Zhiming Zheng,CAS,2017,信息技术科学部,北京航空航天大学,https://casad.cas.cn/ysxx2022/ysmd/xxjs/201711/t20171129_4625092.html,,,,,,待单人精确检索,,,,Zhiming Zheng | 北京航空航天大学 | 信息技术科学部 | English journal DOI
ACAD01927,郑时龄,Shiling Zheng,CAS,2001,技术科学部,同济大学,https://casad.cas.cn/ysxx2022/ysmd/jskx/200906/t20090624_1808142.html,,,,,,待单人精确检索,,,,Shiling Zheng | 同济大学 | 技术科学部 | English journal DOI
ACAD01928,郑晓静,Xiaojing Zheng,CAS,2009,数学物理学部,兰州大学,https://casad.cas.cn/ysxx2022/ysmd/sxwl/200912/t20091203_2681355.html,,,,,,待单人精确检索,,,,Xiaojing Zheng | 兰州大学 | 数学物理学部 | English journal DOI
ACAD01929,郑有炓,Youliao Zheng,CAS,2003,信息技术科学部,南京大学,https://casad.cas.cn/ysxx2022/ysmd/xxjs/200906/t20090624_1807680.html,,,,,,待单人精确检索,,,,Youliao Zheng | 南京大学 | 信息技术科学部 | English journal DOI
ACAD01931,郑永飞,Yongfei Zheng,CAS,2009,地学部,中国科学技术大学,https://casad.cas.cn/ysxx2022/ysmd/dxb/200912/t20091203_2681382.html,,,,,,待单人精确检索,,,,Yongfei Zheng | 中国科学技术大学 | 地学部 | English journal DOI
ACAD01932,郑泉水,Quanshui Zheng,CAS,2019,技术科学部,清华大学,https://casad.cas.cn/ysxx2022/ysmd/jskx/201911/t20191121_4724714.html,,,,,,待单人精确检索,,,,Quanshui Zheng | 清华大学 | 技术科学部 | English journal DOI
ACAD01938,郑耀宗,Yaozong Zheng,CAS,1999,信息技术科学部,香港大学,https://casad.cas.cn/ysxx2022/ysmd/xxjs/200906/t20090624_1807683.html,,,,,,待单人精确检索,,,,Yaozong Zheng | 香港大学 | 信息技术科学部 | English journal DOI
ACAD01942,郝小江,Xiaojiang Hao,CAS,2019,生命科学和医学学部,中国科学院昆明植物研究所,https://casad.cas.cn/ysxx2022/ysmd/smkx/201911/t20191121_4724676.html,,,,,,待单人精确检索,,,,Xiaojiang Hao | 中国科学院昆明植物研究所 | 生命科学和医学学部 | English journal DOI
ACAD01945,郝芳,Fang Hao,CAS,2015,地学部,中国地质大学（武汉）,https://casad.cas.cn/ysxx2022/ysmd/dxb/201512/t20151224_4502650.html,,,,,,待单人精确检索,,,,Fang Hao | 中国地质大学（武汉） | 地学部 | English journal DOI
ACAD01946,郝跃,Yue Hao,CAS,2013,信息技术科学部,西安电子科技大学,https://casad.cas.cn/ysxx2022/ysmd/xxjs/201312/t20131219_4002032.html,,,,,,待单人精确检索,,,,Yue Hao | 西安电子科技大学 | 信息技术科学部 | English journal DOI
ACAD01947,郭万林,Wanlin Guo,CAS,2017,技术科学部,南京航空航天大学,https://casad.cas.cn/ysxx2022/ysmd/jskx/201711/t20171129_4625097.html,,,,,,待单人精确检索,,,,Wanlin Guo | 南京航空航天大学 | 技术科学部 | English journal DOI
ACAD01952,郭令智,Lingzhi Guo,CAS,1993,地学部,南京大学,https://casad.cas.cn/ysxx2022/ygys/200906/t20090624_1804439.html,,,,,,待单人精确检索,,,,Lingzhi Guo | 南京大学 | 地学部 | English journal DOI
ACAD01954,郭光灿,Guangcan Guo,CAS,2003,信息技术科学部,中国科学技术大学,https://casad.cas.cn/ysxx2022/ysmd/xxjs/200906/t20090624_1807812.html,,,,,,待单人精确检索,,,,Guangcan Guo | 中国科学技术大学 | 信息技术科学部 | English journal DOI
ACAD01956,郭华东,Huadong Guo,CAS,2011,地学部,中国科学院对地观测与数字地球科学中心,https://casad.cas.cn/ysxx2022/ysmd/dxb/201112/t20111213_3412383.html,,,,,,待单人精确检索,,,,Huadong Guo | 中国科学院对地观测与数字地球科学中心 | 地学部 | English journal DOI
ACAD01957,郭子建,Zijian Guo,CAS,2017,化学部,南京大学,https://casad.cas.cn/ysxx2022/ysmd/hxb/201711/t20171129_4625050.html,,,,,,待单人精确检索,,,,Zijian Guo | 南京大学 | 化学部 | English journal DOI
ACAD01959,郭尚平,Shangping Guo,CAS,1995,数学物理学部,中国石油天然气总公司石油勘探开发科学研究院渗流流体力学研究所,https://casad.cas.cn/ysxx2022/ysmd/sxwl/200906/t20090624_1792062.html,,,,,,待单人精确检索,,,,Shangping Guo | 中国石油天然气总公司石油勘探开发科学研究院渗流流体力学研究所 | 数学物理学部 | English journal DOI
ACAD01963,郭景坤,Jingkun Guo,CAS,1991,化学部,中国科学院上海硅酸盐研究所,https://casad.cas.cn/ysxx2022/ygys/200906/t20090624_1802300.html,,,,,,待单人精确检索,,,,Jingkun Guo | 中国科学院上海硅酸盐研究所 | 化学部 | English journal DOI
ACAD01964,郭柏灵,Bailing Guo,CAS,2001,数学物理学部,北京应用物理与计算数学研究所,https://casad.cas.cn/ysxx2022/ysmd/sxwl/200906/t20090624_1792063.html,,,,,,待单人精确检索,,,,Bailing Guo | 北京应用物理与计算数学研究所 | 数学物理学部 | English journal DOI
ACAD01966,郭正堂,Zhengtang Guo,CAS,2013,地学部,中国科学院地质与地球物理研究所,https://casad.cas.cn/ysxx2022/ysmd/dxb/201312/t20131219_4646106.html,,,,,,待单人精确检索,,,,Zhengtang Guo | 中国科学院地质与地球物理研究所 | 地学部 | English journal DOI
ACAD01967,郭烈锦,Liejin Guo,CAS,2017,技术科学部,西安交通大学,https://casad.cas.cn/ysxx2022/ysmd/jskx/201711/t20171129_4625096.html,,,,,,待单人精确检索,,,,Liejin Guo | 西安交通大学 | 技术科学部 | English journal DOI
ACAD01968,郭爱克,Aike Guo,CAS,2003,生命科学和医学学部,中国科学院上海生命科学研究院,https://casad.cas.cn/ysxx2022/ygys/200906/t20090624_1803316.html,,,,,,待单人精确检索,,,,Aike Guo | 中国科学院上海生命科学研究院 | 生命科学和医学学部 | English journal DOI
ACAD01970,郭雷,Lei Guo,CAS,2001,信息技术科学部,中国科学院数学与系统科学研究院,https://casad.cas.cn/ysxx2022/ysmd/xxjs/200906/t20090624_1807810.html,,,,,,待单人精确检索,,,,Lei Guo | 中国科学院数学与系统科学研究院 | 信息技术科学部 | English journal DOI
ACAD01972,都有为,Youwei Dou,CAS,2005,技术科学部,南京大学,https://casad.cas.cn/ysxx2022/ysmd/jskx/200906/t20090624_1808378.html,,,,,,待单人精确检索,,,,Youwei Dou | 南京大学 | 技术科学部 | English journal DOI
ACAD01973,鄂维南,Weinan E,CAS,2011,数学物理学部,北京大学,https://casad.cas.cn/ysxx2022/ysmd/sxwl/201112/t20111213_3412298.html,,,,,,待单人精确检索,,,,Weinan E | 北京大学 | 数学物理学部 | English journal DOI
ACAD01975,金之钧,Zhijun Jin,CAS,2013,地学部,中国石油化工股份有限公司石油勘探开发研究院,https://casad.cas.cn/ysxx2022/ysmd/dxb/201312/t20131219_4646108.html,,,,,,待单人精确检索,,,,Zhijun Jin | 中国石油化工股份有限公司石油勘探开发研究院 | 地学部 | English journal DOI
ACAD01976,金亚秋,Yaqiu Jin,CAS,2011,信息技术科学部,复旦大学,https://casad.cas.cn/ysxx2022/ysmd/xxjs/201112/t20111213_3412391.html,,,,,,待单人精确检索,,,,Yaqiu Jin | 复旦大学 | 信息技术科学部 | English journal DOI
ACAD01977,金力,Li Jin,CAS,2013,生命科学和医学学部,复旦大学,https://casad.cas.cn/ysxx2022/ysmd/smkx/201312/t20131219_4646105.html,,,,,,待单人精确检索,,,,Li Jin | 复旦大学 | 生命科学和医学学部 | English journal DOI
ACAD01978,金国章,Guozhang Jin,CAS,2001,生命科学和医学学部,中国科学院上海药物研究所,https://casad.cas.cn/ysxx2022/ygys/200906/t20090624_1803285.html,,,,,,待单人精确检索,,,,Guozhang Jin | 中国科学院上海药物研究所 | 生命科学和医学学部 | English journal DOI
ACAD01982,金展鹏,Zhanpeng Jin,CAS,2003,技术科学部,中南大学,https://casad.cas.cn/ysxx2022/ygys/200906/t20090624_1808335.html,,,,,,待单人精确检索,,,,Zhanpeng Jin | 中南大学 | 技术科学部 | English journal DOI
ACAD01986,金振民,Zhenmin Jin,CAS,2005,地学部,中国地质大学（武汉）,https://casad.cas.cn/ysxx2022/ysmd/dxb/200906/t20090624_1804420.html,,,,,,待单人精确检索,,,,Zhenmin Jin | 中国地质大学（武汉） | 地学部 | English journal DOI
ACAD01991,金红光,Hongguang Jin,CAS,2013,技术科学部,中国科学院工程热物理研究所,https://casad.cas.cn/ysxx2022/ysmd/jskx/201312/t20131219_4002044.html,,,,,,待单人精确检索,,,,Hongguang Jin | 中国科学院工程热物理研究所 | 技术科学部 | English journal DOI
ACAD01994,钟万勰,Wanxie Zhong,CAS,1993,技术科学部,大连理工大学,https://casad.cas.cn/ysxx2022/ygys/200906/t20090624_1808137.html,,,,,,待单人精确检索,,,,Wanxie Zhong | 大连理工大学 | 技术科学部 | English journal DOI
ACAD01997,钟大赉,Dalai Zhong,CAS,2001,地学部,中国科学院地质与地球物理研究所,https://casad.cas.cn/ysxx2022/ysmd/dxb/200906/t20090624_1804123.html,,,,,,待单人精确检索,,,,Dalai Zhong | 中国科学院地质与地球物理研究所 | 地学部 | English journal DOI
ACAD02004,钟香崇,Xiangchong Zhong,CAS,1991,技术科学部,冶金工业部洛阳耐火材料研究院,https://casad.cas.cn/ysxx2022/ygys/200906/t20090624_1808134.html,,,,,,待单人精确检索,,,,Xiangchong Zhong | 冶金工业部洛阳耐火材料研究院 | 技术科学部 | English journal DOI
ACAD02008,钱前,Qian Qian,CAS,2019,生命科学和医学学部,中国水稻研究所,https://casad.cas.cn/ysxx2022/ysmd/smkx/201911/t20191121_4724679.html,,,,,,待单人精确检索,,,,Qian Qian | 中国水稻研究所 | 生命科学和医学学部 | English journal DOI
ACAD02010,钱德沛,Depei Qian,CAS,2021,信息技术科学部,北京航空航天大学,https://casad.cas.cn/ysxx2022/ysmd/xxjs/202201/t20220111_4821789.html,,,,,,待单人精确检索,,,,Depei Qian | 北京航空航天大学 | 信息技术科学部 | English journal DOI
ACAD02017,钱逸泰,Yitai Qian,CAS,1997,化学部,中国科学技术大学,https://casad.cas.cn/ysxx2022/ygys/200906/t20090624_1802179.html,,,,,,待单人精确检索,,,,Yitai Qian | 中国科学技术大学 | 化学部 | English journal DOI
ACAD02020,闫楚良,Chuliang Yan,CAS,2015,技术科学部,国机集团科学技术研究院有限公司,https://casad.cas.cn/ysxx2022/ysmd/jskx/201512/t20151224_4502678.html,,,,,,待单人精确检索,,,,Chuliang Yan | 国机集团科学技术研究院有限公司 | 技术科学部 | English journal DOI
ACAD02021,闵乃本,Naiben Min,CAS,1991,数学物理学部,南京大学,https://casad.cas.cn/ysxx2022/ygys/200906/t20090624_1792029.html,,,,,,待单人精确检索,,,,Naiben Min | 南京大学 | 数学物理学部 | English journal DOI
ACAD02023,闵桂荣,Guirong Min,CAE; CAS,1991,CAS: 技术科学部 | CAE: 机械与运载工程学部,航空航天部第五研究院,https://casad.cas.cn/ysxx2022/ygys/200906/t20090624_1808295.html,,,,,,待单人精确检索,,,,Guirong Min | 航空航天部第五研究院 | CAS: 技术科学部 | CAE: 机械与运载工程学部 | English journal DOI
ACAD02026,闻邦椿,Bangchun Wen,CAS,1991,技术科学部,东北大学,https://casad.cas.cn/ysxx2022/ysmd/jskx/200906/t20090624_1808223.html,,,,,,待单人精确检索,,,,Bangchun Wen | 东北大学 | 技术科学部 | English journal DOI
ACAD02028,阎锡蕴,Xiyun Yan,CAS,2015,生命科学和医学学部,中国科学院生物物理研究所,https://casad.cas.cn/ysxx2022/ysmd/smkx/201512/t20151224_4502590.html,,,,,,待单人精确检索,,,,Xiyun Yan | 中国科学院生物物理研究所 | 生命科学和医学学部 | English journal DOI
ACAD02030,阙端麟,Duanlin Que,CAS,1991,技术科学部,浙江大学,https://casad.cas.cn/ysxx2022/ygys/200906/t20090624_1807755.html,,,,,,待单人精确检索,,,,Duanlin Que | 浙江大学 | 技术科学部 | English journal DOI
ACAD02031,阮勇斌,Yongbin Ruan,CAS,2021,数学物理学部,浙江大学,https://casad.cas.cn/ysxx2022/ysmd/sxwl/202201/t20220111_4821732.html,,,,,,待单人精确检索,,,,Yongbin Ruan | 浙江大学 | 数学物理学部 | English journal DOI
ACAD02039,陆埮,Tan Lu,CAS,2003,数学物理学部,南京大学,https://casad.cas.cn/ysxx2022/ygys/200906/t20090624_1792033.html,,,,,,待单人精确检索,,,,Tan Lu | 南京大学 | 数学物理学部 | English journal DOI
ACAD02040,陆士新,Shixin Lu,CAS,1997,生命科学和医学学部,北京协和医学院,https://casad.cas.cn/ysxx2022/ygys/200906/t20090624_1803231.html,,,,,,待单人精确检索,,,,Shixin Lu | 北京协和医学院 | 生命科学和医学学部 | English journal DOI
ACAD02041,陆夕云,Xiyun Lu,CAS,2019,数学物理学部,中国科学技术大学,https://casad.cas.cn/ysxx2022/ysmd/sxwl/201911/t20191121_4724651.html,,,,,,待单人精确检索,,,,Xiyun Lu | 中国科学技术大学 | 数学物理学部 | English journal DOI
ACAD02042,陆大道,Dadao Lu,CAS,2003,地学部,中国科学院地理资源研究所,https://casad.cas.cn/ysxx2022/ysmd/dxb/200906/t20090624_1804367.html,,,,,,待单人精确检索,,,,Dadao Lu | 中国科学院地理资源研究所 | 地学部 | English journal DOI
ACAD02043,陆婉珍,Wanzhen Lu,CAS,1991,化学部,中国石油化工总公司石油化工科学研究院,https://casad.cas.cn/ysxx2022/ygys/200906/t20090624_1802200.html,,,,,,待单人精确检索,,,,Wanzhen Lu | 中国石油化工总公司石油化工科学研究院 | 化学部 | English journal DOI
ACAD02046,陆建华,Jianhua Lu,CAS,2015,信息技术科学部,清华大学,https://casad.cas.cn/ysxx2022/ysmd/xxjs/201512/t20151224_4502657.html,,,,,,待单人精确检索,,,,Jianhua Lu | 清华大学 | 信息技术科学部 | English journal DOI
ACAD02047,陆林,Lin Lu,CAS,2017,生命科学和医学学部,北京大学,https://casad.cas.cn/ysxx2022/ysmd/smkx/201711/t20171129_4625070.html,,,,,,待单人精确检索,,,,Lin Lu | 北京大学 | 生命科学和医学学部 | English journal DOI
ACAD02048,陆汝钤,Ruqian Lu,CAS,1999,信息技术科学部,中国科学院数学研究所,https://casad.cas.cn/ysxx2022/ysmd/xxjs/200906/t20090624_1807767.html,,,,,,待单人精确检索,,,,Ruqian Lu | 中国科学院数学研究所 | 信息技术科学部 | English journal DOI
ACAD02049,陆熙炎,Xiyan Lu,CAS,1991,化学部,中国科学院上海有机化学研究所,https://casad.cas.cn/ysxx2022/ygys/200906/t20090624_1802197.html,,,,,,待单人精确检索,,,,Xiyan Lu | 中国科学院上海有机化学研究所 | 化学部 | English journal DOI
ACAD02054,陈义汉,Yihan Chen,CAS,2015,生命科学和医学学部,同济大学,https://casad.cas.cn/ysxx2022/ysmd/smkx/201512/t20151224_4502217.html,,,,,,待单人精确检索,,,,Yihan Chen | 同济大学 | 生命科学和医学学部 | English journal DOI
ACAD02056,陈云敏,Yunmin Chen,CAS,2015,技术科学部,浙江大学,https://casad.cas.cn/ysxx2022/ysmd/jskx/201512/t20151224_4502688.html,,,,,,待单人精确检索,,,,Yunmin Chen | 浙江大学 | 技术科学部 | English journal DOI
ACAD02058,陈仙辉,Xianhui Chen,CAS,2015,数学物理学部,中国科学技术大学,https://casad.cas.cn/ysxx2022/ysmd/sxwl/201512/t20151224_4502106.html,,,,,,待单人精确检索,,,,Xianhui Chen | 中国科学技术大学 | 数学物理学部 | English journal DOI
ACAD02059,陈佳洱,Jiaer Chen,CAS,1993,数学物理学部,北京大学,https://casad.cas.cn/ysxx2022/ysmd/sxwl/200906/t20090624_1792081.html,,,,,,待单人精确检索,,,,Jiaer Chen | 北京大学 | 数学物理学部 | English journal DOI
ACAD02060,陈俊亮,Junliang Chen,CAE; CAS,1991,CAS: 信息技术科学部 | CAE: 信息与电子工程学部,北京邮电大学,https://casad.cas.cn/ysxx2022/ysmd/xxjs/200906/t20090624_1807830.html,,,,,,待单人精确检索,,,,Junliang Chen | 北京邮电大学 | CAS: 信息技术科学部 | CAE: 信息与电子工程学部 | English journal DOI
ACAD02061,陈俊勇,Junyong Chen,CAS,1991,地学部,国家测绘局,https://casad.cas.cn/ysxx2022/ysmd/dxb/200906/t20090624_1804500.html,,,,,,待单人精确检索,,,,Junyong Chen | 国家测绘局 | 地学部 | English journal DOI
ACAD02063,陈俊武,Junwu Chen,CAS,1991,化学部,洛阳石油化工工程公司,https://casad.cas.cn/ysxx2022/ygys/200906/t20090624_1802342.html,,,,,,待单人精确检索,,,,Junwu Chen | 洛阳石油化工工程公司 | 化学部 | English journal DOI
ACAD02065,陈光,Guang Chen,CAS,2021,技术科学部,南京理工大学,https://casad.cas.cn/ysxx2022/ysmd/jskx/202201/t20220111_4821796.html,,,,,,待单人精确检索,,,,Guang Chen | 南京理工大学 | 技术科学部 | English journal DOI
ACAD02069,陈军,Jun Chen,CAS,2017,化学部,南开大学,https://casad.cas.cn/ysxx2022/ysmd/hxb/201711/t20171129_4625049.html,,,,,,待单人精确检索,,,,Jun Chen | 南开大学 | 化学部 | English journal DOI
ACAD02070,陈凯先,Kaixian Chen,CAS,1999,化学部,中国科学院上海药物研究所,https://casad.cas.cn/ysxx2022/ysmd/hxb/200906/t20090624_1802339.html,,,,,,待单人精确检索,,,,Kaixian Chen | 中国科学院上海药物研究所 | 化学部 | English journal DOI
ACAD02071,陈创天,Chuangtian Chen,CAS,2003,技术科学部,中国科学院理化技术研究所,https://casad.cas.cn/ysxx2022/ygys/200906/t20090624_1808396.html,,,,,,待单人精确检索,,,,Chuangtian Chen | 中国科学院理化技术研究所 | 技术科学部 | English journal DOI
ACAD02075,陈化兰,Hualan Chen,CAS,2017,生命科学和医学学部,中国农业科学院哈尔滨兽医研究所,https://casad.cas.cn/ysxx2022/ysmd/smkx/201711/t20171129_4625061.html,,,,,,待单人精确检索,,,,Hualan Chen | 中国农业科学院哈尔滨兽医研究所 | 生命科学和医学学部 | English journal DOI
ACAD02076,陈十一,Shiyi Chen,CAS,2013,数学物理学部,北京大学,https://casad.cas.cn/ysxx2022/ysmd/sxwl/201312/t20131219_4001984.html,,,,,,待单人精确检索,,,,Shiyi Chen | 北京大学 | 数学物理学部 | English journal DOI
ACAD02079,陈发虎,Fahu Chen,CAS,2015,地学部,兰州大学,https://casad.cas.cn/ysxx2022/ysmd/dxb/201512/t20151224_4502647.html,,,,,,待单人精确检索,,,,Fahu Chen | 兰州大学 | 地学部 | English journal DOI
ACAD02080,陈可冀,Keji Chen,CAS,1991,生命科学和医学学部,中国中医研究院西苑医院、老年医学研究所,https://casad.cas.cn/ysxx2022/ysmd/smkx/200906/t20090624_1803358.html,,,,,,待单人精确检索,,,,Keji Chen | 中国中医研究院西苑医院、老年医学研究所 | 生命科学和医学学部 | English journal DOI
ACAD02083,陈和生,Hesheng Chen,CAS,2005,数学物理学部,中国科学院高能物理研究所,https://casad.cas.cn/ysxx2022/ysmd/sxwl/200906/t20090624_1792082.html,,,,,,待单人精确检索,,,,Hesheng Chen | 中国科学院高能物理研究所 | 数学物理学部 | English journal DOI
ACAD02084,陈国强,Guoqiang Chen,CAS,2015,生命科学和医学学部,上海交通大学,https://casad.cas.cn/ysxx2022/ysmd/smkx/201512/t20151224_4502219.html,,,,,,待单人精确检索,,,,Guoqiang Chen | 上海交通大学 | 生命科学和医学学部 | English journal DOI
ACAD02086,陈国良,Guoliang Chen,CAS,2003,信息技术科学部,中国科学技术大学,https://casad.cas.cn/ysxx2022/ysmd/xxjs/200906/t20090624_1807834.html,,,,,,待单人精确检索,,,,Guoliang Chen | 中国科学技术大学 | 信息技术科学部 | English journal DOI
ACAD02090,陈大可,Dake Chen,CAS,2015,地学部,国家海洋局第二海洋研究所,https://casad.cas.cn/ysxx2022/ysmd/dxb/201512/t20151224_4502645.html,,,,,,待单人精确检索,,,,Dake Chen | 国家海洋局第二海洋研究所 | 地学部 | English journal DOI
ACAD02092,陈子元,Ziyuan Chen,CAS,1991,生命科学和医学学部,浙江大学,https://casad.cas.cn/ysxx2022/ysmd/smkx/200906/t20090624_1803334.html,,,,,,待单人精确检索,,,,Ziyuan Chen | 浙江大学 | 生命科学和医学学部 | English journal DOI
ACAD02093,陈子江,Zijiang Chen,CAS,2019,生命科学和医学学部,山东大学,https://casad.cas.cn/ysxx2022/ysmd/smkx/201911/t20191121_4724674.html,,,,,,待单人精确检索,,,,Zijiang Chen | 山东大学 | 生命科学和医学学部 | English journal DOI
ACAD02094,陈孝平,Xiaoping Chen,CAS,2015,生命科学和医学学部,华中科技大学,https://casad.cas.cn/ysxx2022/ysmd/smkx/201512/t20151224_4502218.html,,,,,,待单人精确检索,,,,Xiaoping Chen | 华中科技大学 | 生命科学和医学学部 | English journal DOI
ACAD02098,陈学思,Xuesi Chen,CAS,2019,化学部,中国科学院长春应用化学研究所,https://casad.cas.cn/ysxx2022/ysmd/hxb/201911/t20191121_4724657.html,,,,,,待单人精确检索,,,,Xuesi Chen | 中国科学院长春应用化学研究所 | 化学部 | English journal DOI
ACAD02100,陈定昌,Dingchang Chen,CAS,2009,信息技术科学部,中国航天科工集团科技委,https://casad.cas.cn/ysxx2022/ygys/200912/t20091203_2681396.html,,,,,,待单人精确检索,,,,Dingchang Chen | 中国航天科工集团科技委 | 信息技术科学部 | English journal DOI
ACAD02101,陈宜张,Yizhang Chen,CAS,1995,生命科学和医学学部,中国人民解放军海军军医大学,https://casad.cas.cn/ysxx2022/ysmd/smkx/200906/t20090624_1803340.html,,,,,,待单人精确检索,,,,Yizhang Chen | 中国人民解放军海军军医大学 | 生命科学和医学学部 | English journal DOI
ACAD02102,陈宜瑜,Yiyu Chen,CAS,1991,生命科学和医学学部,中国科学院水生生物研究所,https://casad.cas.cn/ysxx2022/ysmd/smkx/200906/t20090624_1803343.html,,,,,,待单人精确检索,,,,Yiyu Chen | 中国科学院水生生物研究所 | 生命科学和医学学部 | English journal DOI
ACAD02104,陈小明,Xiaoming Chen,CAS,2009,化学部,中山大学,https://casad.cas.cn/ysxx2022/ysmd/hxb/200912/t20091203_2681363.html,,,,,,待单人精确检索,,,,Xiaoming Chen | 中山大学 | 化学部 | English journal DOI
ACAD02107,陈庆云,Qingyun Chen,CAS,1993,化学部,中国科学院上海有机化学研究所,https://casad.cas.cn/ysxx2022/ygys/200906/t20090624_1802336.html,,,,,,待单人精确检索,,,,Qingyun Chen | 中国科学院上海有机化学研究所 | 化学部 | English journal DOI
ACAD02110,陈建生,Jiansheng Chen,CAS,1991,数学物理学部,中国科学院北京天文台,https://casad.cas.cn/ysxx2022/ysmd/sxwl/200906/t20090624_1792080.html,,,,,,待单人精确检索,,,,Jiansheng Chen | 中国科学院北京天文台 | 数学物理学部 | English journal DOI
ACAD02111,陈式刚,Shigang Chen,CAS,2001,数学物理学部,北京应用物理与计算数学研究所,https://casad.cas.cn/ysxx2022/ysmd/sxwl/200906/t20090624_1792077.html,,,,,,待单人精确检索,,,,Shigang Chen | 北京应用物理与计算数学研究所 | 数学物理学部 | English journal DOI
ACAD02115,陈志明,Zhiming Chen,CAS,2017,数学物理学部,中国科学院数学与系统科学研究院,https://casad.cas.cn/ysxx2022/ysmd/sxwl/201711/t20171129_4625038.html,,,,,,待单人精确检索,,,,Zhiming Chen | 中国科学院数学与系统科学研究院 | 数学物理学部 | English journal DOI
ACAD02118,陈恕行,Shuxing Chen,CAS,2013,数学物理学部,复旦大学,https://casad.cas.cn/ysxx2022/ysmd/sxwl/201312/t20131219_4001983.html,,,,,,待单人精确检索,,,,Shuxing Chen | 复旦大学 | 数学物理学部 | English journal DOI
ACAD02121,陈懿,Yi Chen,CAS,2005,化学部,南京大学,https://casad.cas.cn/ysxx2022/ysmd/hxb/200906/t20090624_1802327.html,,,,,,待单人精确检索,,,,Yi Chen | 南京大学 | 化学部 | English journal DOI
ACAD02125,陈文新,Wenxin Chen,CAS,2001,生命科学和医学学部,中国农业大学,https://casad.cas.cn/ysxx2022/ygys/200906/t20090624_1803349.html,,,,,,待单人精确检索,,,,Wenxin Chen | 中国农业大学 | 生命科学和医学学部 | English journal DOI
ACAD02127,陈新滋,Xinzi Chen,CAS,2001,化学部,香港理工大学,https://casad.cas.cn/ysxx2022/ysmd/hxb/200906/t20090624_1802330.html,,,,,,待单人精确检索,,,,Xinzi Chen | 香港理工大学 | 化学部 | English journal DOI
ACAD02128,陈旭,Xu Chen,CAS,2003,地学部,中国科学院南京地质古生物研究所,https://casad.cas.cn/ysxx2022/ysmd/dxb/200906/t20090624_1804493.html,,,,,,待单人精确检索,,,,Xu Chen | 中国科学院南京地质古生物研究所 | 地学部 | English journal DOI
ACAD02130,陈星弼,Xingbi Chen,CAS,1999,技术科学部,电子科技大学,https://casad.cas.cn/ysxx2022/ygys/200906/t20090624_1807828.html,,,,,,待单人精确检索,,,,Xingbi Chen | 电子科技大学 | 技术科学部 | English journal DOI
ACAD02131,陈星旦,Xingdan Chen,CAS,1999,信息技术科学部,中国科学院长春光学精密机械研究所,https://casad.cas.cn/ysxx2022/ysmd/xxjs/200906/t20090624_1807826.html,,,,,,待单人精确检索,,,,Xingdan Chen | 中国科学院长春光学精密机械研究所 | 信息技术科学部 | English journal DOI
ACAD02133,陈晓亚,Xiaoya Chen,CAS,2005,生命科学和医学学部,中国科学院上海生命科学研究院,https://casad.cas.cn/ysxx2022/ysmd/smkx/200906/t20090624_1803346.html,,,,,,待单人精确检索,,,,Xiaoya Chen | 中国科学院上海生命科学研究院 | 生命科学和医学学部 | English journal DOI
ACAD02135,陈晓非,Xiaofei Chen,CAS,2015,地学部,中国科学技术大学,https://casad.cas.cn/ysxx2022/ysmd/dxb/201512/t20151224_4502649.html,,,,,,待单人精确检索,,,,Xiaofei Chen | 中国科学技术大学 | 地学部 | English journal DOI
ACAD02136,陈晔光,Yeguang Chen,CAS,2017,生命科学和医学学部,清华大学,https://casad.cas.cn/ysxx2022/ysmd/smkx/201711/t20171129_4625062.html,,,,,,待单人精确检索,,,,Yeguang Chen | 清华大学 | 生命科学和医学学部 | English journal DOI
ACAD02138,陈木法,Mufa Chen,CAS,2003,数学物理学部,北京师范大学,https://casad.cas.cn/ysxx2022/ysmd/sxwl/200906/t20090624_1792079.html,,,,,,待单人精确检索,,,,Mufa Chen | 北京师范大学 | 数学物理学部 | English journal DOI
ACAD02141,陈松蹊,Songqi Chen,CAS,2021,数学物理学部,北京大学,https://casad.cas.cn/ysxx2022/ysmd/sxwl/202201/t20220111_4821725.html,,,,,,待单人精确检索,,,,Songqi Chen | 北京大学 | 数学物理学部 | English journal DOI
ACAD02142,陈桂林,Guilin Chen,CAS,2001,信息技术科学部,中国科学院上海技术物理研究所,https://casad.cas.cn/ysxx2022/ysmd/xxjs/200906/t20090624_1807836.html,,,,,,待单人精确检索,,,,Guilin Chen | 中国科学院上海技术物理研究所 | 信息技术科学部 | English journal DOI
ACAD02143,陈梦熊,Mengxiong Chen,CAS,1991,地学部,地质矿产部科技高级咨询中心,https://casad.cas.cn/ysxx2022/ygys/200906/t20090624_1804496.html,,,,,,待单人精确检索,,,,Mengxiong Chen | 地质矿产部科技高级咨询中心 | 地学部 | English journal DOI
ACAD02146,陈永川,Yongchuan Chen,CAS,2011,数学物理学部,南开大学,https://casad.cas.cn/ysxx2022/ysmd/sxwl/201112/t20111213_3412299.html,,,,,,待单人精确检索,,,,Yongchuan Chen | 南开大学 | 数学物理学部 | English journal DOI
ACAD02147,陈洪渊,Hongyuan Chen,CAS,2001,化学部,南京大学,https://casad.cas.cn/ysxx2022/ysmd/hxb/200906/t20090624_1802348.html,,,,,,待单人精确检索,,,,Hongyuan Chen | 南京大学 | 化学部 | English journal DOI
ACAD02149,陈润生,Runsheng Chen,CAS,2007,生命科学和医学学部,中国科学院生物物理研究所,https://casad.cas.cn/ysxx2022/ysmd/smkx/200906/t20090624_1803352.html,,,,,,待单人精确检索,,,,Runsheng Chen | 中国科学院生物物理研究所 | 生命科学和医学学部 | English journal DOI
ACAD02157,陈祖煜,Zuyu Chen,CAS,2005,技术科学部,中国水利水电科学研究院,https://casad.cas.cn/ysxx2022/ysmd/jskx/200906/t20090624_1808386.html,,,,,,待单人精确检索,,,,Zuyu Chen | 中国水利水电科学研究院 | 技术科学部 | English journal DOI
ACAD02163,陈竺,Zhu Chen,CAS,1995,生命科学和医学学部,上海交通大学,https://casad.cas.cn/ysxx2022/ysmd/smkx/200906/t20090624_1803337.html,,,,,,待单人精确检索,,,,Zhu Chen | 上海交通大学 | 生命科学和医学学部 | English journal DOI
ACAD02165,陈维江,Weijiang Chen,CAS,2015,技术科学部,国家电网公司,https://casad.cas.cn/ysxx2022/ysmd/jskx/201512/t20151224_4502689.html,,,,,,待单人精确检索,,,,Weijiang Chen | 国家电网公司 | 技术科学部 | English journal DOI
ACAD02166,陈翰馥,Hanfu Chen,CAS,1993,信息技术科学部,中国科学院系统科学研究所,https://casad.cas.cn/ysxx2022/ysmd/xxjs/200906/t20090624_1807832.html,,,,,,待单人精确检索,,,,Hanfu Chen | 中国科学院系统科学研究所 | 信息技术科学部 | English journal DOI
ACAD02176,陈达,Da Chen,CAS,2001,技术科学部,第二十一试验训练基地研究所,https://casad.cas.cn/ysxx2022/ygys/200906/t20090624_1808394.html,,,,,,待单人精确检索,,,,Da Chen | 第二十一试验训练基地研究所 | 技术科学部 | English journal DOI
ACAD02177,陈运泰,Yuntai Chen,CAS,1991,地学部,国家地震局地球物理研究所,https://casad.cas.cn/ysxx2022/ysmd/dxb/200906/t20090624_1804486.html,,,,,,待单人精确检索,,,,Yuntai Chen | 国家地震局地球物理研究所 | 地学部 | English journal DOI
ACAD02179,陈难先,Nanxian Chen,CAS,1997,数学物理学部,北京科技大学,https://casad.cas.cn/ysxx2022/ysmd/sxwl/200906/t20090624_1792078.html,,,,,,待单人精确检索,,,,Nanxian Chen | 北京科技大学 | 数学物理学部 | English journal DOI
ACAD02180,陈霖,Lin Chen,CAS,2003,生命科学和医学学部,中国科学院研究生院,https://casad.cas.cn/ysxx2022/ysmd/smkx/200906/t20090624_1803355.html,,,,,,待单人精确检索,,,,Lin Chen | 中国科学院研究生院 | 生命科学和医学学部 | English journal DOI
ACAD02181,陈颙,Yong Chen,CAS,1993,地学部,国家地震局地球物理研究所,https://casad.cas.cn/ysxx2022/ysmd/dxb/200906/t20090624_1804489.html,,,,,,待单人精确检索,,,,Yong Chen | 国家地震局地球物理研究所 | 地学部 | English journal DOI
ACAD02183,陈骏,Jun Chen,CAS,2013,地学部,南京大学,https://casad.cas.cn/ysxx2022/ysmd/dxb/201312/t20131219_4002024.html,,,,,,待单人精确检索,,,,Jun Chen | 南京大学 | 地学部 | English journal DOI
ACAD02186,陶文铨,Wenquan Tao,CAS,2005,技术科学部,西安交通大学,https://casad.cas.cn/ysxx2022/ysmd/jskx/200906/t20090624_1808253.html,,,,,,待单人精确检索,,,,Wenquan Tao | 西安交通大学 | 技术科学部 | English journal DOI
ACAD02188,陶澍,Shu Tao,CAS,2009,地学部,北京大学,https://casad.cas.cn/ysxx2022/ysmd/dxb/200912/t20091203_2681386.html,,,,,,待单人精确检索,,,,Shu Tao | 北京大学 | 地学部 | English journal DOI
ACAD02189,陶瑞宝,Ruibao Tao,CAS,2003,数学物理学部,复旦大学,https://casad.cas.cn/ysxx2022/ysmd/sxwl/200906/t20090624_1792014.html,,,,,,待单人精确检索,,,,Ruibao Tao | 复旦大学 | 数学物理学部 | English journal DOI
ACAD02190,隋森芳,Senfang Sui,CAS,2009,生命科学和医学学部,清华大学,https://casad.cas.cn/ysxx2022/ysmd/smkx/200912/t20091203_2681375.html,,,,,,待单人精确检索,,,,Senfang Sui | 清华大学 | 生命科学和医学学部 | English journal DOI
ACAD02191,雒建斌,Jianbin Luo,CAS,2011,技术科学部,清华大学,https://casad.cas.cn/ysxx2022/ysmd/jskx/201112/t20111213_3412405.html,,,,,,待单人精确检索,,,,Jianbin Luo | 清华大学 | 技术科学部 | English journal DOI
ACAD02192,雷啸霖,Xiaolin Lei,CAS,1997,信息技术科学部,中国科学院上海冶金研究所,https://casad.cas.cn/ysxx2022/ysmd/xxjs/200906/t20090624_1807791.html,,,,,,待单人精确检索,,,,Xiaolin Lei | 中国科学院上海冶金研究所 | 信息技术科学部 | English journal DOI
ACAD02197,霍裕平,Yuping Huo,CAS,1993,数学物理学部,中国科学院合肥等离子体物理研究所,https://casad.cas.cn/ysxx2022/ysmd/sxwl/200906/t20090624_1792051.html,,,,,,待单人精确检索,,,,Yuping Huo | 中国科学院合肥等离子体物理研究所 | 数学物理学部 | English journal DOI
ACAD02198,鞠躬,Gong Ju,CAS,1991,生命科学和医学学部,中国人民解放军空军军医大学,https://casad.cas.cn/ysxx2022/ysmd/smkx/200906/t20090624_1803282.html,,,,,,待单人精确检索,,,,Gong Ju | 中国人民解放军空军军医大学 | 生命科学和医学学部 | English journal DOI
ACAD02201,韩占文,Zhanwen Han,CAS,2017,数学物理学部,中国科学院云南天文台,https://casad.cas.cn/ysxx2022/ysmd/sxwl/201711/t20171129_4625042.html,,,,,,待单人精确检索,,,,Zhanwen Han | 中国科学院云南天文台 | 数学物理学部 | English journal DOI
ACAD02202,韩启德,Qide Han,CAS,1997,生命科学和医学学部,北京大学,https://casad.cas.cn/ysxx2022/ysmd/smkx/200906/t20090624_1803310.html,,,,,,待单人精确检索,,,,Qide Han | 北京大学 | 生命科学和医学学部 | English journal DOI
ACAD02204,韩家淮,Jiahuai Han,CAS,2013,生命科学和医学学部,厦门大学,https://casad.cas.cn/ysxx2022/ysmd/smkx/201312/t20131219_4002011.html,,,,,,待单人精确检索,,,,Jiahuai Han | 厦门大学 | 生命科学和医学学部 | English journal DOI
ACAD02205,韩布兴,Buxing Han,CAS,2013,化学部,中国科学院化学研究所,https://casad.cas.cn/ysxx2022/ysmd/hxb/201312/t20131219_4001994.html,,,,,,待单人精确检索,,,,Buxing Han | 中国科学院化学研究所 | 化学部 | English journal DOI
ACAD02209,韩斌,Bin Han,CAS,2013,生命科学和医学学部,中国科学院上海生命科学研究院,https://casad.cas.cn/ysxx2022/ysmd/smkx/201312/t20131219_4002010.html,,,,,,待单人精确检索,,,,Bin Han | 中国科学院上海生命科学研究院 | 生命科学和医学学部 | English journal DOI
ACAD02210,韩杰才,Jiecai Han,CAS,2015,技术科学部,哈尔滨工业大学,https://casad.cas.cn/ysxx2022/ysmd/jskx/201512/t20151224_4502696.html,,,,,,待单人精确检索,,,,Jiecai Han | 哈尔滨工业大学 | 技术科学部 | English journal DOI
ACAD02211,韩济生,Jisheng Han,CAS,1993,生命科学和医学学部,北京大学,https://casad.cas.cn/ysxx2022/ysmd/smkx/200906/t20090624_1803313.html,,,,,,待单人精确检索,,,,Jisheng Han | 北京大学 | 生命科学和医学学部 | English journal DOI
ACAD02212,韩祯祥,Zhenxiang Han,CAS,1999,技术科学部,浙江大学,https://casad.cas.cn/ysxx2022/ygys/200906/t20090624_1808356.html,,,,,,待单人精确检索,,,,Zhenxiang Han | 浙江大学 | 技术科学部 | English journal DOI
ACAD02218,顾东风,Dongfeng Gu,CAS,2017,生命科学和医学学部,北京协和医学院,https://casad.cas.cn/ysxx2022/ysmd/smkx/201711/t20171129_4625065.html,,,,,,待单人精确检索,,,,Dongfeng Gu | 北京协和医学院 | 生命科学和医学学部 | English journal DOI
ACAD02224,顾宁,Ning Gu,CAS,2021,技术科学部,东南大学,https://casad.cas.cn/ysxx2022/ysmd/jskx/202201/t20220111_4821799.html,,,,,,待单人精确检索,,,,Ning Gu | 东南大学 | 技术科学部 | English journal DOI
ACAD02229,顾瑛,Ying Gu,CAS,2015,信息技术科学部,中国人民解放军总医院,https://casad.cas.cn/ysxx2022/ysmd/xxjs/201512/t20151224_4502668.html,,,,,,待单人精确检索,,,,Ying Gu | 中国人民解放军总医院 | 信息技术科学部 | English journal DOI
ACAD02231,顾秉林,Binglin Gu,CAS,1999,技术科学部,清华大学,https://casad.cas.cn/ysxx2022/ysmd/jskx/200906/t20090624_1808367.html,,,,,,待单人精确检索,,,,Binglin Gu | 清华大学 | 技术科学部 | English journal DOI
ACAD02232,顾诵芬,Songfen Gu,CAE; CAS,1991,CAS: 技术科学部 | CAE: 机械与运载工程学部,航空航天部,https://casad.cas.cn/ysxx2022/ygys/200906/t20090624_1808364.html,,,,,,待单人精确检索,,,,Songfen Gu | 航空航天部 | CAS: 技术科学部 | CAE: 机械与运载工程学部 | English journal DOI
ACAD02233,顾逸东,Yidong Gu,CAS,2005,技术科学部,中国科学院光电研究院,https://casad.cas.cn/ysxx2022/ysmd/jskx/200906/t20090624_1808361.html,,,,,,待单人精确检索,,,,Yidong Gu | 中国科学院光电研究院 | 技术科学部 | English journal DOI
ACAD02236,颜德岳,Deyue Yan,CAS,2005,化学部,上海交通大学,https://casad.cas.cn/ysxx2022/ysmd/hxb/200906/t20090624_1802085.html,,,,,,待单人精确检索,,,,Deyue Yan | 上海交通大学 | 化学部 | English journal DOI
ACAD02237,颜鸣皋,Minggao Yan,CAS,1991,技术科学部,航空航天部621研究所,https://casad.cas.cn/ysxx2022/ygys/200906/t20090624_1808183.html,,,,,,待单人精确检索,,,,Minggao Yan | 航空航天部621研究所 | 技术科学部 | English journal DOI
ACAD02239,饶子和,Zihe Rao,CAS,2003,生命科学和医学学部,清华大学,https://casad.cas.cn/ysxx2022/ysmd/smkx/200906/t20090624_1803210.html,,,,,,待单人精确检索,,,,Zihe Rao | 清华大学 | 生命科学和医学学部 | English journal DOI
ACAD02244,马余刚,Yugang Ma,CAS,2017,数学物理学部,中国科学院上海应用物理研究所,https://casad.cas.cn/ysxx2022/ysmd/sxwl/201711/t20171129_4625035.html,,,,,,待单人精确检索,,,,Yugang Ma | 中国科学院上海应用物理研究所 | 数学物理学部 | English journal DOI
ACAD02245,马余强,Yuqiang Ma,CAS,2021,数学物理学部,南京大学,https://casad.cas.cn/ysxx2022/ysmd/sxwl/202201/t20220111_4821731.html,,,,,,待单人精确检索,,,,Yuqiang Ma | 南京大学 | 数学物理学部 | English journal DOI
ACAD02246,马光辉,Guanghui Ma,CAS,2021,化学部,中国科学院过程工程研究所,https://casad.cas.cn/ysxx2022/ysmd/hxb/202201/t20220111_4821746.html,,,,,,待单人精确检索,,,,Guanghui Ma | 中国科学院过程工程研究所 | 化学部 | English journal DOI
ACAD02248,马兰,Lan Ma,CAS,2019,生命科学和医学学部,复旦大学,https://casad.cas.cn/ysxx2022/ysmd/smkx/201911/t20191121_4724678.html,,,,,,待单人精确检索,,,,Lan Ma | 复旦大学 | 生命科学和医学学部 | English journal DOI
ACAD02252,马大为,Dawei Ma,CAS,2019,化学部,中国科学院上海有机化学研究所,https://casad.cas.cn/ysxx2022/ysmd/hxb/201911/t20191121_4724660.html,,,,,,待单人精确检索,,,,Dawei Ma | 中国科学院上海有机化学研究所 | 化学部 | English journal DOI
ACAD02253,马宗晋,Zongjin Ma,CAS,1991,地学部,国家地震局地质研究所,https://casad.cas.cn/ysxx2022/ygys/200906/t20090624_1804353.html,,,,,,待单人精确检索,,,,Zongjin Ma | 国家地震局地质研究所 | 地学部 | English journal DOI
ACAD02255,马志明,Zhiming Ma,CAS,1995,数学物理学部,中国科学院应用数学研究所,https://casad.cas.cn/ysxx2022/ysmd/sxwl/200906/t20090624_1792030.html,,,,,,待单人精确检索,,,,Zhiming Ma | 中国科学院应用数学研究所 | 数学物理学部 | English journal DOI
ACAD02256,马於光,Yuguang Ma,CAS,2021,化学部,华南理工大学,https://casad.cas.cn/ysxx2022/ysmd/hxb/202201/t20220111_4821747.html,,,,,,待单人精确检索,,,,Yuguang Ma | 华南理工大学 | 化学部 | English journal DOI
ACAD02261,马瑾,Jin Ma,CAS,1997,地学部,国家地震局地质研究所,https://casad.cas.cn/ysxx2022/ygys/200906/t20090624_1804360.html,,,,,,待单人精确检索,,,,Jin Ma | 国家地震局地质研究所 | 地学部 | English journal DOI
ACAD02266,骆清铭,Qingming Luo,CAS,2019,生命科学和医学学部,海南大学,https://casad.cas.cn/ysxx2022/ysmd/smkx/201911/t20191121_4724677.html,,,,,,待单人精确检索,,,,Qingming Luo | 海南大学 | 生命科学和医学学部 | English journal DOI
ACAD02271,高俊,Jun Gao,CAS,1999,地学部,中国人民解放军战略支援部队信息工程大学,https://casad.cas.cn/ysxx2022/ysmd/dxb/200906/t20090624_1804446.html,,,,,,待单人精确检索,,,,Jun Gao | 中国人民解放军战略支援部队信息工程大学 | 地学部 | English journal DOI
ACAD02272,高原宁,Yuanning Gao,CAS,2019,数学物理学部,北京大学,https://casad.cas.cn/ysxx2022/ysmd/sxwl/201911/t20191121_4724649.html,,,,,,待单人精确检索,,,,Yuanning Gao | 北京大学 | 数学物理学部 | English journal DOI
ACAD02276,高山,Shan Gao,CAS,2011,地学部,中国地质大学（武汉）,https://casad.cas.cn/ysxx2022/ygys/201112/t20111213_3412381.html,,,,,,待单人精确检索,,,,Shan Gao | 中国地质大学（武汉） | 地学部 | English journal DOI
ACAD02277,高德利,Deli Gao,CAS,2013,技术科学部,中国石油大学（北京）,https://casad.cas.cn/ysxx2022/ysmd/jskx/201312/t20131219_4002043.html,,,,,,待单人精确检索,,,,Deli Gao | 中国石油大学（北京） | 技术科学部 | English journal DOI
ACAD02279,高松,Song Gao,CAS,2007,化学部,北京大学,https://casad.cas.cn/ysxx2022/ysmd/hxb/200906/t20090624_1802303.html,,,,,,待单人精确检索,,,,Song Gao | 北京大学 | 化学部 | English journal DOI
ACAD02283,高福,Fu Gao,CAS,2013,生命科学和医学学部,中国疾病预防控制中心、中国科学院微生物研究所,https://casad.cas.cn/ysxx2022/ysmd/smkx/201312/t20131219_4002012.html,,,,,,待单人精确检索,,,,Fu Gao | 中国疾病预防控制中心、中国科学院微生物研究所 | 生命科学和医学学部 | English journal DOI
ACAD02287,高锐,Rui Gao,CAS,2015,地学部,中国地质科学院地质研究所,https://casad.cas.cn/ysxx2022/ysmd/dxb/201512/t20151224_4502652.html,,,,,,待单人精确检索,,,,Rui Gao | 中国地质科学院地质研究所 | 地学部 | English journal DOI
ACAD02288,高镇同,Zhentong Gao,CAS,1991,技术科学部,北京航空航天大学,https://casad.cas.cn/ysxx2022/ygys/200906/t20090624_1808373.html,,,,,,待单人精确检索,,,,Zhentong Gao | 北京航空航天大学 | 技术科学部 | English journal DOI
ACAD02291,高鸿钧,Hongjun Gao,CAS,2011,数学物理学部,中国科学院物理研究所,https://casad.cas.cn/ysxx2022/ysmd/sxwl/201112/t20111213_3412297.html,,,,,,待单人精确检索,,,,Hongjun Gao | 中国科学院物理研究所 | 数学物理学部 | English journal DOI
ACAD02293,魏于全,Yuquan Wei,CAS,2003,生命科学和医学学部,四川大学,https://casad.cas.cn/ysxx2022/ysmd/smkx/200906/t20090624_1803124.html,,,,,,待单人精确检索,,,,Yuquan Wei | 四川大学 | 生命科学和医学学部 | English journal DOI
ACAD02296,魏奉思,Fengsi Wei,CAS,2005,地学部,中国科学院空间科学与应用研究中心,https://casad.cas.cn/ysxx2022/ysmd/dxb/200906/t20090624_1804259.html,,,,,,待单人精确检索,,,,Fengsi Wei | 中国科学院空间科学与应用研究中心 | 地学部 | English journal DOI
ACAD02298,魏宝文,Baowen Wei,CAS,1995,数学物理学部,中国科学院近代物理研究所,https://casad.cas.cn/ysxx2022/ygys/200906/t20090624_1791998.html,,,,,,待单人精确检索,,,,Baowen Wei | 中国科学院近代物理研究所 | 数学物理学部 | English journal DOI
ACAD02299,魏悦广,Yueguang Wei,CAS,2017,技术科学部,北京大学,https://casad.cas.cn/ysxx2022/ysmd/jskx/201711/t20171129_4625104.html,,,,,,待单人精确检索,,,,Yueguang Wei | 北京大学 | 技术科学部 | English journal DOI
ACAD02303,魏江春,Jiangchun Wei,CAS,1997,生命科学和医学学部,中国科学院微生物研究所,https://casad.cas.cn/ysxx2022/ysmd/smkx/200906/t20090624_1803129.html,,,,,,待单人精确检索,,,,Jiangchun Wei | 中国科学院微生物研究所 | 生命科学和医学学部 | English journal DOI
ACAD02304,魏炳波,Bingbo Wei,CAS,2011,技术科学部,西北工业大学,https://casad.cas.cn/ysxx2022/ysmd/jskx/201112/t20111213_3412401.html,,,,,,待单人精确检索,,,,Bingbo Wei | 西北工业大学 | 技术科学部 | English journal DOI
ACAD02305,魏辅文,Fuwen Wei,CAS,2017,生命科学和医学学部,中国科学院动物研究所,https://casad.cas.cn/ysxx2022/ysmd/smkx/201711/t20171129_4625071.html,,,,,,待单人精确检索,,,,Fuwen Wei | 中国科学院动物研究所 | 生命科学和医学学部 | English journal DOI
ACAD02308,麦松威,Songwei Mai,CAS,2001,化学部,香港中文大学,https://casad.cas.cn/ysxx2022/ysmd/hxb/200906/t20090624_1802191.html,,,,,,待单人精确检索,,,,Songwei Mai | 香港中文大学 | 化学部 | English journal DOI
ACAD02309,麻生明,Shengming Ma,CAS,2005,化学部,中国科学院上海有机化学研究所,https://casad.cas.cn/ysxx2022/ysmd/hxb/200906/t20090624_1802194.html,,,,,,待单人精确检索,,,,Shengming Ma | 中国科学院上海有机化学研究所 | 化学部 | English journal DOI
ACAD02311,黄乃正,Naizheng Huang,CAS,1999,化学部,香港中文大学,https://casad.cas.cn/ysxx2022/ysmd/hxb/200906/t20090624_1802267.html,,,,,,待单人精确检索,,,,Naizheng Huang | 香港中文大学 | 化学部 | English journal DOI
ACAD02314,黄克智,Kezhi Huang,CAS,1991,技术科学部,清华大学,https://casad.cas.cn/ysxx2022/ygys/200906/t20090624_1808343.html,,,,,,待单人精确检索,,,,Kezhi Huang | 清华大学 | 技术科学部 | English journal DOI
ACAD02320,黄如,Ru Huang,CAS,2015,信息技术科学部,北京大学,https://casad.cas.cn/ysxx2022/ysmd/xxjs/201512/t20151224_4502669.html,,,,,,待单人精确检索,,,,Ru Huang | 北京大学 | 信息技术科学部 | English journal DOI
ACAD02327,黄建平,Jianping Huang,CAS,2021,地学部,兰州大学,https://casad.cas.cn/ysxx2022/ysmd/dxb/202201/t20220111_4821773.html,,,,,,待单人精确检索,,,,Jianping Huang | 兰州大学 | 地学部 | English journal DOI
ACAD02329,黄志镗,Zhitang Huang,CAS,1991,化学部,中国科学院化学研究所,https://casad.cas.cn/ysxx2022/ygys/200906/t20090624_1802258.html,,,,,,待单人精确检索,,,,Zhitang Huang | 中国科学院化学研究所 | 化学部 | English journal DOI
ACAD02332,黄春辉,Chunhui Huang,CAS,2001,化学部,北京大学,https://casad.cas.cn/ysxx2022/ysmd/hxb/200906/t20090624_1802273.html,,,,,,待单人精确检索,,,,Chunhui Huang | 北京大学 | 化学部 | English journal DOI
ACAD02334,黄本立,Benli Huang,CAS,1993,化学部,厦门大学,https://casad.cas.cn/ysxx2022/ygys/200906/t20090624_1802276.html,,,,,,待单人精确检索,,,,Benli Huang | 厦门大学 | 化学部 | English journal DOI
ACAD02336,黄民强,Minqiang Huang,CAS,2005,信息技术科学部,总参谋部第五十八研究所,https://casad.cas.cn/ysxx2022/ysmd/xxjs/200906/t20090624_1807799.html,,,,,,待单人精确检索,,,,Minqiang Huang | 总参谋部第五十八研究所 | 信息技术科学部 | English journal DOI
ACAD02337,黄润乾,Runqian Huang,CAS,1999,数学物理学部,中国科学院云南天文台,https://casad.cas.cn/ysxx2022/ygys/200906/t20090624_1792053.html,,,,,,待单人精确检索,,,,Runqian Huang | 中国科学院云南天文台 | 数学物理学部 | English journal DOI
ACAD02339,黄琳,Lin Huang,CAS,2003,信息技术科学部,北京大学,https://casad.cas.cn/ysxx2022/ysmd/xxjs/200906/t20090624_1807801.html,,,,,,待单人精确检索,,,,Lin Huang | 北京大学 | 信息技术科学部 | English journal DOI
ACAD02343,黄维,Wei Huang,CAS,2011,信息技术科学部,南京邮电大学,https://casad.cas.cn/ysxx2022/ysmd/xxjs/201112/t20111213_3412390.html,,,,,,待单人精确检索,,,,Wei Huang | 南京邮电大学 | 信息技术科学部 | English journal DOI
ACAD02348,黄荣辉,Ronghui Huang,CAS,1991,地学部,中国科学院大气物理研究所,https://casad.cas.cn/ysxx2022/ysmd/dxb/200906/t20090624_1804428.html,,,,,,待单人精确检索,,,,Ronghui Huang | 中国科学院大气物理研究所 | 地学部 | English journal DOI
ACAD02349,黄荷凤,Hefeng Huang,CAS,2017,生命科学和医学学部,上海交通大学,https://casad.cas.cn/ysxx2022/ysmd/smkx/201711/t20171129_4625066.html,,,,,,待单人精确检索,,,,Hefeng Huang | 上海交通大学 | 生命科学和医学学部 | English journal DOI
ACAD02351,黄路生,Lusheng Huang,CAS,2011,生命科学和医学学部,江西农业大学,https://casad.cas.cn/ysxx2022/ysmd/smkx/201112/t20111213_3412371.html,,,,,,待单人精确检索,,,,Lusheng Huang | 江西农业大学 | 生命科学和医学学部 | English journal DOI
ACAD02354,黎乐民,Lemin Li,CAS,1991,化学部,北京大学,https://casad.cas.cn/ysxx2022/ysmd/hxb/200906/t20090624_1802237.html,,,,,,待单人精确检索,,,,Lemin Li | 北京大学 | 化学部 | English journal DOI
ACAD02356,黎湘,Xiang Li,CAS,2021,信息技术科学部,中国人民解放军国防科学技术大学,https://casad.cas.cn/ysxx2022/ysmd/xxjs/202201/t20220111_4821786.html,,,,,,待单人精确检索,,,,Xiang Li | 中国人民解放军国防科学技术大学 | 信息技术科学部 | English journal DOI
ACAD02359,齐康,Kang Qi,CAS,1993,技术科学部,东南大学,https://casad.cas.cn/ysxx2022/ysmd/jskx/200906/t20090624_1808282.html,,,,,,待单人精确检索,,,,Kang Qi | 东南大学 | 技术科学部 | English journal DOI
ACAD02361,龙以明,Yiming Long,CAS,2007,数学物理学部,南开大学,https://casad.cas.cn/ysxx2022/ysmd/sxwl/200906/t20090624_1792035.html,,,,,,待单人精确检索,,,,Yiming Long | 南开大学 | 数学物理学部 | English journal DOI
ACAD02364,龚健雅,Jianya Gong,CAS,2011,地学部,武汉大学,https://casad.cas.cn/ysxx2022/ysmd/dxb/201112/t20111213_3412382.html,,,,,,待单人精确检索,,,,Jianya Gong | 武汉大学 | 地学部 | English journal DOI
ACAD02365,龚岳亭,Yueting Gong,CAS,1993,生命科学和医学学部,中国科学院上海生物化学研究所,https://casad.cas.cn/ysxx2022/ygys/200906/t20090624_1803319.html,,,,,,待单人精确检索,,,,Yueting Gong | 中国科学院上海生物化学研究所 | 生命科学和医学学部 | English journal DOI
ACAD02367,龚新高,Xingao Gong,CAS,2017,数学物理学部,复旦大学,https://casad.cas.cn/ysxx2022/ysmd/sxwl/201711/t20171129_4625041.html,,,,,,待单人精确检索,,,,Xingao Gong | 复旦大学 | 数学物理学部 | English journal DOI
ACAD02368,龚旗煌,Qihuang Gong,CAS,2013,信息技术科学部,北京大学,https://casad.cas.cn/ysxx2022/ysmd/xxjs/201312/t20131219_4002031.html,,,,,,待单人精确检索,,,,Qihuang Gong | 北京大学 | 信息技术科学部 | English journal DOI
ACAD02369,龚昌德,Changde Gong,CAS,2005,数学物理学部,南京大学,https://casad.cas.cn/ysxx2022/ysmd/sxwl/200906/t20090624_1792065.html,,,,,,待单人精确检索,,,,Changde Gong | 南京大学 | 数学物理学部 | English journal DOI
ACAD00001,丁一汇,Yihui Ding,CAE,2005,环境与轻纺工程学部,国家气候中心,https://www.cae.cn/cae/html/main/colys/78248832.html,,,,,,待单人精确检索,,,,Yihui Ding | 国家气候中心 | 环境与轻纺工程学部 | English journal DOI
ACAD00004,丁传贤,Chuanxian Ding,CAE,1995,化工、冶金与材料工程学部,中国科学院上海硅酸盐研究所,https://www.cae.cn/cae/html/main/colys/28675258.html,,,,,,待单人精确检索,,,,Chuanxian Ding | 中国科学院上海硅酸盐研究所 | 化工、冶金与材料工程学部 | English journal DOI
ACAD00006,丁健,Jian Ding,CAE,2009,医药卫生学部,中国科学院上海药物研究所,https://www.cae.cn/cae/html/main/colys/31419073.html,,,,,,待单人精确检索,,,,Jian Ding | 中国科学院上海药物研究所 | 医药卫生学部 | English journal DOI
ACAD00010,丁德文,Dewen Ding,CAE,1994,环境与轻纺工程学部,国家海洋环境监测中心,https://www.cae.cn/cae/html/main/colys/34295013.html,,,,,,待单人精确检索,,,,Dewen Ding | 国家海洋环境监测中心 | 环境与轻纺工程学部 | English journal DOI
ACAD00011,丁文华,Wenhua Ding,CAE,2013,信息与电子工程学部,中央电视台,https://www.cae.cn/cae/html/main/colys/42653126.html,,,,,,待单人精确检索,,,,Wenhua Ding | 中央电视台 | 信息与电子工程学部 | English journal DOI
ACAD00012,丁文江,Wenjiang Ding,CAE,2013,化工、冶金与材料工程学部,上海交通大学,https://www.cae.cn/cae/html/main/colys/42553359.html,,,,,,待单人精确检索,,,,Wenjiang Ding | 上海交通大学 | 化工、冶金与材料工程学部 | English journal DOI
ACAD00016,丁烈云,Lieyun Ding,CAE,2015,工程管理学部,华中科技大学,https://www.cae.cn/cae/html/main/colys/66497422.html,,,,,,待单人精确检索,,,,Lieyun Ding | 华中科技大学 | 工程管理学部 | English journal DOI
ACAD00017,丁荣军,Rongjun Ding,CAE,2011,机械与运载工程学部,南车株洲电力机车研究所有限公司,https://www.cae.cn/cae/html/main/colys/25235806.html,,,,,,待单人精确检索,,,,Rongjun Ding | 南车株洲电力机车研究所有限公司 | 机械与运载工程学部 | English journal DOI
ACAD00018,丁衡高,Henggao Ding,CAE,1994,机械与运载工程学部,国防科工委,https://www.cae.cn/cae/html/main/colys/59859650.html,,,,,,待单人精确检索,,,,Henggao Ding | 国防科工委 | 机械与运载工程学部 | English journal DOI
ACAD00020,万元熙,Yuanxi Wan,CAE,2009,能源与矿业工程学部,中国科学院等离子体物理研究所,https://www.cae.cn/cae/html/main/colys/25428998.html,,,,,,待单人精确检索,,,,Yuanxi Wan | 中国科学院等离子体物理研究所 | 能源与矿业工程学部 | English journal DOI
ACAD00024,万建民,Jianmin Wan,CAE,2015,农业学部,中国农业科学院,https://www.cae.cn/cae/html/main/colys/89508486.html,,,,,,待单人精确检索,,,,Jianmin Wan | 中国农业科学院 | 农业学部 | English journal DOI
ACAD00028,丛斌,Bin Cong,CAE,2011,医药卫生学部,河北医科大学,https://www.cae.cn/cae/html/main/colys/21808833.html,,,,,,待单人精确检索,,,,Bin Cong | 河北医科大学 | 医药卫生学部 | English journal DOI
ACAD00029,严东生,Dongsheng Yan,CAE,1994,化工、冶金与材料工程学部,中国科学院,https://www.cae.cn/cae/html/main/colys/03753393.html,,,,,,待单人精确检索,,,,Dongsheng Yan | 中国科学院 | 化工、冶金与材料工程学部 | English journal DOI
ACAD00033,严新平,Xinping Yan,CAE,2019,机械与运载工程学部,武汉理工大学,https://www.cae.cn/cae/html/main/colys/29730928.html,,,,,,待单人精确检索,,,,Xinping Yan | 武汉理工大学 | 机械与运载工程学部 | English journal DOI
ACAD00036,乐嘉陵,Jialing Le,CAE,1995,机械与运载工程学部,四川绵阳中国空气动力研究与发展中心,https://www.cae.cn/cae/html/main/colys/40797747.html,,,,,,待单人精确检索,,,,Jialing Le | 四川绵阳中国空气动力研究与发展中心 | 机械与运载工程学部 | English journal DOI
ACAD00037,乔杰,Jie Qiao,CAE,2017,医药卫生学部,北京大学第三医院,https://www.cae.cn/cae/html/main/colys/75005811.html,,,,,,待单人精确检索,,,,Jie Qiao | 北京大学第三医院 | 医药卫生学部 | English journal DOI
ACAD00038,乔登江,Dengjiang Qiao,CAE,1997,能源与矿业工程学部,西北核技术研究所,https://www.cae.cn/cae/html/main/colys/68971931.html,,,,,,待单人精确检索,,,,Dengjiang Qiao | 西北核技术研究所 | 能源与矿业工程学部 | English journal DOI
ACAD00040,于俊崇,Junchong Yu,CAE,2009,能源与矿业工程学部,中国核动力研究设计院,https://www.cae.cn/cae/html/main/colys/50494379.html,,,,,,待单人精确检索,,,,Junchong Yu | 中国核动力研究设计院 | 能源与矿业工程学部 | English journal DOI
ACAD00041,于全,Quan Yu,CAE,2009,信息与电子工程学部,总参谋部第六十一研究所,https://www.cae.cn/cae/html/main/colys/50359665.html,,,,,,待单人精确检索,,,,Quan Yu | 总参谋部第六十一研究所 | 信息与电子工程学部 | English journal DOI
ACAD00044,于德泉,Dequan Yu,CAE,1999,医药卫生工程学部,中国医学科学院药物研究所,https://www.cae.cn/cae/html/main/colys/68100769.html,,,,,,待单人精确检索,,,,Dequan Yu | 中国医学科学院药物研究所 | 医药卫生工程学部 | English journal DOI
ACAD00045,于振文,Zhenwen Yu,CAE,2007,农业学部,山东农业大学,https://www.cae.cn/cae/html/main/colys/40252209.html,,,,,,待单人精确检索,,,,Zhenwen Yu | 山东农业大学 | 农业学部 | English journal DOI
ACAD00047,于本水,Benshui Yu,CAE,2001,机械与运载工程学部,北京电子工程总体研究所,https://www.cae.cn/cae/html/main/colys/71209416.html,,,,,,待单人精确检索,,,,Benshui Yu | 北京电子工程总体研究所 | 机械与运载工程学部 | English journal DOI
ACAD00049,于润沧,Runcang Yu,CAE,1999,能源与矿业工程学部,北京有色冶金设计研究总院,https://www.cae.cn/cae/html/main/colys/59336357.html,,,,,,待单人精确检索,,,,Runcang Yu | 北京有色冶金设计研究总院 | 能源与矿业工程学部 | English journal DOI
ACAD00055,于金明,Jinming Yu,CAE,2011,医药卫生学部,山东省肿瘤防治研究院,https://www.cae.cn/cae/html/main/colys/62423017.html,,,,,,待单人精确检索,,,,Jinming Yu | 山东省肿瘤防治研究院 | 医药卫生学部 | English journal DOI
ACAD00056,付小兵,Xiaobing Fu,CAE,2009,医药卫生学部,解放军总医院第一附属医院,https://www.cae.cn/cae/html/main/colys/46413109.html,,,,,,待单人精确检索,,,,Xiaobing Fu | 解放军总医院第一附属医院 | 医药卫生学部 | English journal DOI
ACAD00057,付梦印,Mengyin Fu,CAE,2021,机械与运载工程学部,南京理工大学,https://www.cae.cn/cae/html/main/colys/86686020.html,,,,,,待单人精确检索,,,,Mengyin Fu | 南京理工大学 | 机械与运载工程学部 | English journal DOI
ACAD00058,付贤智,Xianzhi Fu,CAE,2009,化工、冶金与材料工程学部,福州大学,https://www.cae.cn/cae/html/main/colys/18985518.html,,,,,,待单人精确检索,,,,Xianzhi Fu | 福州大学 | 化工、冶金与材料工程学部 | English journal DOI
ACAD00060,任其龙,Qilong Ren,CAE,2019,化工、冶金与材料工程学部,浙江大学,https://www.cae.cn/cae/html/main/colys/13926657.html,,,,,,待单人精确检索,,,,Qilong Ren | 浙江大学 | 化工、冶金与材料工程学部 | English journal DOI
ACAD00061,任南琪,Nanqi Ren,CAE,2009,土木、水利与建筑工程学部,哈尔滨工业大学,https://www.cae.cn/cae/html/main/colys/03973271.html,,,,,,待单人精确检索,,,,Nanqi Ren | 哈尔滨工业大学 | 土木、水利与建筑工程学部 | English journal DOI
ACAD00062,任发政,Fazheng Ren,CAE,2019,环境与轻纺工程学部,中国农业大学,https://www.cae.cn/cae/html/main/colys/53964933.html,,,,,,待单人精确检索,,,,Fazheng Ren | 中国农业大学 | 环境与轻纺工程学部 | English journal DOI
ACAD00063,任洪强,Hongqiang Ren,CAE,2019,环境与轻纺工程学部,南京大学,https://www.cae.cn/cae/html/main/colys/40006469.html,,,,,,待单人精确检索,,,,Hongqiang Ren | 南京大学 | 环境与轻纺工程学部 | English journal DOI
ACAD00065,任继周,Jizhou Ren,CAE,1995,农业学部,甘肃省草原生态研究所,https://www.cae.cn/cae/html/main/colys/00912145.html,,,,,,待单人精确检索,,,,Jizhou Ren | 甘肃省草原生态研究所 | 农业学部 | English journal DOI
ACAD00067,任辉启,Huiqi Ren,CAE,2015,土木、水利与建筑工程学部,解放军总参谋部,https://www.cae.cn/cae/html/main/colys/55654924.html,,,,,,待单人精确检索,,,,Huiqi Ren | 解放军总参谋部 | 土木、水利与建筑工程学部 | English journal DOI
ACAD00068,任阵海,Zhenhai Ren,CAE,1995,环境与轻纺工程学部,中国环境科学研究院,https://www.cae.cn/cae/html/main/colys/87477015.html,,,,,,待单人精确检索,,,,Zhenhai Ren | 中国环境科学研究院 | 环境与轻纺工程学部 | English journal DOI
ACAD00072,伦世仪,Shiyi Lun,CAE,1995,环境与轻纺工程学部,江南大学,https://www.cae.cn/cae/html/main/colys/18509837.html,,,,,,待单人精确检索,,,,Shiyi Lun | 江南大学 | 环境与轻纺工程学部 | English journal DOI
ACAD00074,何华武,Huawu He,CAE,2009,土木、水利与建筑工程学部,中华人民共和国铁道部,https://www.cae.cn/cae/html/main/colys/34444216.html,,,,,,待单人精确检索,,,,Huawu He | 中华人民共和国铁道部 | 土木、水利与建筑工程学部 | English journal DOI
ACAD00075,何友,You He,CAE,2013,信息与电子工程学部,海军航空工程学院,https://www.cae.cn/cae/html/main/colys/42602659.html,,,,,,待单人精确检索,,,,You He | 海军航空工程学院 | 信息与电子工程学部 | English journal DOI
ACAD00076,何友声,Yousheng He,CAE,1995,机械与运载工程学部,上海交通大学,https://www.cae.cn/cae/html/main/colys/12606563.html,,,,,,待单人精确检索,,,,Yousheng He | 上海交通大学 | 机械与运载工程学部 | English journal DOI
ACAD00079,何多慧,Duohui He,CAE,1995,能源与矿业工程学部,中国科学技术大学,https://www.cae.cn/cae/html/main/colys/84239676.html,,,,,,待单人精确检索,,,,Duohui He | 中国科学技术大学 | 能源与矿业工程学部 | English journal DOI
ACAD00080,何季麟,Jilin He,CAE,2001,化工、冶金与材料工程学部,宁夏有色金属冶炼厂（院）,https://www.cae.cn/cae/html/main/colys/43535471.html,,,,,,待单人精确检索,,,,Jilin He | 宁夏有色金属冶炼厂（院） | 化工、冶金与材料工程学部 | English journal DOI
ACAD00083,何德全,Dequan He,CAE,1994,信息与电子工程学部,电子部科技委,https://www.cae.cn/cae/html/main/colys/87543016.html,,,,,,待单人精确检索,,,,Dequan He | 电子部科技委 | 信息与电子工程学部 | English journal DOI
ACAD00084,何新贵,Xingui He,CAE,2001,信息与电子工程学部,北京系统工程研究所,https://www.cae.cn/cae/html/main/colys/90703829.html,,,,,,待单人精确检索,,,,Xingui He | 北京系统工程研究所 | 信息与电子工程学部 | English journal DOI
ACAD00086,何琳,Lin He,CAE,2017,机械与运载工程学部,海军工程大学,https://www.cae.cn/cae/html/main/colys/84374699.html,,,,,,待单人精确检索,,,,Lin He | 海军工程大学 | 机械与运载工程学部 | English journal DOI
ACAD00089,何继善,Jishan He,CAE,1994,能源与矿业工程学部，工程管理学部,中南大学,https://www.cae.cn/cae/html/main/colys/81969008.html,,,,,,待单人精确检索,,,,Jishan He | 中南大学 | 能源与矿业工程学部，工程管理学部 | English journal DOI
ACAD00090,何镜堂,Jingtang He,CAE,1999,土木、水利与建筑工程学部,华南理工大学,https://www.cae.cn/cae/html/main/colys/93202175.html,,,,,,待单人精确检索,,,,Jingtang He | 华南理工大学 | 土木、水利与建筑工程学部 | English journal DOI
ACAD00096,余少华,Shaohua Yu,CAE,2015,信息与电子工程学部,武汉邮电科学研究院,https://www.cae.cn/cae/html/main/colys/33760304.html,,,,,,待单人精确检索,,,,Shaohua Yu | 武汉邮电科学研究院 | 信息与电子工程学部 | English journal DOI
ACAD00097,余松烈,Songlie Yu,CAE,1997,农业学部,山东农业大学,https://www.cae.cn/cae/html/main/colys/34210465.html,,,,,,待单人精确检索,,,,Songlie Yu | 山东农业大学 | 农业学部 | English journal DOI
ACAD00099,余永富,Yongfu Yu,CAE,1995,化工、冶金与材料工程学部,冶金工业部长沙矿冶研究院,https://www.cae.cn/cae/html/main/colys/15633920.html,,,,,,待单人精确检索,,,,Yongfu Yu | 冶金工业部长沙矿冶研究院 | 化工、冶金与材料工程学部 | English journal DOI
ACAD00100,余贻鑫,Yixin Yu,CAE,2005,能源与矿业工程学部,天津大学,https://www.cae.cn/cae/html/main/colys/25434544.html,,,,,,待单人精确检索,,,,Yixin Yu | 天津大学 | 能源与矿业工程学部 | English journal DOI
ACAD00102,侯云德,Yunde Hou,CAE,1995,医药卫生学部,中国预防医学科学院病毒研究所,https://www.cae.cn/cae/html/main/colys/93593570.html,,,,,,待单人精确检索,,,,Yunde Hou | 中国预防医学科学院病毒研究所 | 医药卫生学部 | English journal DOI
ACAD00103,侯保荣,Baorong Hou,CAE,2003,环境与轻纺工程学部,中国科学院海洋研究所,https://www.cae.cn/cae/html/main/colys/00547019.html,,,,,,待单人精确检索,,,,Baorong Hou | 中国科学院海洋研究所 | 环境与轻纺工程学部 | English journal DOI
ACAD00108,侯惠民,Huimin Hou,CAE,1996,医药卫生学部,上海医药工业研究院,https://www.cae.cn/cae/html/main/colys/96867391.html,,,,,,待单人精确检索,,,,Huimin Hou | 上海医药工业研究院 | 医药卫生学部 | English journal DOI
ACAD00109,侯晓,Xiao Hou,CAE,2015,机械与运载工程学部,中国航天科技集团公司,https://www.cae.cn/cae/html/main/colys/45460775.html,,,,,,待单人精确检索,,,,Xiao Hou | 中国航天科技集团公司 | 机械与运载工程学部 | English journal DOI
ACAD00111,侯水生,Shuisheng Hou,CAE,2021,农业学部,中国农业科学院北京畜牧兽医研究所,https://www.cae.cn/cae/html/main/colys/94855280.html,,,,,,待单人精确检索,,,,Shuisheng Hou | 中国农业科学院北京畜牧兽医研究所 | 农业学部 | English journal DOI
ACAD00114,侯立安,Lian Hou,CAE,2009,环境与轻纺工程学部,第二炮兵工程设计研究所,https://www.cae.cn/cae/html/main/colys/57476901.html,,,,,,待单人精确检索,,,,Lian Hou | 第二炮兵工程设计研究所 | 环境与轻纺工程学部 | English journal DOI
ACAD00115,侯芙生,Fusheng Hou,CAE,1995,化工、冶金与材料工程学部,中国石油化工总公司科学技术委员会,https://www.cae.cn/cae/html/main/colys/15866831.html,,,,,,待单人精确检索,,,,Fusheng Hou | 中国石油化工总公司科学技术委员会 | 化工、冶金与材料工程学部 | English journal DOI
ACAD00117,侯锋,Feng Hou,CAE,1999,农业学部,天津市农业科学院,https://www.cae.cn/cae/html/main/colys/71124469.html,,,,,,待单人精确检索,,,,Feng Hou | 天津市农业科学院 | 农业学部 | English journal DOI
ACAD00120,俞大光,Daguang Yu,CAE,1995,信息与电子工程学部,中国工程物理研究院,https://www.cae.cn/cae/html/main/colys/15651228.html,,,,,,待单人精确检索,,,,Daguang Yu | 中国工程物理研究院 | 信息与电子工程学部 | English journal DOI
ACAD00122,俞建勇,Jianyong Yu,CAE,2013,环境与轻纺工程学部,东华大学,https://www.cae.cn/cae/html/main/colys/42035118.html,,,,,,待单人精确检索,,,,Jianyong Yu | 东华大学 | 环境与轻纺工程学部 | English journal DOI
ACAD00124,俞梦孙,Mengsun Yu,CAE,1999,医药卫生工程学部,空军航空医学研究所,https://www.cae.cn/cae/html/main/colys/37507274.html,,,,,,待单人精确检索,,,,Mengsun Yu | 空军航空医学研究所 | 医药卫生工程学部 | English journal DOI
ACAD00125,俞永新,Yongxin Yu,CAE,2001,医药卫生学部,中国药品生物制品检定所,https://www.cae.cn/cae/html/main/colys/65561389.html,,,,,,待单人精确检索,,,,Yongxin Yu | 中国药品生物制品检定所 | 医药卫生学部 | English journal DOI
ACAD00130,倪光南,Guangnan Ni,CAE,1994,信息与电子工程学部,中国科学院联想集团公司,https://www.cae.cn/cae/html/main/colys/09519603.html,,,,,,待单人精确检索,,,,Guangnan Ni | 中国科学院联想集团公司 | 信息与电子工程学部 | English journal DOI
ACAD00133,倪维斗,Weidou Ni,CAE,1999,能源与矿业工程学部,清华大学,https://www.cae.cn/cae/html/main/colys/37437445.html,,,,,,待单人精确检索,,,,Weidou Ni | 清华大学 | 能源与矿业工程学部 | English journal DOI
ACAD00135,傅依备,Yibei Fu,CAE,2001,能源与矿业工程学部,中国工程物理研究院,https://www.cae.cn/cae/html/main/colys/90327041.html,,,,,,待单人精确检索,,,,Yibei Fu | 中国工程物理研究院 | 能源与矿业工程学部 | English journal DOI
ACAD00137,傅廷栋,Tingdong Fu,CAE,1995,农业学部,华中农业大学,https://www.cae.cn/cae/html/main/colys/00952725.html,,,,,,待单人精确检索,,,,Tingdong Fu | 华中农业大学 | 农业学部 | English journal DOI
ACAD00138,傅志寰,Zhihuan Fu,CAE,2001,工程管理学部,铁道部,https://www.cae.cn/cae/html/main/colys/71558405.html,,,,,,待单人精确检索,,,,Zhihuan Fu | 铁道部 | 工程管理学部 | English journal DOI
ACAD00139,傅恒志,Hengzhi Fu,CAE,1995,化工、冶金与材料工程学部,西北工业大学,https://www.cae.cn/cae/html/main/colys/00688788.html,,,,,,待单人精确检索,,,,Hengzhi Fu | 西北工业大学 | 化工、冶金与材料工程学部 | English journal DOI
ACAD00140,傅正义,Zhengyi Fu,CAE,2021,化工、冶金与材料工程学部,武汉理工大学,https://www.cae.cn/cae/html/main/colys/78016920.html,,,,,,待单人精确检索,,,,Zhengyi Fu | 武汉理工大学 | 化工、冶金与材料工程学部 | English journal DOI
ACAD00141,傅熹年,Xinian Fu,CAE,1994,土木、水利与建筑工程学部,中国建筑技术发展中心,https://www.cae.cn/cae/html/main/colys/50223835.html,,,,,,待单人精确检索,,,,Xinian Fu | 中国建筑技术发展中心 | 土木、水利与建筑工程学部 | English journal DOI
ACAD00144,关兴亚,Xingya Guan,CAE,1995,化工、冶金与材料工程学部,中国石油化工总公司上海石油化工研究院,https://www.cae.cn/cae/html/main/colys/62850561.html,,,,,,待单人精确检索,,,,Xingya Guan | 中国石油化工总公司上海石油化工研究院 | 化工、冶金与材料工程学部 | English journal DOI
ACAD00146,关杰,Jie Guan,CAE,1997,机械与运载工程学部,西安重型机械研究所,https://www.cae.cn/cae/html/main/colys/00779438.html,,,,,,待单人精确检索,,,,Jie Guan | 西安重型机械研究所 | 机械与运载工程学部 | English journal DOI
ACAD00147,关桥,Qiao Guan,CAE,1994,机械与运载工程学部,中国航空工业总公司第625研究所,https://www.cae.cn/cae/html/main/colys/40646908.html,,,,,,待单人精确检索,,,,Qiao Guan | 中国航空工业总公司第625研究所 | 机械与运载工程学部 | English journal DOI
ACAD00148,关肇邺,Zhaoye Guan,CAE,1995,土木、水利与建筑工程学部,清华大学,https://www.cae.cn/cae/html/main/colys/59750078.html,,,,,,待单人精确检索,,,,Zhaoye Guan | 清华大学 | 土木、水利与建筑工程学部 | English journal DOI
ACAD00149,冯叔瑜,Shuyu Feng,CAE,1995,土木、水利与建筑工程学部,铁道部科学研究院,https://www.cae.cn/cae/html/main/colys/00737977.html,,,,,,待单人精确检索,,,,Shuyu Feng | 铁道部科学研究院 | 土木、水利与建筑工程学部 | English journal DOI
ACAD00150,冯培德,Peide Feng,CAE,2001,机械与运载工程学部,中国航空工业西安飞行自动控制研究所,https://www.cae.cn/cae/html/main/colys/15623030.html,,,,,,待单人精确检索,,,,Peide Feng | 中国航空工业西安飞行自动控制研究所 | 机械与运载工程学部 | English journal DOI
ACAD00152,冯夏庭,Xiating Feng,CAE,2019,土木、水利与建筑工程学部,东北大学,https://www.cae.cn/cae/html/main/colys/27979733.html,,,,,,待单人精确检索,,,,Xiating Feng | 东北大学 | 土木、水利与建筑工程学部 | English journal DOI
ACAD00154,冯宗炜,Zongwei Feng,CAE,1999,农业学部,中国科学院生态环境研究中心,https://www.cae.cn/cae/html/main/colys/78650759.html,,,,,,待单人精确检索,,,,Zongwei Feng | 中国科学院生态环境研究中心 | 农业学部 | English journal DOI
ACAD00157,冯煜芳,Yufang Feng,CAE,2017,机械与运载工程学部,火箭军研究院,https://www.cae.cn/cae/html/main/colys/48072917.html,,,,,,待单人精确检索,,,,Yufang Feng | 火箭军研究院 | 机械与运载工程学部 | English journal DOI
ACAD00160,冯起,Qi Feng,CAE,2021,环境与轻纺工程学部,中国科学院西北生态环境资源研究院,https://www.cae.cn/cae/html/main/colys/74608942.html,,,,,,待单人精确检索,,,,Qi Feng | 中国科学院西北生态环境资源研究院 | 环境与轻纺工程学部 | English journal DOI
ACAD00163,凌文,Wen Ling,CAE,2015,工程管理学部,神华集团有限责任公司,https://www.cae.cn/cae/html/main/colys/68735811.html,,,,,,待单人精确检索,,,,Wen Ling | 神华集团有限责任公司 | 工程管理学部 | English journal DOI
ACAD00164,凌永顺,Yongshun Ling,CAE,1997,信息与电子工程学部,中国人民解放军国防科学技术大学,https://www.cae.cn/cae/html/main/colys/81814731.html,,,,,,待单人精确检索,,,,Yongshun Ling | 中国人民解放军国防科学技术大学 | 信息与电子工程学部 | English journal DOI
ACAD00166,刘业翔,Yexiang Liu,CAE,1997,化工、冶金与材料工程学部,中南大学,https://www.cae.cn/cae/html/main/colys/68534032.html,,,,,,待单人精确检索,,,,Yexiang Liu | 中南大学 | 化工、冶金与材料工程学部 | English journal DOI
ACAD00168,刘中民,Zhongmin Liu,CAE,2015,化工、冶金与材料工程学部,中国科学院大连化学物理研究所,https://www.cae.cn/cae/html/main/colys/61058439.html,,,,,,待单人精确检索,,,,Zhongmin Liu | 中国科学院大连化学物理研究所 | 化工、冶金与材料工程学部 | English journal DOI
ACAD00171,刘人怀,Renhuai Liu,CAE,1999,机械与运载工程学部，工程管理学部,暨南大学,https://www.cae.cn/cae/html/main/colys/12112202.html,,,,,,待单人精确检索,,,,Renhuai Liu | 暨南大学 | 机械与运载工程学部，工程管理学部 | English journal DOI
ACAD00174,刘仲华,Zhonghua Liu,CAE,2019,农业学部,湖南农业大学,https://www.cae.cn/cae/html/main/colys/39085775.html,,,,,,待单人精确检索,,,,Zhonghua Liu | 湖南农业大学 | 农业学部 | English journal DOI
ACAD00175,刘伯里,Boli Liu,CAE,1997,化工、冶金与材料工程学部,北京师范大学,https://www.cae.cn/cae/html/main/colys/09811875.html,,,,,,待单人精确检索,,,,Boli Liu | 北京师范大学 | 化工、冶金与材料工程学部 | English journal DOI
ACAD00178,刘先林,Xianlin Liu,CAE,1994,土木、水利与建筑工程学部,国家测绘局测绘科学研究所,https://www.cae.cn/cae/html/main/colys/62193413.html,,,,,,待单人精确检索,,,,Xianlin Liu | 国家测绘局测绘科学研究所 | 土木、水利与建筑工程学部 | English journal DOI
ACAD00179,刘兴土,Xingtu Liu,CAE,2007,农业学部,中国科学院东北地理与农业生态所,https://www.cae.cn/cae/html/main/colys/50787677.html,,,,,,待单人精确检索,,,,Xingtu Liu | 中国科学院东北地理与农业生态所 | 农业学部 | English journal DOI
ACAD00181,刘加平,Jiaping Liu,CAE,2011,土木、水利与建筑工程学部,西安建筑科技大学,https://www.cae.cn/cae/html/main/colys/31706049.html,,,,,,待单人精确检索,,,,Jiaping Liu | 西安建筑科技大学 | 土木、水利与建筑工程学部 | English journal DOI
ACAD00182,刘加平,Jiaping Liu,CAE,2021,土木、水利与建筑工程学部,东南大学,https://www.cae.cn/cae/html/main/colys/33249616.html,,,,,,待单人精确检索,,,,Jiaping Liu | 东南大学 | 土木、水利与建筑工程学部 | English journal DOI
ACAD00183,刘友梅,Youmei Liu,CAE,1999,机械与运载工程学部,株洲电力机车厂,https://www.cae.cn/cae/html/main/colys/93156211.html,,,,,,待单人精确检索,,,,Youmei Liu | 株洲电力机车厂 | 机械与运载工程学部 | English journal DOI
ACAD00184,刘合,He Liu,CAE,2017,工程管理学部,中国石油天然气股份有限公司勘探开发研究院,https://www.cae.cn/cae/html/main/colys/21736116.html,,,,,,待单人精确检索,,,,He Liu | 中国石油天然气股份有限公司勘探开发研究院 | 工程管理学部 | English journal DOI
ACAD00185,刘吉臻,Jizhen Liu,CAE,2015,能源与矿业工程学部,华北电力大学,https://www.cae.cn/cae/html/main/colys/59757516.html,,,,,,待单人精确检索,,,,Jizhen Liu | 华北电力大学 | 能源与矿业工程学部 | English journal DOI
ACAD00188,刘大响,Daxiang Liu,CAE,1995,机械与运载工程学部,中国航空工业总公司燃汽轮机研究所,https://www.cae.cn/cae/html/main/colys/53648854.html,,,,,,待单人精确检索,,,,Daxiang Liu | 中国航空工业总公司燃汽轮机研究所 | 机械与运载工程学部 | English journal DOI
ACAD00189,刘大钧,Dajun Liu,CAE,1999,农业学部,南京农业大学,https://www.cae.cn/cae/html/main/colys/93671774.html,,,,,,待单人精确检索,,,,Dajun Liu | 南京农业大学 | 农业学部 | English journal DOI
ACAD00191,刘守仁,Shouren Liu,CAE,1999,农业学部,新疆农垦科学院,https://www.cae.cn/cae/html/main/colys/21323562.html,,,,,,待单人精确检索,,,,Shouren Liu | 新疆农垦科学院 | 农业学部 | English journal DOI
ACAD00192,刘宏,Hong Liu,CAE,2021,机械与运载工程学部,哈尔滨工业大学,https://www.cae.cn/cae/html/main/colys/36093441.html,,,,,,待单人精确检索,,,,Hong Liu | 哈尔滨工业大学 | 机械与运载工程学部 | English journal DOI
ACAD00194,刘宝琛,Baochen Liu,CAE,1997,能源与矿业工程学部,中南大学,https://www.cae.cn/cae/html/main/colys/90992715.html,,,,,,待单人精确检索,,,,Baochen Liu | 中南大学 | 能源与矿业工程学部 | English journal DOI
ACAD00196,刘少军,Shaojun Liu,CAE,2019,农业学部,湖南师范大学,https://www.cae.cn/cae/html/main/colys/66031704.html,,,,,,待单人精确检索,,,,Shaojun Liu | 湖南师范大学 | 农业学部 | English journal DOI
ACAD00197,刘尚合,Shanghe Liu,CAE,1999,信息与电子工程学部,中国人民解放军陆军工程大学,https://www.cae.cn/cae/html/main/colys/34208705.html,,,,,,待单人精确检索,,,,Shanghe Liu | 中国人民解放军陆军工程大学 | 信息与电子工程学部 | English journal DOI
ACAD00199,刘广志,Guangzhi Liu,CAE,1995,能源与矿业工程学部,地质矿产部,https://www.cae.cn/cae/html/main/colys/65916962.html,,,,,,待单人精确检索,,,,Guangzhi Liu | 地质矿产部 | 能源与矿业工程学部 | English journal DOI
ACAD00202,刘建航,Jianhang Liu,CAE,1995,土木、水利与建筑工程学部,上海市市政工程管理局,https://www.cae.cn/cae/html/main/colys/18272404.html,,,,,,待单人精确检索,,,,Jianhang Liu | 上海市市政工程管理局 | 土木、水利与建筑工程学部 | English journal DOI
ACAD00203,刘彤华,Tonghua Liu,CAE,1999,医药卫生工程学部,中国医学科学院中国协和医科大学北京协和医院,https://www.cae.cn/cae/html/main/colys/46554261.html,,,,,,待单人精确检索,,,,Tonghua Liu | 中国医学科学院中国协和医科大学北京协和医院 | 医药卫生工程学部 | English journal DOI
ACAD00204,刘德培,Depei Liu,CAE,1996,医药卫生学部，工程管理学部,北京协和医学院,https://www.cae.cn/cae/html/main/colys/09381098.html,,,,,,待单人精确检索,,,,Depei Liu | 北京协和医学院 | 医药卫生学部，工程管理学部 | English journal DOI
ACAD00205,刘志红,Zhihong Liu,CAE,2003,医药卫生学部,解放军南京军区南京总医院,https://www.cae.cn/cae/html/main/colys/87546368.html,,,,,,待单人精确检索,,,,Zhihong Liu | 解放军南京军区南京总医院 | 医药卫生学部 | English journal DOI
ACAD00207,刘怡昕,Yixin Liu,CAE,2003,机械与运载工程学部,解放军炮兵学院南京分院,https://www.cae.cn/cae/html/main/colys/90445096.html,,,,,,待单人精确检索,,,,Yixin Liu | 解放军炮兵学院南京分院 | 机械与运载工程学部 | English journal DOI
ACAD00209,刘文清,Wenqing Liu,CAE,2013,环境与轻纺工程学部,中国科学院合肥物质科学研究院,https://www.cae.cn/cae/html/main/colys/42085864.html,,,,,,待单人精确检索,,,,Wenqing Liu | 中国科学院合肥物质科学研究院 | 环境与轻纺工程学部 | English journal DOI
ACAD00212,刘旭,Xu Liu,CAE,2009,农业学部，工程管理学部,中国农业科学院,https://www.cae.cn/cae/html/main/colys/68879187.html,,,,,,待单人精确检索,,,,Xu Liu | 中国农业科学院 | 农业学部，工程管理学部 | English journal DOI
ACAD00213,刘昌孝,Changxiao Liu,CAE,2003,医药卫生学部,天津药物研究院,https://www.cae.cn/cae/html/main/colys/28423461.html,,,,,,待单人精确检索,,,,Changxiao Liu | 天津药物研究院 | 医药卫生学部 | English journal DOI
ACAD00218,刘正东,Zhengdong Liu,CAE,2019,化工、冶金与材料工程学部,中国钢研科技集团有限公司,https://www.cae.cn/cae/html/main/colys/20607399.html,,,,,,待单人精确检索,,,,Zhengdong Liu | 中国钢研科技集团有限公司 | 化工、冶金与材料工程学部 | English journal DOI
ACAD00219,刘永坚,Yongjian Liu,CAE,2017,信息与电子工程学部,空军研究院,https://www.cae.cn/cae/html/main/colys/20981933.html,,,,,,待单人精确检索,,,,Yongjian Liu | 空军研究院 | 信息与电子工程学部 | English journal DOI
ACAD00221,刘永才,Yongcai Liu,CAE,2009,机械与运载工程学部,中国航天科工集团第三研究院,https://www.cae.cn/cae/html/main/colys/62378997.html,,,,,,待单人精确检索,,,,Yongcai Liu | 中国航天科工集团第三研究院 | 机械与运载工程学部 | English journal DOI
ACAD00224,刘泽金,Zejin Liu,CAE,2017,信息与电子工程学部,国防科技大学,https://www.cae.cn/cae/html/main/colys/92838139.html,,,,,,待单人精确检索,,,,Zejin Liu | 国防科技大学 | 信息与电子工程学部 | English journal DOI
ACAD00227,刘源张,Yuanzhang Liu,CAE,2001,工程管理学部,中国科学院系统科学研究所,https://www.cae.cn/cae/html/main/colys/34965820.html,,,,,,待单人精确检索,,,,Yuanzhang Liu | 中国科学院系统科学研究所 | 工程管理学部 | English journal DOI
ACAD00228,刘炯天,Jiongtian Liu,CAE,2009,化工、冶金与材料工程学部,中国矿业大学,https://www.cae.cn/cae/html/main/colys/31524392.html,,,,,,待单人精确检索,,,,Jiongtian Liu | 中国矿业大学 | 化工、冶金与材料工程学部 | English journal DOI
ACAD00229,刘玉清,Yuqing Liu,CAE,1995,医药卫生学部,北京协和医学院,https://www.cae.cn/cae/html/main/colys/06435172.html,,,,,,待单人精确检索,,,,Yuqing Liu | 北京协和医学院 | 医药卫生学部 | English journal DOI
ACAD00230,刘玠,Jie Liu,CAE,1997,信息与电子工程学部，工程管理学部,鞍山钢铁集团公司,https://www.cae.cn/cae/html/main/colys/65663444.html,,,,,,待单人精确检索,,,,Jie Liu | 鞍山钢铁集团公司 | 信息与电子工程学部，工程管理学部 | English journal DOI
ACAD00233,刘秀梵,Xiufan Liu,CAE,2005,农业学部,扬州大学,https://www.cae.cn/cae/html/main/colys/71496567.html,,,,,,待单人精确检索,,,,Xiufan Liu | 扬州大学 | 农业学部 | English journal DOI
ACAD00235,刘筠,Yun Liu,CAE,1995,农业学部,湖南师范大学,https://www.cae.cn/cae/html/main/colys/59635439.html,,,,,,待单人精确检索,,,,Yun Liu | 湖南师范大学 | 农业学部 | English journal DOI
ACAD00236,刘经南,Jingnan Liu,CAE,1999,土木、水利与建筑工程学部,武汉测绘科技大学,https://www.cae.cn/cae/html/main/colys/15703474.html,,,,,,待单人精确检索,,,,Jingnan Liu | 武汉测绘科技大学 | 土木、水利与建筑工程学部 | English journal DOI
ACAD00238,刘耀,Yao Liu,CAE,2001,医药卫生学部,公安部物证鉴定中心,https://www.cae.cn/cae/html/main/colys/34985963.html,,,,,,待单人精确检索,,,,Yao Liu | 公安部物证鉴定中心 | 医药卫生学部 | English journal DOI
ACAD00242,刘良,Liang Liu,CAE,2019,医药卫生学部,澳门科技大学,https://www.cae.cn/cae/html/main/colys/86427580.html,,,,,,待单人精确检索,,,,Liang Liu | 澳门科技大学 | 医药卫生学部 | English journal DOI
ACAD00245,刘连元,Lianyuan Liu,CAE,2011,机械与运载工程学部,中国航天科技集团公司第一研究院第十四研究所,https://www.cae.cn/cae/html/main/colys/65927495.html,,,,,,待单人精确检索,,,,Lianyuan Liu | 中国航天科技集团公司第一研究院第十四研究所 | 机械与运载工程学部 | English journal DOI
ACAD00246,刘韵洁,Yunjie Liu,CAE,2005,信息与电子工程学部,中国联合通信有限公司,https://www.cae.cn/cae/html/main/colys/43684913.html,,,,,,待单人精确检索,,,,Yunjie Liu | 中国联合通信有限公司 | 信息与电子工程学部 | English journal DOI
ACAD00249,刘鸿亮,Hongliang Liu,CAE,1994,环境与轻纺工程学部,中国环境科学研究院,https://www.cae.cn/cae/html/main/colys/31198958.html,,,,,,待单人精确检索,,,,Hongliang Liu | 中国环境科学研究院 | 环境与轻纺工程学部 | English journal DOI
ACAD00254,包振民,Zhenmin Bao,CAE,2017,农业学部,中国海洋大学,https://www.cae.cn/cae/html/main/colys/30803427.html,,,,,,待单人精确检索,,,,Zhenmin Bao | 中国海洋大学 | 农业学部 | English journal DOI
ACAD00258,单忠德,Zhongde Dan,CAE,2019,机械与运载工程学部,机械科学研究总院集团有限公司,https://www.cae.cn/cae/html/main/colys/82851183.html,,,,,,待单人精确检索,,,,Zhongde Dan | 机械科学研究总院集团有限公司 | 机械与运载工程学部 | English journal DOI
ACAD00259,单杨,Yang Dan,CAE,2021,环境与轻纺工程学部,湖南省农业科学院,https://www.cae.cn/cae/html/main/colys/10210126.html,,,,,,待单人精确检索,,,,Yang Dan | 湖南省农业科学院 | 环境与轻纺工程学部 | English journal DOI
ACAD00260,南志标,Zhibiao Nan,CAE,2009,农业学部,甘肃省草原生态研究所、兰州大学草地农业科技学院,https://www.cae.cn/cae/html/main/colys/56645775.html,,,,,,待单人精确检索,,,,Zhibiao Nan | 甘肃省草原生态研究所、兰州大学草地农业科技学院 | 农业学部 | English journal DOI
ACAD00264,卢世璧,Shibi Lu,CAE,1996,医药卫生学部,解放军总医院骨科研究所,https://www.cae.cn/cae/html/main/colys/96402110.html,,,,,,待单人精确检索,,,,Shibi Lu | 解放军总医院骨科研究所 | 医药卫生学部 | English journal DOI
ACAD00266,卢春房,Chunfang Lu,CAE,2017,工程管理学部,中国铁路总公司,https://www.cae.cn/cae/html/main/colys/11771167.html,,,,,,待单人精确检索,,,,Chunfang Lu | 中国铁路总公司 | 工程管理学部 | English journal DOI
ACAD00270,卢秉恒,Bingheng Lu,CAE,2005,机械与运载工程学部,西安交通大学,https://www.cae.cn/cae/html/main/colys/34879956.html,,,,,,待单人精确检索,,,,Bingheng Lu | 西安交通大学 | 机械与运载工程学部 | English journal DOI
ACAD00271,卢耀如,Yaoru Lu,CAE,1997,土木、水利与建筑工程学部,中国地质科学院,https://www.cae.cn/cae/html/main/colys/15157490.html,,,,,,待单人精确检索,,,,Yaoru Lu | 中国地质科学院 | 土木、水利与建筑工程学部 | English journal DOI
ACAD00273,卢良恕,Liangshu Lu,CAE,1994,农业学部,中国农业科学院,https://www.cae.cn/cae/html/main/colys/03995136.html,,,,,,待单人精确检索,,,,Liangshu Lu | 中国农业科学院 | 农业学部 | English journal DOI
ACAD00274,卢锡城,Xicheng Lu,CAE,1999,信息与电子工程学部,国防科技大学计算机学院,https://www.cae.cn/cae/html/main/colys/71846900.html,,,,,,待单人精确检索,,,,Xicheng Lu | 国防科技大学计算机学院 | 信息与电子工程学部 | English journal DOI
ACAD00276,印遇龙,Yulong Yin,CAE,2013,农业学部,中国科学院亚热带农业生态研究所,https://www.cae.cn/cae/html/main/colys/41936974.html,,,,,,待单人精确检索,,,,Yulong Yin | 中国科学院亚热带农业生态研究所 | 农业学部 | English journal DOI
ACAD00278,古德生,Desheng Gu,CAE,1995,能源与矿业工程学部,中南大学,https://www.cae.cn/cae/html/main/colys/40589851.html,,,,,,待单人精确检索,,,,Desheng Gu | 中南大学 | 能源与矿业工程学部 | English journal DOI
ACAD00280,史轶蘩,Yifan Shi,CAE,1996,医药卫生学部,北京协和医学院,https://www.cae.cn/cae/html/main/colys/37592172.html,,,,,,待单人精确检索,,,,Yifan Shi | 北京协和医学院 | 医药卫生学部 | English journal DOI
ACAD00281,叶可明,Keming Ye,CAE,1995,土木、水利与建筑工程学部，工程管理学部,上海建工集团总公司,https://www.cae.cn/cae/html/main/colys/12146941.html,,,,,,待单人精确检索,,,,Keming Ye | 上海建工集团总公司 | 土木、水利与建筑工程学部，工程管理学部 | English journal DOI
ACAD00286,叶声华,Shenghua Ye,CAE,2003,信息与电子工程学部,天津大学,https://www.cae.cn/cae/html/main/colys/12832037.html,,,,,,待单人精确检索,,,,Shenghua Ye | 天津大学 | 信息与电子工程学部 | English journal DOI
ACAD00288,叶奇蓁,Qizhen Ye,CAE,2003,能源与矿业工程学部,核电秦山联营有限公司,https://www.cae.cn/cae/html/main/colys/56755585.html,,,,,,待单人精确检索,,,,Qizhen Ye | 核电秦山联营有限公司 | 能源与矿业工程学部 | English journal DOI
ACAD00289,叶尚福,Shangfu Ye,CAE,1995,信息与电子工程学部,总参谋部第五十八研究所,https://www.cae.cn/cae/html/main/colys/84938366.html,,,,,,待单人精确检索,,,,Shangfu Ye | 总参谋部第五十八研究所 | 信息与电子工程学部 | English journal DOI
ACAD00294,叶铭汉,Minghan Ye,CAE,1995,信息与电子工程学部,中国科学院高能物理研究所,https://www.cae.cn/cae/html/main/colys/40340079.html,,,,,,待单人精确检索,,,,Minghan Ye | 中国科学院高能物理研究所 | 信息与电子工程学部 | English journal DOI
ACAD00296,向仲怀,Zhonghuai Xiang,CAE,1995,农业学部,西南大学,https://www.cae.cn/cae/html/main/colys/28231629.html,,,,,,待单人精确检索,,,,Zhonghuai Xiang | 西南大学 | 农业学部 | English journal DOI
ACAD00297,向巧,Qiao Xiang,CAE,2015,工程管理学部,解放军第五七一九工厂,https://www.cae.cn/cae/html/main/colys/88652694.html,,,,,,待单人精确检索,,,,Qiao Xiang | 解放军第五七一九工厂 | 工程管理学部 | English journal DOI
ACAD00299,向锦武,Jinwu Xiang,CAE,2019,机械与运载工程学部,北京航空航天大学,https://www.cae.cn/cae/html/main/colys/32381781.html,,,,,,待单人精确检索,,,,Jinwu Xiang | 北京航空航天大学 | 机械与运载工程学部 | English journal DOI
ACAD00303,吕志涛,Zhitao Lu,CAE,1997,土木、水利与建筑工程学部,东南大学,https://www.cae.cn/cae/html/main/colys/25237586.html,,,,,,待单人精确检索,,,,Zhitao Lu | 东南大学 | 土木、水利与建筑工程学部 | English journal DOI
ACAD00305,吕西林,Xilin Lu,CAE,2019,土木、水利与建筑工程学部,同济大学,https://www.cae.cn/cae/html/main/colys/44759742.html,,,,,,待单人精确检索,,,,Xilin Lu | 同济大学 | 土木、水利与建筑工程学部 | English journal DOI
ACAD00306,吕跃广,Yueguang Lu,CAE,2011,信息与电子工程学部,总参谋部第五十四研究所,https://www.cae.cn/cae/html/main/colys/00855664.html,,,,,,待单人精确检索,,,,Yueguang Lu | 总参谋部第五十四研究所 | 信息与电子工程学部 | English journal DOI
ACAD00311,吴中如,Zhongru Wu,CAE,1997,土木、水利与建筑工程学部,河海大学,https://www.cae.cn/cae/html/main/colys/28432469.html,,,,,,待单人精确检索,,,,Zhongru Wu | 河海大学 | 土木、水利与建筑工程学部 | English journal DOI
ACAD00312,吴丰昌,Fengchang Wu,CAE,2017,环境与轻纺工程学部,中国环境科学研究院,https://www.cae.cn/cae/html/main/colys/93552845.html,,,,,,待单人精确检索,,,,Fengchang Wu | 中国环境科学研究院 | 环境与轻纺工程学部 | English journal DOI
ACAD00313,吴义强,Yiqiang Wu,CAE,2021,农业学部,中南林业科技大学,https://www.cae.cn/cae/html/main/colys/44784437.html,,,,,,待单人精确检索,,,,Yiqiang Wu | 中南林业科技大学 | 农业学部 | English journal DOI
ACAD00315,吴以岭,Yiling Wu,CAE,2009,医药卫生学部,河北省中西医结合医药研究院,https://www.cae.cn/cae/html/main/colys/90293895.html,,,,,,待单人精确检索,,,,Yiling Wu | 河北省中西医结合医药研究院 | 医药卫生学部 | English journal DOI
ACAD00316,吴以成,Yicheng Wu,CAE,2005,化工、冶金与材料工程学部,中国科学院理化技术研究所,https://www.cae.cn/cae/html/main/colys/12216108.html,,,,,,待单人精确检索,,,,Yicheng Wu | 中国科学院理化技术研究所 | 化工、冶金与材料工程学部 | English journal DOI
ACAD00317,吴伟仁,Weiren Wu,CAE,2015,信息与电子工程学部,国防科工局探月与航天工程中心,https://www.cae.cn/cae/html/main/colys/03022221.html,,,,,,待单人精确检索,,,,Weiren Wu | 国防科工局探月与航天工程中心 | 信息与电子工程学部 | English journal DOI
ACAD00319,吴佑寿,Youshou Wu,CAE,1995,信息与电子工程学部,清华大学,https://www.cae.cn/cae/html/main/colys/53211160.html,,,,,,待单人精确检索,,,,Youshou Wu | 清华大学 | 信息与电子工程学部 | English journal DOI
ACAD00320,吴光辉,Guanghui Wu,CAE,2017,机械与运载工程学部,中国商用飞机有限责任公司,https://www.cae.cn/cae/html/main/colys/58927166.html,,,,,,待单人精确检索,,,,Guanghui Wu | 中国商用飞机有限责任公司 | 机械与运载工程学部 | English journal DOI
ACAD00323,吴剑旗,Jianqi Wu,CAE,2021,信息与电子工程学部,中国电子科技集团公司第三十八研究所,https://www.cae.cn/cae/html/main/colys/94779397.html,,,,,,待单人精确检索,,,,Jianqi Wu | 中国电子科技集团公司第三十八研究所 | 信息与电子工程学部 | English journal DOI
ACAD00324,吴咸中,Xianzhong Wu,CAE,1996,医药卫生学部,天津医科大学,https://www.cae.cn/cae/html/main/colys/59328891.html,,,,,,待单人精确检索,,,,Xianzhong Wu | 天津医科大学 | 医药卫生学部 | English journal DOI
ACAD00327,吴天一,Tianyi Wu,CAE,2001,医药卫生学部,青海高原医学研究所,https://www.cae.cn/cae/html/main/colys/78191133.html,,,,,,待单人精确检索,,,,Tianyi Wu | 青海高原医学研究所 | 医药卫生学部 | English journal DOI
ACAD00329,吴孔明,Kongming Wu,CAE,2011,农业学部,中国农业科学院植物保护研究所,https://www.cae.cn/cae/html/main/colys/59502418.html,,,,,,待单人精确检索,,,,Kongming Wu | 中国农业科学院植物保护研究所 | 农业学部 | English journal DOI
ACAD00336,吴建平,Jianping Wu,CAE,2015,信息与电子工程学部,清华大学,https://www.cae.cn/cae/html/main/colys/95341770.html,,,,,,待单人精确检索,,,,Jianping Wu | 清华大学 | 信息与电子工程学部 | English journal DOI
ACAD00338,吴德昌,Dechang Wu,CAE,1995,医药卫生学部,军事医学科学院放射医学研究所,https://www.cae.cn/cae/html/main/colys/00260664.html,,,,,,待单人精确检索,,,,Dechang Wu | 军事医学科学院放射医学研究所 | 医药卫生学部 | English journal DOI
ACAD00340,吴志强,Zhiqiang Wu,CAE,2017,土木、水利与建筑工程学部,同济大学,https://www.cae.cn/cae/html/main/colys/49007692.html,,,,,,待单人精确检索,,,,Zhiqiang Wu | 同济大学 | 土木、水利与建筑工程学部 | English journal DOI
ACAD00341,吴慰祖,Weizu Wu,CAE,1999,化工、冶金与材料工程学部,总参谋部第五十五研究所,https://www.cae.cn/cae/html/main/colys/56768128.html,,,,,,待单人精确检索,,,,Weizu Wu | 总参谋部第五十五研究所 | 化工、冶金与材料工程学部 | English journal DOI
ACAD00345,吴明珠,Mingzhu Wu,CAE,1999,农业学部,新疆农业科学院园艺作物研究所,https://www.cae.cn/cae/html/main/colys/31830484.html,,,,,,待单人精确检索,,,,Mingzhu Wu | 新疆农业科学院园艺作物研究所 | 农业学部 | English journal DOI
ACAD00346,吴明红,Minghong Wu,CAE,2021,环境与轻纺工程学部,上海大学,https://www.cae.cn/cae/html/main/colys/01102946.html,,,,,,待单人精确检索,,,,Minghong Wu | 上海大学 | 环境与轻纺工程学部 | English journal DOI
ACAD00347,吴曼青,Manqing Wu,CAE,2009,信息与电子工程学部,中国电子科技集团公司第三十八研究所,https://www.cae.cn/cae/html/main/col284/2012-02/27/20120227140304000962108_1.html,,,,,,待单人精确检索,,,,Manqing Wu | 中国电子科技集团公司第三十八研究所 | 信息与电子工程学部 | English journal DOI
ACAD00348,吴有生,Yousheng Wu,CAE,1994,机械与运载工程学部,中国船舶工业总公司第702研究所,https://www.cae.cn/cae/html/main/colys/40176187.html,,,,,,待单人精确检索,,,,Yousheng Wu | 中国船舶工业总公司第702研究所 | 机械与运载工程学部 | English journal DOI
ACAD00351,吴汉明,Hanming Wu,CAE,2019,信息与电子工程学部,芯创智（北京）微电子有限公司,https://www.cae.cn/cae/html/main/colys/77159094.html,,,,,,待单人精确检索,,,,Hanming Wu | 芯创智（北京）微电子有限公司 | 信息与电子工程学部 | English journal DOI
ACAD00352,吴清平,Qingping Wu,CAE,2015,环境与轻纺工程学部,广东省微生物研究所,https://www.cae.cn/cae/html/main/colys/81048678.html,,,,,,待单人精确检索,,,,Qingping Wu | 广东省微生物研究所 | 环境与轻纺工程学部 | English journal DOI
ACAD00353,吴澄,Cheng Wu,CAE,1995,信息与电子工程学部,清华大学,https://www.cae.cn/cae/html/main/colys/96944507.html,,,,,,待单人精确检索,,,,Cheng Wu | 清华大学 | 信息与电子工程学部 | English journal DOI
ACAD00357,吴祖垲,Zukai Wu,CAE,1995,信息与电子工程学部,陕西省电子工业局,https://www.cae.cn/cae/html/main/colys/09800980.html,,,,,,待单人精确检索,,,,Zukai Wu | 陕西省电子工业局 | 信息与电子工程学部 | English journal DOI
ACAD00361,吴良镛,Liangyong Wu,CAE,1995,土木、水利与建筑工程学部,清华大学,https://www.cae.cn/cae/html/main/colys/40254224.html,,,,,,待单人精确检索,,,,Liangyong Wu | 清华大学 | 土木、水利与建筑工程学部 | English journal DOI
ACAD00362,吴锋,Feng Wu,CAE,2017,化工、冶金与材料工程学部,北京理工大学,https://www.cae.cn/cae/html/main/colys/92622570.html,,,,,,待单人精确检索,,,,Feng Wu | 北京理工大学 | 化工、冶金与材料工程学部 | English journal DOI
ACAD00365,吾守尔·斯拉木,Shouer·Silamu Wu,CAE,2011,信息与电子工程学部,新疆大学,https://www.cae.cn/cae/html/main/colys/15848126.html,,,,,,待单人精确检索,,,,Shouer·Silamu Wu | 新疆大学 | 信息与电子工程学部 | English journal DOI
ACAD00366,周世宁,Shining Zhou,CAE,1999,能源与矿业工程学部,中国矿业大学,https://www.cae.cn/cae/html/main/colys/25490781.html,,,,,,待单人精确检索,,,,Shining Zhou | 中国矿业大学 | 能源与矿业工程学部 | English journal DOI
ACAD00367,周丰峻,Fengjun Zhou,CAE,1999,土木、水利与建筑工程学部,总参谋部工程兵第三研究所,https://www.cae.cn/cae/html/main/colys/12426954.html,,,,,,待单人精确检索,,,,Fengjun Zhou | 总参谋部工程兵第三研究所 | 土木、水利与建筑工程学部 | English journal DOI
ACAD00368,周仲义,Zhongyi Zhou,CAE,1994,信息与电子工程学部,总参谋部,https://www.cae.cn/cae/html/main/colys/15852756.html,,,,,,待单人精确检索,,,,Zhongyi Zhou | 总参谋部 | 信息与电子工程学部 | English journal DOI
ACAD00370,周光耀,Guangyao Zhou,CAE,1995,化工、冶金与材料工程学部,化学工业部中国成达化学工程公司,https://www.cae.cn/cae/html/main/colys/21475843.html,,,,,,待单人精确检索,,,,Guangyao Zhou | 化学工业部中国成达化学工程公司 | 化工、冶金与材料工程学部 | English journal DOI
ACAD00371,周克崧,Kesong Zhou,CAE,2009,化工、冶金与材料工程学部,广州有色金属研究院,https://www.cae.cn/cae/html/main/colys/31856107.html,,,,,,待单人精确检索,,,,Kesong Zhou | 广州有色金属研究院 | 化工、冶金与材料工程学部 | English journal DOI
ACAD00375,周刚,Gang Zhou,CAE,2021,能源与矿业工程学部,中国人民解放军63650部队,https://www.cae.cn/cae/html/main/colys/51000789.html,,,,,,待单人精确检索,,,,Gang Zhou | 中国人民解放军63650部队 | 能源与矿业工程学部 | English journal DOI
ACAD00377,周勤之,Qinzhi Zhou,CAE,1995,机械与运载工程学部,上海机床厂,https://www.cae.cn/cae/html/main/colys/40354274.html,,,,,,待单人精确检索,,,,Qinzhi Zhou | 上海机床厂 | 机械与运载工程学部 | English journal DOI
ACAD00378,周卫,Wei Zhou,CAE,2021,农业学部,中国农业科学院农业资源与农业区划研究所,https://www.cae.cn/cae/html/main/colys/27113893.html,,,,,,待单人精确检索,,,,Wei Zhou | 中国农业科学院农业资源与农业区划研究所 | 农业学部 | English journal DOI
ACAD00383,周后元,Houyuan Zhou,CAE,1995,医药卫生学部,上海医药工业研究院,https://www.cae.cn/cae/html/main/colys/84505182.html,,,,,,待单人精确检索,,,,Houyuan Zhou | 上海医药工业研究院 | 医药卫生学部 | English journal DOI
ACAD00385,周君亮,Junliang Zhou,CAE,1995,土木、水利与建筑工程学部,江苏省水利厅,https://www.cae.cn/cae/html/main/colys/53339101.html,,,,,,待单人精确检索,,,,Junliang Zhou | 江苏省水利厅 | 土木、水利与建筑工程学部 | English journal DOI
ACAD00388,周守为,Shouwei Zhou,CAE,2009,能源与矿业工程学部,中国海洋石油总公司,https://www.cae.cn/cae/html/main/colys/78273740.html,,,,,,待单人精确检索,,,,Shouwei Zhou | 中国海洋石油总公司 | 能源与矿业工程学部 | English journal DOI
ACAD00389,周宏灏,Honghao Zhou,CAE,2005,医药卫生学部,中南大学,https://www.cae.cn/cae/html/main/colys/03292304.html,,,,,,待单人精确检索,,,,Honghao Zhou | 中南大学 | 医药卫生学部 | English journal DOI
ACAD00390,周寿桓,Shouhuan Zhou,CAE,2003,信息与电子工程学部,中国电子科技集团公司第十一研究所,https://www.cae.cn/cae/html/main/colys/40276559.html,,,,,,待单人精确检索,,,,Shouhuan Zhou | 中国电子科技集团公司第十一研究所 | 信息与电子工程学部 | English journal DOI
ACAD00394,周廉,Lian Zhou,CAE,1994,化工、冶金与材料工程学部,西北有色金属研究院,https://www.cae.cn/cae/html/main/colys/81694336.html,,,,,,待单人精确检索,,,,Lian Zhou | 西北有色金属研究院 | 化工、冶金与材料工程学部 | English journal DOI
ACAD00395,周建平,Jianping Zhou,CAE,2013,工程管理学部,中国载人航天工程办公室,https://www.cae.cn/cae/html/main/colys/41532694.html,,,,,,待单人精确检索,,,,Jianping Zhou | 中国载人航天工程办公室 | 工程管理学部 | English journal DOI
ACAD00396,周开达,Kaida Zhou,CAE,1999,农业学部,四川农业大学水稻研究所,https://www.cae.cn/cae/html/main/colys/56327309.html,,,,,,待单人精确检索,,,,Kaida Zhou | 四川农业大学水稻研究所 | 农业学部 | English journal DOI
ACAD00397,周志成,Zhicheng Zhou,CAE,2017,机械与运载工程学部,中国航天科技集团公司第五研究院,https://www.cae.cn/cae/html/main/colys/10271883.html,,,,,,待单人精确检索,,,,Zhicheng Zhou | 中国航天科技集团公司第五研究院 | 机械与运载工程学部 | English journal DOI
ACAD00405,周永茂,Yongmao Zhou,CAE,1995,能源与矿业工程学部,中国核工业总公司中国中原对外工程公司,https://www.cae.cn/cae/html/main/colys/37552462.html,,,,,,待单人精确检索,,,,Yongmao Zhou | 中国核工业总公司中国中原对外工程公司 | 能源与矿业工程学部 | English journal DOI
ACAD00406,周济,Ji Zhou,CAE,1999,机械与运载工程学部,华中理工大学,https://www.cae.cn/cae/html/main/colys/06424102.html,,,,,,待单人精确检索,,,,Ji Zhou | 华中理工大学 | 机械与运载工程学部 | English journal DOI
ACAD00407,周济,Ji Zhou,CAE,2017,化工、冶金与材料工程学部,清华大学,https://www.cae.cn/cae/html/main/colys/06424102.html,,,,,,待单人精确检索,,,,Ji Zhou | 清华大学 | 化工、冶金与材料工程学部 | English journal DOI
ACAD00410,周玉,Yu Zhou,CAE,2009,化工、冶金与材料工程学部,哈尔滨工业大学,https://www.cae.cn/cae/html/main/colys/03404596.html,,,,,,待单人精确检索,,,,Yu Zhou | 哈尔滨工业大学 | 化工、冶金与材料工程学部 | English journal DOI
ACAD00412,周福霖,Fulin Zhou,CAE,2003,土木、水利与建筑工程学部,广州大学,https://www.cae.cn/cae/html/main/colys/25553040.html,,,,,,待单人精确检索,,,,Fulin Zhou | 广州大学 | 土木、水利与建筑工程学部 | English journal DOI
ACAD00414,周立伟,Liwei Zhou,CAE,1999,信息与电子工程学部,北京理工大学,https://www.cae.cn/cae/html/main/colys/43919202.html,,,,,,待单人精确检索,,,,Liwei Zhou | 北京理工大学 | 信息与电子工程学部 | English journal DOI
ACAD00415,周绪红,Xuhong Zhou,CAE,2011,土木、水利与建筑工程学部,兰州大学,https://www.cae.cn/cae/html/main/colys/25130589.html,,,,,,待单人精确检索,,,,Xuhong Zhou | 兰州大学 | 土木、水利与建筑工程学部 | English journal DOI
ACAD00417,周翔,Xiang Zhou,CAE,1995,环境与轻纺工程学部,武汉大学,https://www.cae.cn/cae/html/main/colys/59949298.html,,,,,,待单人精确检索,,,,Xiang Zhou | 武汉大学 | 环境与轻纺工程学部 | English journal DOI
ACAD00419,周良辅,Liangfu Zhou,CAE,2009,医药卫生学部,复旦大学附属华山医院,https://www.cae.cn/cae/html/main/colys/00290264.html,,,,,,待单人精确检索,,,,Liangfu Zhou | 复旦大学附属华山医院 | 医药卫生学部 | English journal DOI
ACAD00421,周邦新,Bangxin Zhou,CAE,1995,能源与矿业工程学部,中国核工业总公司中国核动力研究设计院,https://www.cae.cn/cae/html/main/colys/34537857.html,,,,,,待单人精确检索,,,,Bangxin Zhou | 中国核工业总公司中国核动力研究设计院 | 能源与矿业工程学部 | English journal DOI
ACAD00423,周镜,Jing Zhou,CAE,1994,土木、水利与建筑工程学部,铁道部科学研究院,https://www.cae.cn/cae/html/main/colys/46212604.html,,,,,,待单人精确检索,,,,Jing Zhou | 铁道部科学研究院 | 土木、水利与建筑工程学部 | English journal DOI
ACAD00425,唐任远,Renyuan Tang,CAE,2001,机械与运载工程学部,沈阳工业大学,https://www.cae.cn/cae/html/main/colys/25369742.html,,,,,,待单人精确检索,,,,Renyuan Tang | 沈阳工业大学 | 机械与运载工程学部 | English journal DOI
ACAD00428,唐华俊,Huajun Tang,CAE,2015,农业学部,中国农业科学院,https://www.cae.cn/cae/html/main/colys/86366420.html,,,,,,待单人精确检索,,,,Huajun Tang | 中国农业科学院 | 农业学部 | English journal DOI
ACAD00430,唐启升,Qisheng Tang,CAE,1999,农业学部,中国水产科学研究院黄海水产研究所,https://www.cae.cn/cae/html/main/colys/09803567.html,,,,,,待单人精确检索,,,,Qisheng Tang | 中国水产科学研究院黄海水产研究所 | 农业学部 | English journal DOI
ACAD00431,唐孝炎,Xiaoyan Tang,CAE,1995,环境与轻纺工程学部,北京大学,https://www.cae.cn/cae/html/main/colys/65675483.html,,,,,,待单人精确检索,,,,Xiaoyan Tang | 北京大学 | 环境与轻纺工程学部 | English journal DOI
ACAD00434,唐希灿,Xican Tang,CAE,2001,医药卫生学部,中国科学院上海药物研究所,https://www.cae.cn/cae/html/main/colys/71679349.html,,,,,,待单人精确检索,,,,Xican Tang | 中国科学院上海药物研究所 | 医药卫生学部 | English journal DOI
ACAD00436,唐明述,Mingshu Tang,CAE,1995,化工、冶金与材料工程学部,南京工业大学,https://www.cae.cn/cae/html/main/colys/46816057.html,,,,,,待单人精确检索,,,,Mingshu Tang | 南京工业大学 | 化工、冶金与材料工程学部 | English journal DOI
ACAD00439,唐洪武,Hongwu Tang,CAE,2021,土木、水利与建筑工程学部,河海大学,https://www.cae.cn/cae/html/main/colys/14685477.html,,,,,,待单人精确检索,,,,Hongwu Tang | 河海大学 | 土木、水利与建筑工程学部 | English journal DOI
ACAD00441,唐立,Li Tang,CAE,2017,能源与矿业工程学部,北京应用物理与计算数学研究所,https://www.cae.cn/cae/html/main/colys/24937693.html,,,,,,待单人精确检索,,,,Li Tang | 北京应用物理与计算数学研究所 | 能源与矿业工程学部 | English journal DOI
ACAD00442,唐立新,Lixin Tang,CAE,2019,工程管理学部,东北大学,https://www.cae.cn/cae/html/main/colys/74454811.html,,,,,,待单人精确检索,,,,Lixin Tang | 东北大学 | 工程管理学部 | English journal DOI
ACAD00444,唐西生,Xisheng Tang,CAE,1997,能源与矿业工程学部,第二炮兵装备研究院,https://www.cae.cn/cae/html/main/colys/50904922.html,,,,,,待单人精确检索,,,,Xisheng Tang | 第二炮兵装备研究院 | 能源与矿业工程学部 | English journal DOI
ACAD00445,唐长红,Zhanghong Tang,CAE,2011,机械与运载工程学部,中国航空工业集团公司第一飞机设计研究院,https://www.cae.cn/cae/html/main/colys/81357138.html,,,,,,待单人精确检索,,,,Zhanghong Tang | 中国航空工业集团公司第一飞机设计研究院 | 机械与运载工程学部 | English journal DOI
ACAD00446,喻景权,Jingquan Yu,CAE,2021,农业学部,浙江大学,https://www.cae.cn/cae/html/main/colys/09586299.html,,,,,,待单人精确检索,,,,Jingquan Yu | 浙江大学 | 农业学部 | English journal DOI
ACAD00447,喻树迅,Shuxun Yu,CAE,2011,农业学部,中国农业科学院棉花研究所,https://www.cae.cn/cae/html/main/colys/75339318.html,,,,,,待单人精确检索,,,,Shuxun Yu | 中国农业科学院棉花研究所 | 农业学部 | English journal DOI
ACAD00448,夏佳文,Jiawen Xia,CAE,2013,能源与矿业工程学部,中国科学院近代物理研究所,https://www.cae.cn/cae/html/main/colys/42454630.html,,,,,,待单人精确检索,,,,Jiawen Xia | 中国科学院近代物理研究所 | 能源与矿业工程学部 | English journal DOI
ACAD00451,夏咸柱,Xianzhu Xia,CAE,2003,农业学部,解放军军需大学,https://www.cae.cn/cae/html/main/colys/37704838.html,,,,,,待单人精确检索,,,,Xianzhu Xia | 解放军军需大学 | 农业学部 | English journal DOI
ACAD00454,夏家辉,Jiahui Xia,CAE,1999,医药卫生工程学部,湖南医科大学,https://www.cae.cn/cae/html/main/colys/12296996.html,,,,,,待单人精确检索,,,,Jiahui Xia | 湖南医科大学 | 医药卫生工程学部 | English journal DOI
ACAD00458,夏照帆,Zhaofan Xia,CAE,2013,医药卫生学部,第二军医大学长海医院,https://www.cae.cn/cae/html/main/colys/41809225.html,,,,,,待单人精确检索,,,,Zhaofan Xia | 第二军医大学长海医院 | 医药卫生学部 | English journal DOI
ACAD00459,夏长亮,Zhangliang Xia,CAE,2017,机械与运载工程学部,天津工业大学,https://www.cae.cn/cae/html/main/colys/08645831.html,,,,,,待单人精确检索,,,,Zhangliang Xia | 天津工业大学 | 机械与运载工程学部 | English journal DOI
ACAD00460,多吉,Ji Duo,CAE,2001,能源与矿业工程学部,西藏地质矿产勘查开发局地热地质大队,https://www.cae.cn/cae/html/main/colys/87908418.html,,,,,,待单人精确检索,,,,Ji Duo | 西藏地质矿产勘查开发局地热地质大队 | 能源与矿业工程学部 | English journal DOI
ACAD00462,姚富强,Fuqiang Yao,CAE,2019,信息与电子工程学部,中国人民解放军国防科技大学,https://www.cae.cn/cae/html/main/colys/07317131.html,,,,,,待单人精确检索,,,,Fuqiang Yao | 中国人民解放军国防科技大学 | 信息与电子工程学部 | English journal DOI
ACAD00467,姚斌,Bin Yao,CAE,2019,农业学部,中国农业科学院饲料研究所,https://www.cae.cn/cae/html/main/colys/37300771.html,,,,,,待单人精确检索,,,,Bin Yao | 中国农业科学院饲料研究所 | 农业学部 | English journal DOI
ACAD00468,姚新生,Xinsheng Yao,CAE,1996,医药卫生学部,沈阳药科大学,https://www.cae.cn/cae/html/main/colys/62942511.html,,,,,,待单人精确检索,,,,Xinsheng Yao | 沈阳药科大学 | 医药卫生学部 | English journal DOI
ACAD00473,姚穆,Mu Yao,CAE,2001,环境与轻纺工程学部,西北纺织工学院,https://www.cae.cn/cae/html/main/colys/68999420.html,,,,,,待单人精确检索,,,,Mu Yao | 西北纺织工学院 | 环境与轻纺工程学部 | English journal DOI
ACAD00475,姚骏恩,Junen Yao,CAE,2001,信息与电子工程学部,中国科学院北京科学仪器研制中心,https://www.cae.cn/cae/html/main/colys/40878839.html,,,,,,待单人精确检索,,,,Junen Yao | 中国科学院北京科学仪器研制中心 | 信息与电子工程学部 | English journal DOI
ACAD00477,姜会林,Huilin Jiang,CAE,2015,信息与电子工程学部,长春理工大学,https://www.cae.cn/cae/html/main/colys/63558738.html,,,,,,待单人精确检索,,,,Huilin Jiang | 长春理工大学 | 信息与电子工程学部 | English journal DOI
ACAD00478,姜保国,Baoguo Jiang,CAE,2021,医药卫生学部,北京大学人民医院,https://www.cae.cn/cae/html/main/colys/24686864.html,,,,,,待单人精确检索,,,,Baoguo Jiang | 北京大学人民医院 | 医药卫生学部 | English journal DOI
ACAD00481,姜德生,Desheng Jiang,CAE,2007,化工、冶金与材料工程学部,武汉理工大学,https://www.cae.cn/cae/html/main/colys/00244033.html,,,,,,待单人精确检索,,,,Desheng Jiang | 武汉理工大学 | 化工、冶金与材料工程学部 | English journal DOI
ACAD00482,姜文汉,Wenhan Jiang,CAE,1995,信息与电子工程学部,中国科学院光电技术研究所,https://www.cae.cn/cae/html/main/colys/28332211.html,,,,,,待单人精确检索,,,,Wenhan Jiang | 中国科学院光电技术研究所 | 信息与电子工程学部 | English journal DOI
ACAD00483,姜景山,Jingshan Jiang,CAE,1999,信息与电子工程学部,中国科学院空间科学与应用研究中心,https://www.cae.cn/cae/html/main/colys/03603425.html,,,,,,待单人精确检索,,,,Jingshan Jiang | 中国科学院空间科学与应用研究中心 | 信息与电子工程学部 | English journal DOI
ACAD00486,姜涛,Tao Jiang,CAE,2021,化工、冶金与材料工程学部,中南大学,https://www.cae.cn/cae/html/main/colys/80878051.html,,,,,,待单人精确检索,,,,Tao Jiang | 中南大学 | 化工、冶金与材料工程学部 | English journal DOI
ACAD00488,孔宪京,Xianjing Kong,CAE,2017,土木、水利与建筑工程学部,大连理工大学,https://www.cae.cn/cae/html/main/colys/79992669.html,,,,,,待单人精确检索,,,,Xianjing Kong | 大连理工大学 | 土木、水利与建筑工程学部 | English journal DOI
ACAD00489,孔志印,Zhiyin Kong,CAE,2021,信息与电子工程学部,中央军委办公厅某研究所,https://www.cae.cn/cae/html/main/colys/19957430.html,,,,,,待单人精确检索,,,,Zhiyin Kong | 中央军委办公厅某研究所 | 信息与电子工程学部 | English journal DOI
ACAD00492,孙丽丽,Lili Sun,CAE,2019,工程管理学部,中国石化工程建设有限公司,https://www.cae.cn/cae/html/main/colys/00796301.html,,,,,,待单人精确检索,,,,Lili Sun | 中国石化工程建设有限公司 | 工程管理学部 | English journal DOI
ACAD00494,孙九林,Jiulin Sun,CAE,2001,农业、轻纺与环境工程学部,中国科学院地理科学与资源研究所,https://www.cae.cn/cae/html/main/colys/25196895.html,,,,,,待单人精确检索,,,,Jiulin Sun | 中国科学院地理科学与资源研究所 | 农业、轻纺与环境工程学部 | English journal DOI
ACAD00496,孙优贤,Youxian Sun,CAE,1995,信息与电子工程学部,浙江大学,https://www.cae.cn/cae/html/main/colys/00479821.html,,,,,,待单人精确检索,,,,Youxian Sun | 浙江大学 | 信息与电子工程学部 | English journal DOI
ACAD00497,孙伟,Wei Sun,CAE,2005,土木、水利与建筑工程学部,东南大学,https://www.cae.cn/cae/html/main/colys/68573289.html,,,,,,待单人精确检索,,,,Wei Sun | 东南大学 | 土木、水利与建筑工程学部 | English journal DOI
ACAD00498,孙传尧,Chuanyao Sun,CAE,2003,化工、冶金与材料工程学部,北京矿冶研究总院,https://www.cae.cn/cae/html/main/colys/50771342.html,,,,,,待单人精确检索,,,,Chuanyao Sun | 北京矿冶研究总院 | 化工、冶金与材料工程学部 | English journal DOI
ACAD00503,孙凝晖,Ninghui Sun,CAE,2019,信息与电子工程学部,中国科学院计算技术研究所,https://www.cae.cn/cae/html/main/colys/55288821.html,,,,,,待单人精确检索,,,,Ninghui Sun | 中国科学院计算技术研究所 | 信息与电子工程学部 | English journal DOI
ACAD00504,孙友宏,Youhong Sun,CAE,2021,能源与矿业工程学部,中国地质大学（北京）,https://www.cae.cn/cae/html/main/colys/82018647.html,,,,,,待单人精确检索,,,,Youhong Sun | 中国地质大学（北京） | 能源与矿业工程学部 | English journal DOI
ACAD00508,孙宝国,Baoguo Sun,CAE,2009,环境与轻纺工程学部,北京工商大学,https://www.cae.cn/cae/html/main/colys/65729788.html,,,,,,待单人精确检索,,,,Baoguo Sun | 北京工商大学 | 环境与轻纺工程学部 | English journal DOI
ACAD00509,孙家广,Jiaguang Sun,CAE,1999,信息与电子工程学部,清华大学,https://www.cae.cn/cae/html/main/colys/12734420.html,,,,,,待单人精确检索,,,,Jiaguang Sun | 清华大学 | 信息与电子工程学部 | English journal DOI
ACAD00512,孙忠良,Zhongliang Sun,CAE,2001,信息与电子工程学部,东南大学,https://www.cae.cn/cae/html/main/colys/71724388.html,,,,,,待单人精确检索,,,,Zhongliang Sun | 东南大学 | 信息与电子工程学部 | English journal DOI
ACAD00514,孙承纬,Chengwei Sun,CAE,2003,能源与矿业工程学部,中国工程物理研究院流体物理研究所,https://www.cae.cn/cae/html/main/colys/93781369.html,,,,,,待单人精确检索,,,,Chengwei Sun | 中国工程物理研究院流体物理研究所 | 能源与矿业工程学部 | English journal DOI
ACAD00515,孙敬良,Jingliang Sun,CAE,1995,机械与运载工程学部,中国航天工业总公司上海航天局,https://www.cae.cn/cae/html/main/colys/78775829.html,,,,,,待单人精确检索,,,,Jingliang Sun | 中国航天工业总公司上海航天局 | 机械与运载工程学部 | English journal DOI
ACAD00518,孙晋良,Jinliang Sun,CAE,1997,环境与轻纺工程学部,上海大学,https://www.cae.cn/cae/html/main/colys/21767734.html,,,,,,待单人精确检索,,,,Jinliang Sun | 上海大学 | 环境与轻纺工程学部 | English journal DOI
ACAD00521,孙永福,Yongfu Sun,CAE,2005,工程管理学部,铁道部,https://www.cae.cn/cae/html/main/colys/93917428.html,,,,,,待单人精确检索,,,,Yongfu Sun | 铁道部 | 工程管理学部 | English journal DOI
ACAD00523,孙焕泉,Huanquan Sun,CAE,2021,能源与矿业工程学部,中国石油化工集团有限公司,https://www.cae.cn/cae/html/main/colys/90177458.html,,,,,,待单人精确检索,,,,Huanquan Sun | 中国石油化工集团有限公司 | 能源与矿业工程学部 | English journal DOI
ACAD00524,孙燕,Yan Sun,CAE,1999,医药卫生工程学部,中国医学科学院肿瘤医院,https://www.cae.cn/cae/html/main/colys/81551649.html,,,,,,待单人精确检索,,,,Yan Sun | 中国医学科学院肿瘤医院 | 医药卫生工程学部 | English journal DOI
ACAD00525,孙玉,Yu Sun,CAE,1995,信息与电子工程学部,电子工业部第五十四研究所,https://www.cae.cn/cae/html/main/colys/75444523.html,,,,,,待单人精确检索,,,,Yu Sun | 电子工业部第五十四研究所 | 信息与电子工程学部 | English journal DOI
ACAD00526,孙玉发,Yufa Sun,CAE,1999,能源与矿业工程学部,中国核动力研究设计院,https://www.cae.cn/cae/html/main/colys/96424468.html,,,,,,待单人精确检索,,,,Yufa Sun | 中国核动力研究设计院 | 能源与矿业工程学部 | English journal DOI
ACAD00528,孙聪,Cong Sun,CAE,2015,机械与运载工程学部,中国航空工业集团公司,https://www.cae.cn/cae/html/main/colys/91376380.html,,,,,,待单人精确检索,,,,Cong Sun | 中国航空工业集团公司 | 机械与运载工程学部 | English journal DOI
ACAD00531,孙逢春,Fengchun Sun,CAE,2017,机械与运载工程学部,北京理工大学,https://www.cae.cn/cae/html/main/colys/48677073.html,,,,,,待单人精确检索,,,,Fengchun Sun | 北京理工大学 | 机械与运载工程学部 | English journal DOI
ACAD00532,孙金声,Jinsheng Sun,CAE,2017,能源与矿业工程学部,中国石油集团钻井工程技术研究院,https://www.cae.cn/cae/html/main/colys/08989798.html,,,,,,待单人精确检索,,,,Jinsheng Sun | 中国石油集团钻井工程技术研究院 | 能源与矿业工程学部 | English journal DOI
ACAD00536,孙铁珩,Tieheng Sun,CAE,2001,农业、轻纺与环境工程学部,中国科学院沈阳应用生态研究所,https://www.cae.cn/cae/html/main/colys/34368999.html,,,,,,待单人精确检索,,,,Tieheng Sun | 中国科学院沈阳应用生态研究所 | 农业、轻纺与环境工程学部 | English journal DOI
ACAD00538,孙龙德,Longde Sun,CAE,2011,能源与矿业工程学部,中国石油天然气股份有限公司,https://www.cae.cn/cae/html/main/colys/96202121.html,,,,,,待单人精确检索,,,,Longde Sun | 中国石油天然气股份有限公司 | 能源与矿业工程学部 | English journal DOI
ACAD00539,孟兆祯,Zhaozhen Meng,CAE,1999,土木、水利与建筑工程学部,北京林业大学,https://www.cae.cn/cae/html/main/colys/65295716.html,,,,,,待单人精确检索,,,,Zhaozhen Meng | 北京林业大学 | 土木、水利与建筑工程学部 | English journal DOI
ACAD00541,孟建民,Jianmin Meng,CAE,2015,土木、水利与建筑工程学部,深圳市建筑设计研究总院有限公司,https://www.cae.cn/cae/html/main/colys/99812937.html,,,,,,待单人精确检索,,,,Jianmin Meng | 深圳市建筑设计研究总院有限公司 | 土木、水利与建筑工程学部 | English journal DOI
ACAD00542,孟执中,Zhizhong Meng,CAE,2003,机械与运载工程学部,中国航天科技集团公司第八研究院,https://www.cae.cn/cae/html/main/colys/62176166.html,,,,,,待单人精确检索,,,,Zhizhong Meng | 中国航天科技集团公司第八研究院 | 机械与运载工程学部 | English journal DOI
ACAD00543,季国标,Guobiao Ji,CAE,1994,环境与轻纺工程学部,中国纺织总会,https://www.cae.cn/cae/html/main/colys/28530847.html,,,,,,待单人精确检索,,,,Guobiao Ji | 中国纺织总会 | 环境与轻纺工程学部 | English journal DOI
ACAD00545,宁光,Guang Ning,CAE,2015,医药卫生学部,上海交通大学医学院附属瑞金医院,https://www.cae.cn/cae/html/main/colys/35045107.html,,,,,,待单人精确检索,,,,Guang Ning | 上海交通大学医学院附属瑞金医院 | 医药卫生学部 | English journal DOI
ACAD00546,宁津生,Jinsheng Ning,CAE,1995,土木、水利与建筑工程学部,武汉大学,https://www.cae.cn/cae/html/main/colys/25821921.html,,,,,,待单人精确检索,,,,Jinsheng Ning | 武汉大学 | 土木、水利与建筑工程学部 | English journal DOI
ACAD00547,宁滨,Bin Ning,CAE,2017,信息与电子工程学部,北京交通大学,https://www.cae.cn/cae/html/main/colys/59177474.html,,,,,,待单人精确检索,,,,Bin Ning | 北京交通大学 | 信息与电子工程学部 | English journal DOI
ACAD00549,安继刚,Jigang An,CAE,2005,能源与矿业工程学部,清华大学,https://www.cae.cn/cae/html/main/colys/37555510.html,,,,,,待单人精确检索,,,,Jigang An | 清华大学 | 能源与矿业工程学部 | English journal DOI
ACAD00551,安静娴,Jingxian An,CAE,1997,医药卫生学部,东北制药总厂,https://www.cae.cn/cae/html/main/colys/40844290.html,,,,,,待单人精确检索,,,,Jingxian An | 东北制药总厂 | 医药卫生学部 | English journal DOI
ACAD00555,宋君强,Junqiang Song,CAE,2013,环境与轻纺工程学部,国防科学技术大学,https://www.cae.cn/cae/html/main/colys/42010744.html,,,,,,待单人精确检索,,,,Junqiang Song | 国防科学技术大学 | 环境与轻纺工程学部 | English journal DOI
ACAD00557,宋宝安,Baoan Song,CAE,2015,农业学部,贵州大学,https://www.cae.cn/cae/html/main/colys/81287199.html,,,,,,待单人精确检索,,,,Baoan Song | 贵州大学 | 农业学部 | English journal DOI
ACAD00562,宋文骢,Wencong Song,CAE,2003,机械与运载工程学部,成都飞机设计研究所,https://www.cae.cn/cae/html/main/colys/12521994.html,,,,,,待单人精确检索,,,,Wencong Song | 成都飞机设计研究所 | 机械与运载工程学部 | English journal DOI
ACAD00563,宋湛谦,Zhanqian Song,CAE,1999,农业学部,中国林科院林产化学工业研究所,https://www.cae.cn/cae/html/main/colys/28851974.html,,,,,,待单人精确检索,,,,Zhanqian Song | 中国林科院林产化学工业研究所 | 农业学部 | English journal DOI
ACAD00567,官春云,Chunyun Guan,CAE,2001,农业学部,湖南农业大学,https://www.cae.cn/cae/html/main/colys/71412959.html,,,,,,待单人精确检索,,,,Chunyun Guan | 湖南农业大学 | 农业学部 | English journal DOI
ACAD00569,宫先仪,Xianyi Gong,CAE,2001,信息与电子工程学部,中国船舶重工集团公司第七研究院第715所,https://www.cae.cn/cae/html/main/colys/37509876.html,,,,,,待单人精确检索,,,,Xianyi Gong | 中国船舶重工集团公司第七研究院第715所 | 信息与电子工程学部 | English journal DOI
ACAD00570,宫声凯,Shengkai Gong,CAE,2019,化工、冶金与材料工程学部,北京航空航天大学,https://www.cae.cn/cae/html/main/colys/22098928.html,,,,,,待单人精确检索,,,,Shengkai Gong | 北京航空航天大学 | 化工、冶金与材料工程学部 | English journal DOI
ACAD00571,容柏生,Baisheng Rong,CAE,1995,土木、水利与建筑工程学部,广东省建筑设计研究院,https://www.cae.cn/cae/html/main/colys/71148624.html,,,,,,待单人精确检索,,,,Baisheng Rong | 广东省建筑设计研究院 | 土木、水利与建筑工程学部 | English journal DOI
ACAD00573,封锡盛,Xisheng Feng,CAE,1999,信息与电子工程学部,中国科学院沈阳自动化所,https://www.cae.cn/cae/html/main/colys/65531189.html,,,,,,待单人精确检索,,,,Xisheng Feng | 中国科学院沈阳自动化所 | 信息与电子工程学部 | English journal DOI
ACAD00575,尚红,Hong Shang,CAE,2019,医药卫生学部,中国医科大学,https://www.cae.cn/cae/html/main/colys/42848584.html,,,,,,待单人精确检索,,,,Hong Shang | 中国医科大学 | 医药卫生学部 | English journal DOI
ACAD00576,尤政,Zheng You,CAE,2013,机械与运载工程学部,清华大学,https://www.cae.cn/cae/html/main/colys/42818308.html,,,,,,待单人精确检索,,,,Zheng You | 清华大学 | 机械与运载工程学部 | English journal DOI
ACAD00578,尹伟伦,Weilun Yin,CAE,2005,农业学部,北京林业大学,https://www.cae.cn/cae/html/main/colys/75986211.html,,,,,,待单人精确检索,,,,Weilun Yin | 北京林业大学 | 农业学部 | English journal DOI
ACAD00580,尹泽勇,Zeyong Yin,CAE,2005,机械与运载工程学部,中国航空工业第二集团公司六○八所,https://www.cae.cn/cae/html/main/colys/65593984.html,,,,,,待单人精确检索,,,,Zeyong Yin | 中国航空工业第二集团公司六○八所 | 机械与运载工程学部 | English journal DOI
ACAD00582,尹飞虎,Feihu Yin,CAE,2021,农业学部,新疆农垦科学院,https://www.cae.cn/cae/html/main/colys/50971059.html,,,,,,待单人精确检索,,,,Feihu Yin | 新疆农垦科学院 | 农业学部 | English journal DOI
ACAD00585,屠善澄,Shancheng Tu,CAE,1994,机械与运载工程学部,中国航天工业总公司第五研究院,https://www.cae.cn/cae/html/main/colys/34623599.html,,,,,,待单人精确检索,,,,Shancheng Tu | 中国航天工业总公司第五研究院 | 机械与运载工程学部 | English journal DOI
ACAD00588,屠海令,Hailing Tu,CAE,2007,化工、冶金与材料工程学部，工程管理学部,北京有色金属研究总院,https://www.cae.cn/cae/html/main/colys/12417419.html,,,,,,待单人精确检索,,,,Hailing Tu | 北京有色金属研究总院 | 化工、冶金与材料工程学部，工程管理学部 | English journal DOI
ACAD00589,山仑,Lun Shan,CAE,1995,农业学部,中国科学院西北水土保持研究所,https://www.cae.cn/cae/html/main/colys/81391998.html,,,,,,待单人精确检索,,,,Lun Shan | 中国科学院西北水土保持研究所 | 农业学部 | English journal DOI
ACAD00590,岑可法,Kefa Cen,CAE,1995,能源与矿业工程学部,浙江大学,https://www.cae.cn/cae/html/main/colys/00278713.html,,,,,,待单人精确检索,,,,Kefa Cen | 浙江大学 | 能源与矿业工程学部 | English journal DOI
ACAD00591,岳光溪,Guangxi Yue,CAE,2009,能源与矿业工程学部,清华大学热能工程系,https://www.cae.cn/cae/html/main/colys/56833291.html,,,,,,待单人精确检索,,,,Guangxi Yue | 清华大学热能工程系 | 能源与矿业工程学部 | English journal DOI
ACAD00593,岳清瑞,Qingrui Yue,CAE,2017,土木、水利与建筑工程学部,中冶建筑研究总院有限公司,https://www.cae.cn/cae/html/main/colys/28976019.html,,,,,,待单人精确检索,,,,Qingrui Yue | 中冶建筑研究总院有限公司 | 土木、水利与建筑工程学部 | English journal DOI
ACAD00594,崔俊芝,Junzhi Cui,CAE,1995,土木、水利与建筑工程学部,中国科学院计算中心,https://www.cae.cn/cae/html/main/colys/84423616.html,,,,,,待单人精确检索,,,,Junzhi Cui | 中国科学院计算中心 | 土木、水利与建筑工程学部 | English journal DOI
ACAD00596,崔国良,Guoliang Cui,CAE,1999,机械与运载工程学部,航天工业总公司科技委,https://www.cae.cn/cae/html/main/colys/87522195.html,,,,,,待单人精确检索,,,,Guoliang Cui | 航天工业总公司科技委 | 机械与运载工程学部 | English journal DOI
ACAD00598,崔崑,Kun Cui,CAE,1997,化工、冶金与材料工程学部,华中科技大学,https://www.cae.cn/cae/html/main/colys/21772638.html,,,,,,待单人精确检索,,,,Kun Cui | 华中科技大学 | 化工、冶金与材料工程学部 | English journal DOI
ACAD00599,崔愷,Kai Cui,CAE,2011,土木、水利与建筑工程学部,中国建筑设计研究院,https://www.cae.cn/cae/html/main/colys/53725467.html,,,,,,待单人精确检索,,,,Kai Cui | 中国建筑设计研究院 | 土木、水利与建筑工程学部 | English journal DOI
ACAD00603,左铁镛,Tieyong Zuo,CAE,1995,化工、冶金与材料工程学部,国家教育委员会,https://www.cae.cn/cae/html/main/colys/00526207.html,,,,,,待单人精确检索,,,,Tieyong Zuo | 国家教育委员会 | 化工、冶金与材料工程学部 | English journal DOI
ACAD00604,巴德年,Denian Ba,CAE,1995,医药卫生学部，工程管理学部,北京协和医学院,https://www.cae.cn/cae/html/main/colys/81516233.html,,,,,,待单人精确检索,,,,Denian Ba | 北京协和医学院 | 医药卫生学部，工程管理学部 | English journal DOI
ACAD00605,师昌绪,Changxu Shi,CAE,1994,化工、冶金与材料工程学部,国家自然科学基金委员会,https://www.cae.cn/cae/html/main/colys/06337518.html,,,,,,待单人精确检索,,,,Changxu Shi | 国家自然科学基金委员会 | 化工、冶金与材料工程学部 | English journal DOI
ACAD00616,干勇,Yong Gan,CAE,2001,化工、冶金与材料工程学部,钢铁研究总院,https://www.cae.cn/cae/html/main/colys/68906253.html,,,,,,待单人精确检索,,,,Yong Gan | 钢铁研究总院 | 化工、冶金与材料工程学部 | English journal DOI
ACAD00618,庄惟敏,Weimin Zhuang,CAE,2019,土木、水利与建筑工程学部,清华大学,https://www.cae.cn/cae/html/main/colys/41835914.html,,,,,,待单人精确检索,,,,Weimin Zhuang | 清华大学 | 土木、水利与建筑工程学部 | English journal DOI
ACAD00620,庄松林,Songlin Zhuang,CAE,1995,信息与电子工程学部,上海光学仪器研究所,https://www.cae.cn/cae/html/main/colys/53677236.html,,,,,,待单人精确检索,,,,Songlin Zhuang | 上海光学仪器研究所 | 信息与电子工程学部 | English journal DOI
ACAD00621,庄辉,Hui Zhuang,CAE,2001,医药卫生学部,北京大学,https://www.cae.cn/cae/html/main/colys/53717616.html,,,,,,待单人精确检索,,,,Hui Zhuang | 北京大学 | 医药卫生学部 | English journal DOI
ACAD00624,应汉杰,Hanjie Ying,CAE,2021,化工、冶金与材料工程学部,南京工业大学,https://www.cae.cn/cae/html/main/colys/14146226.html,,,,,,待单人精确检索,,,,Hanjie Ying | 南京工业大学 | 化工、冶金与材料工程学部 | English journal DOI
ACAD00626,庞国芳,Guofang Pang,CAE,2007,环境与轻纺工程学部,河北（秦皇岛）出入境检验检疫局,https://www.cae.cn/cae/html/main/colys/28624346.html,,,,,,待单人精确检索,,,,Guofang Pang | 河北（秦皇岛）出入境检验检疫局 | 环境与轻纺工程学部 | English journal DOI
ACAD00629,康振生,Zhensheng Kang,CAE,2017,农业学部,西北农林科技大学,https://www.cae.cn/cae/html/main/colys/00189223.html,,,,,,待单人精确检索,,,,Zhensheng Kang | 西北农林科技大学 | 农业学部 | English journal DOI
ACAD00630,康玉柱,Yuzhu Kang,CAE,2005,能源与矿业工程学部,中国石油化工股份有限公司西部新区勘探指挥部,https://www.cae.cn/cae/html/main/colys/43195393.html,,,,,,待单人精确检索,,,,Yuzhu Kang | 中国石油化工股份有限公司西部新区勘探指挥部 | 能源与矿业工程学部 | English journal DOI
ACAD00632,康红普,Hongpu Kang,CAE,2015,能源与矿业工程学部,中国煤炭科工集团有限公司,https://www.cae.cn/cae/html/main/colys/73394644.html,,,,,,待单人精确检索,,,,Hongpu Kang | 中国煤炭科工集团有限公司 | 能源与矿业工程学部 | English journal DOI
ACAD00633,康绍忠,Shaozhong Kang,CAE,2011,农业学部,中国农业大学,https://www.cae.cn/cae/html/main/colys/12387042.html,,,,,,待单人精确检索,,,,Shaozhong Kang | 中国农业大学 | 农业学部 | English journal DOI
ACAD00634,廖万清,Wanqing Liao,CAE,2009,医药卫生学部,第二军医大学长征医院,https://www.cae.cn/cae/html/main/colys/00723373.html,,,,,,待单人精确检索,,,,Wanqing Liao | 第二军医大学长征医院 | 医药卫生学部 | English journal DOI
ACAD00636,廖振鹏,Zhenpeng Liao,CAE,1997,土木、水利与建筑工程学部,中国地震局工程力学研究所,https://www.cae.cn/cae/html/main/colys/00143723.html,,,,,,待单人精确检索,,,,Zhenpeng Liao | 中国地震局工程力学研究所 | 土木、水利与建筑工程学部 | English journal DOI
ACAD00637,廖湘科,Xiangke Liao,CAE,2015,信息与电子工程学部,解放军国防科学技术大学,https://www.cae.cn/cae/html/main/colys/68400379.html,,,,,,待单人精确检索,,,,Xiangke Liao | 解放军国防科学技术大学 | 信息与电子工程学部 | English journal DOI
ACAD00639,张乃通,Naitong Zhang,CAE,2001,信息与电子工程学部,哈尔滨工业大学,https://www.cae.cn/cae/html/main/colys/21222990.html,,,,,,待单人精确检索,,,,Naitong Zhang | 哈尔滨工业大学 | 信息与电子工程学部 | English journal DOI
ACAD00645,张伯礼,Boli Zhang,CAE,2005,医药卫生学部,天津中医学院,https://www.cae.cn/cae/html/main/colys/62199266.html,,,,,,待单人精确检索,,,,Boli Zhang | 天津中医学院 | 医药卫生学部 | English journal DOI
ACAD00647,张佳宝,Jiabao Zhang,CAE,2019,农业学部,中国科学院南京土壤研究所,https://www.cae.cn/cae/html/main/colys/03396573.html,,,,,,待单人精确检索,,,,Jiabao Zhang | 中国科学院南京土壤研究所 | 农业学部 | English journal DOI
ACAD00649,张信威,Xinwei Zhang,CAE,2005,能源与矿业工程学部,北京应用物理与计算数学研究所,https://www.cae.cn/cae/html/main/colys/31929697.html,,,,,,待单人精确检索,,,,Xinwei Zhang | 北京应用物理与计算数学研究所 | 能源与矿业工程学部 | English journal DOI
ACAD00650,张偲,Cai Zhang,CAE,2013,环境与轻纺工程学部,中国科学院南海海洋研究所,https://www.cae.cn/cae/html/main/colys/42110956.html,,,,,,待单人精确检索,,,,Cai Zhang | 中国科学院南海海洋研究所 | 环境与轻纺工程学部 | English journal DOI
ACAD00651,张光义,Guangyi Zhang,CAE,1997,信息与电子工程学部,中国电子科技集团公司第十四研究所,https://www.cae.cn/cae/html/main/colys/93546417.html,,,,,,待单人精确检索,,,,Guangyi Zhang | 中国电子科技集团公司第十四研究所 | 信息与电子工程学部 | English journal DOI
ACAD00652,张光斗,Guangdou Zhang,CAE,1994,能源与矿业工程学部,清华大学,https://www.cae.cn/cae/html/main/colys/15770144.html,,,,,,待单人精确检索,,,,Guangdou Zhang | 清华大学 | 能源与矿业工程学部 | English journal DOI
ACAD00654,张全兴,Quanxing Zhang,CAE,2007,环境与轻纺工程学部,南京大学,https://www.cae.cn/cae/html/main/colys/31831833.html,,,,,,待单人精确检索,,,,Quanxing Zhang | 南京大学 | 环境与轻纺工程学部 | English journal DOI
ACAD00655,张兴栋,Xingdong Zhang,CAE,2007,化工、冶金与材料工程学部,四川大学,https://www.cae.cn/cae/html/main/colys/03465787.html,,,,,,待单人精确检索,,,,Xingdong Zhang | 四川大学 | 化工、冶金与材料工程学部 | English journal DOI
ACAD00657,张军,Jun Zhang,CAE,2013,机械与运载工程学部,北京航空航天大学,https://www.cae.cn/cae/html/main/colys/42768612.html,,,,,,待单人精确检索,,,,Jun Zhang | 北京航空航天大学 | 机械与运载工程学部 | English journal DOI
ACAD00658,张勇传,Yongchuan Zhang,CAE,1997,能源与矿业工程学部,华中科技大学,https://www.cae.cn/cae/html/main/colys/09537025.html,,,,,,待单人精确检索,,,,Yongchuan Zhang | 华中科技大学 | 能源与矿业工程学部 | English journal DOI
ACAD00663,张喜刚,Xigang Zhang,CAE,2019,土木、水利与建筑工程学部,中国交通建设股份有限公司,https://www.cae.cn/cae/html/main/colys/68111986.html,,,,,,待单人精确检索,,,,Xigang Zhang | 中国交通建设股份有限公司 | 土木、水利与建筑工程学部 | English journal DOI
ACAD00666,张国成,Guocheng Zhang,CAE,1995,化工、冶金与材料工程学部,中国有色金属工业总公司北京有色金属研究总院,https://www.cae.cn/cae/html/main/colys/93377711.html,,,,,,待单人精确检索,,,,Guocheng Zhang | 中国有色金属工业总公司北京有色金属研究总院 | 化工、冶金与材料工程学部 | English journal DOI
ACAD00669,张子仪,Ziyi Zhang,CAE,1997,农业学部,中国农业科学院北京畜牧兽医研究所,https://www.cae.cn/cae/html/main/colys/37964203.html,,,,,,待单人精确检索,,,,Ziyi Zhang | 中国农业科学院北京畜牧兽医研究所 | 农业学部 | English journal DOI
ACAD00670,张学,Xue Zhang,CAE,2019,医药卫生学部,哈尔滨医科大学,https://www.cae.cn/cae/html/main/colys/28931184.html,,,,,,待单人精确检索,,,,Xue Zhang | 哈尔滨医科大学 | 医药卫生学部 | English journal DOI
ACAD00673,张守攻,Shougong Zhang,CAE,2017,农业学部，工程管理学部,中国林业科学研究院,https://www.cae.cn/cae/html/main/colys/64072765.html,,,,,,待单人精确检索,,,,Shougong Zhang | 中国林业科学研究院 | 农业学部，工程管理学部 | English journal DOI
ACAD00676,张宏科,Hongke Zhang,CAE,2021,信息与电子工程学部,北京交通大学,https://www.cae.cn/cae/html/main/colys/43838124.html,,,,,,待单人精确检索,,,,Hongke Zhang | 北京交通大学 | 信息与电子工程学部 | English journal DOI
ACAD00677,张宗亮,Zongliang Zhang,CAE,2021,土木、水利与建筑工程学部,中国电建集团昆明勘测设计研究院有限公司,https://www.cae.cn/cae/html/main/colys/40056353.html,,,,,,待单人精确检索,,,,Zongliang Zhang | 中国电建集团昆明勘测设计研究院有限公司 | 土木、水利与建筑工程学部 | English journal DOI
ACAD00679,张宗祜,Zonghu Zhang,CAE,1994,能源与矿业工程学部,地质矿产部水文地质工程地质研究所,https://www.cae.cn/cae/html/main/colys/12415711.html,,,,,,待单人精确检索,,,,Zonghu Zhang | 地质矿产部水文地质工程地质研究所 | 能源与矿业工程学部 | English journal DOI
ACAD00680,张宝东,Baodong Zhang,CAE,2021,信息与电子工程学部,中国人民解放军32057部队,https://www.cae.cn/cae/html/main/colys/57206101.html,,,,,,待单人精确检索,,,,Baodong Zhang | 中国人民解放军32057部队 | 信息与电子工程学部 | English journal DOI
ACAD00682,张寿荣,Shourong Zhang,CAE,1995,化工、冶金与材料工程学部，工程管理学部,武汉钢铁集团公司,https://www.cae.cn/cae/html/main/colys/53691156.html,,,,,,待单人精确检索,,,,Shourong Zhang | 武汉钢铁集团公司 | 化工、冶金与材料工程学部，工程管理学部 | English journal DOI
ACAD00683,张小曳,Xiaoye Zhang,CAE,2019,环境与轻纺工程学部,中国气象科学研究院,https://www.cae.cn/cae/html/main/colys/06007075.html,,,,,,待单人精确检索,,,,Xiaoye Zhang | 中国气象科学研究院 | 环境与轻纺工程学部 | English journal DOI
ACAD00684,张尧学,Yaoxue Zhang,CAE,2007,信息与电子工程学部,教育部,https://www.cae.cn/cae/html/main/col285/2012-02/28/20120228202351054474910_1.html,,,,,,待单人精确检索,,,,Yaoxue Zhang | 教育部 | 信息与电子工程学部 | English journal DOI
ACAD00685,张履谦,Luqian Zhang,CAE,1995,信息与电子工程学部,中国航天工业总公司科学技术委员会,https://www.cae.cn/cae/html/main/colys/12518369.html,,,,,,待单人精确检索,,,,Luqian Zhang | 中国航天工业总公司科学技术委员会 | 信息与电子工程学部 | English journal DOI
ACAD00687,张平,Ping Zhang,CAE,2019,信息与电子工程学部,北京邮电大学,https://www.cae.cn/cae/html/main/colys/47166146.html,,,,,,待单人精确检索,,,,Ping Zhang | 北京邮电大学 | 信息与电子工程学部 | English journal DOI
ACAD00690,张平祥,Pingxiang Zhang,CAE,2019,化工、冶金与材料工程学部,西北有色金属研究院,https://www.cae.cn/cae/html/main/colys/65193638.html,,,,,,待单人精确检索,,,,Pingxiang Zhang | 西北有色金属研究院 | 化工、冶金与材料工程学部 | English journal DOI
ACAD00691,张广军,Guangjun Zhang,CAE,2013,信息与电子工程学部,北京航空航天大学,https://www.cae.cn/cae/html/main/colys/42742182.html,,,,,,待单人精确检索,,,,Guangjun Zhang | 北京航空航天大学 | 信息与电子工程学部 | English journal DOI
ACAD00693,张建云,Jianyun Zhang,CAE,2009,土木、水利与建筑工程学部,南京水利科学研究院,https://www.cae.cn/cae/html/main/colys/09519641.html,,,,,,待单人精确检索,,,,Jianyun Zhang | 南京水利科学研究院 | 土木、水利与建筑工程学部 | English journal DOI
ACAD00694,张建民,Jianmin Zhang,CAE,2017,土木、水利与建筑工程学部,清华大学,https://www.cae.cn/cae/html/main/colys/58936803.html,,,,,,待单人精确检索,,,,Jianmin Zhang | 清华大学 | 土木、水利与建筑工程学部 | English journal DOI
ACAD00697,张彦仲,Yanzhong Zhang,CAE,2001,机械与运载工程学部,中国航空工业第二集团公司,https://www.cae.cn/cae/html/main/colys/65815826.html,,,,,,待单人精确检索,,,,Yanzhong Zhang | 中国航空工业第二集团公司 | 机械与运载工程学部 | English journal DOI
ACAD00699,张心湜,Xinshi Zhang,CAE,2001,医药卫生学部,台湾阳明大学,https://www.cae.cn/cae/html/main/colys/96134313.html,,,,,,待单人精确检索,,,,Xinshi Zhang | 台湾阳明大学 | 医药卫生学部 | English journal DOI
ACAD00700,张志愿,Zhiyuan Zhang,CAE,2015,医药卫生学部,上海交通大学医学院附属第九人民医院,https://www.cae.cn/cae/html/main/colys/47860801.html,,,,,,待单人精确检索,,,,Zhiyuan Zhang | 上海交通大学医学院附属第九人民医院 | 医药卫生学部 | English journal DOI
ACAD00702,张懿,Yi Zhang,CAE,1999,环境与轻纺工程学部,中国科学院化工冶金研究所,https://www.cae.cn/cae/html/main/colys/40705769.html,,,,,,待单人精确检索,,,,Yi Zhang | 中国科学院化工冶金研究所 | 环境与轻纺工程学部 | English journal DOI
ACAD00703,张改平,Gaiping Zhang,CAE,2009,农业学部,河南省农业科学院,https://www.cae.cn/cae/html/main/colys/28917740.html,,,,,,待单人精确检索,,,,Gaiping Zhang | 河南省农业科学院 | 农业学部 | English journal DOI
ACAD00705,张文海,Wenhai Zhang,CAE,2003,化工、冶金与材料工程学部,南昌有色冶金设计研究院,https://www.cae.cn/cae/html/main/colys/96693493.html,,,,,,待单人精确检索,,,,Wenhai Zhang | 南昌有色冶金设计研究院 | 化工、冶金与材料工程学部 | English journal DOI
ACAD00706,张新友,Xinyou Zhang,CAE,2015,农业学部,河南省农业科学院,https://www.cae.cn/cae/html/main/colys/52360659.html,,,,,,待单人精确检索,,,,Xinyou Zhang | 河南省农业科学院 | 农业学部 | English journal DOI
ACAD00711,张明高,Minggao Zhang,CAE,1999,信息与电子工程学部,信息产业部第二十二研究所,https://www.cae.cn/cae/html/main/colys/18291711.html,,,,,,待单人精确检索,,,,Minggao Zhang | 信息产业部第二十二研究所 | 信息与电子工程学部 | English journal DOI
ACAD00715,张来斌,Laibin Zhang,CAE,2021,能源与矿业工程学部,中国石油大学（北京）,https://www.cae.cn/cae/html/main/colys/84683593.html,,,,,,待单人精确检索,,,,Laibin Zhang | 中国石油大学（北京） | 能源与矿业工程学部 | English journal DOI
ACAD00716,张杰,Jie Zhang,CAE,1997,土木、水利与建筑工程学部,中国科学院物理研究所,https://www.cae.cn/cae/html/main/colys/37307723.html,,,,,,待单人精确检索,,,,Jie Zhang | 中国科学院物理研究所 | 土木、水利与建筑工程学部 | English journal DOI
ACAD00726,张洪程,Hongcheng Zhang,CAE,2015,农业学部,扬州大学,https://www.cae.cn/cae/html/main/colys/15974584.html,,,,,,待单人精确检索,,,,Hongcheng Zhang | 扬州大学 | 农业学部 | English journal DOI
ACAD00727,张涌,Yong Zhang,CAE,2019,农业学部,西北农林科技大学,https://www.cae.cn/cae/html/main/colys/99977237.html,,,,,,待单人精确检索,,,,Yong Zhang | 西北农林科技大学 | 农业学部 | English journal DOI
ACAD00729,张涤生,Disheng Zhang,CAE,1996,医药卫生学部,上海交通大学,https://www.cae.cn/cae/html/main/colys/78431954.html,,,,,,待单人精确检索,,,,Disheng Zhang | 上海交通大学 | 医药卫生学部 | English journal DOI
ACAD00734,张炳炎,Bingyan Zhang,CAE,1995,机械与运载工程学部,中国船舶工业总公司上海船舶及海洋工程研究所,https://www.cae.cn/cae/html/main/colys/78551489.html,,,,,,待单人精确检索,,,,Bingyan Zhang | 中国船舶工业总公司上海船舶及海洋工程研究所 | 机械与运载工程学部 | English journal DOI
ACAD00737,张玉卓,Yuzhuo Zhang,CAE,2011,能源与矿业工程学部,神华集团有限责任公司,https://www.cae.cn/cae/html/main/colys/90239690.html,,,,,,待单人精确检索,,,,Yuzhuo Zhang | 神华集团有限责任公司 | 能源与矿业工程学部 | English journal DOI
ACAD00739,张生勇,Shengyong Zhang,CAE,2009,化工、冶金与材料工程学部,第四军医大学手性技术研究中心,https://www.cae.cn/cae/html/main/colys/96859354.html,,,,,,待单人精确检索,,,,Shengyong Zhang | 第四军医大学手性技术研究中心 | 化工、冶金与材料工程学部 | English journal DOI
ACAD00742,张祖勋,Zuxun Zhang,CAE,2003,土木、水利与建筑工程学部,武汉大学,https://www.cae.cn/cae/html/main/colys/46612028.html,,,,,,待单人精确检索,,,,Zuxun Zhang | 武汉大学 | 土木、水利与建筑工程学部 | English journal DOI
ACAD00744,张福泽,Fuze Zhang,CAE,1995,机械与运载工程学部,中国人民解放军空军某研究所,https://www.cae.cn/cae/html/main/colys/84590591.html,,,,,,待单人精确检索,,,,Fuze Zhang | 中国人民解放军空军某研究所 | 机械与运载工程学部 | English journal DOI
ACAD00745,张福绥,Fusui Zhang,CAE,1999,农业学部,中国科学院海洋研究所,https://www.cae.cn/cae/html/main/colys/43134764.html,,,,,,待单人精确检索,,,,Fusui Zhang | 中国科学院海洋研究所 | 农业学部 | English journal DOI
ACAD00746,张福锁,Fusuo Zhang,CAE,2017,农业学部,中国农业大学,https://www.cae.cn/cae/html/main/colys/86091842.html,,,,,,待单人精确检索,,,,Fusuo Zhang | 中国农业大学 | 农业学部 | English journal DOI
ACAD00747,张立同,Litong Zhang,CAE,1995,机械与运载工程学部,西北工业大学,https://www.cae.cn/cae/html/main/colys/31896583.html,,,,,,待单人精确检索,,,,Litong Zhang | 西北工业大学 | 机械与运载工程学部 | English journal DOI
ACAD00748,张立群,Liqun Zhang,CAE,2021,化工、冶金与材料工程学部,北京化工大学,https://www.cae.cn/cae/html/main/colys/10401189.html,,,,,,待单人精确检索,,,,Liqun Zhang | 北京化工大学 | 化工、冶金与材料工程学部 | English journal DOI
ACAD00755,张耀明,Yaoming Zhang,CAE,2001,化工、冶金与材料工程学部,南京玻璃纤维研究设计院,https://www.cae.cn/cae/html/main/colys/50611791.html,,,,,,待单人精确检索,,,,Yaoming Zhang | 南京玻璃纤维研究设计院 | 化工、冶金与材料工程学部 | English journal DOI
ACAD00756,张联盟,Lianmeng Zhang,CAE,2017,化工、冶金与材料工程学部,武汉理工大学,https://www.cae.cn/cae/html/main/colys/31824988.html,,,,,,待单人精确检索,,,,Lianmeng Zhang | 武汉理工大学 | 化工、冶金与材料工程学部 | English journal DOI
ACAD00758,张英泽,Yingze Zhang,CAE,2017,医药卫生学部,河北医科大学第三医院,https://www.cae.cn/cae/html/main/colys/51948536.html,,,,,,待单人精确检索,,,,Yingze Zhang | 河北医科大学第三医院 | 医药卫生学部 | English journal DOI
ACAD00762,张蔚榛,Weizhen Zhang,CAE,1997,土木、水利与建筑工程学部,武汉大学,https://www.cae.cn/cae/html/main/colys/59507504.html,,,,,,待单人精确检索,,,,Weizhen Zhang | 武汉大学 | 土木、水利与建筑工程学部 | English journal DOI
ACAD00764,张贵田,Guitian Zhang,CAE,1995,机械与运载工程学部,中国航天工业总公司0六七基地,https://www.cae.cn/cae/html/main/colys/34984890.html,,,,,,待单人精确检索,,,,Guitian Zhang | 中国航天工业总公司0六七基地 | 机械与运载工程学部 | English journal DOI
ACAD00765,张超然,Chaoran Zhang,CAE,2003,土木、水利与建筑工程学部,长江三峡工程开发总公司,https://www.cae.cn/cae/html/main/colys/43255357.html,,,,,,待单人精确检索,,,,Chaoran Zhang | 长江三峡工程开发总公司 | 土木、水利与建筑工程学部 | English journal DOI
ACAD00767,张运,Yun Zhang,CAE,2001,医药卫生学部,山东大学齐鲁医院,https://www.cae.cn/cae/html/main/colys/56558963.html,,,,,,待单人精确检索,,,,Yun Zhang | 山东大学齐鲁医院 | 医药卫生学部 | English journal DOI
ACAD00768,张远航,Yuanhang Zhang,CAE,2015,环境与轻纺工程学部,北京大学,https://www.cae.cn/cae/html/main/colys/19517379.html,,,,,,待单人精确检索,,,,Yuanhang Zhang | 北京大学 | 环境与轻纺工程学部 | English journal DOI
ACAD00769,张金哲,Jinzhe Zhang,CAE,1997,医药卫生学部,首都医科大学,https://www.cae.cn/cae/html/main/colys/37163573.html,,,,,,待单人精确检索,,,,Jinzhe Zhang | 首都医科大学 | 医药卫生学部 | English journal DOI
ACAD00770,张金麟,Jinlin Zhang,CAE,2007,机械与运载工程学部,中国船舶重工集团第七一九研究所,https://www.cae.cn/cae/html/main/colys/37816402.html,,,,,,待单人精确检索,,,,Jinlin Zhang | 中国船舶重工集团第七一九研究所 | 机械与运载工程学部 | English journal DOI
ACAD00771,张钟华,Zhonghua Zhang,CAE,1995,信息与电子工程学部,中国计量科学研究院,https://www.cae.cn/cae/html/main/colys/15625575.html,,,,,,待单人精确检索,,,,Zhonghua Zhang | 中国计量科学研究院 | 信息与电子工程学部 | English journal DOI
ACAD00773,张铁岗,Tiegang Zhang,CAE,2003,能源与矿业工程学部,河南省平顶山煤业（集团）有限责任公司,https://www.cae.cn/cae/html/main/colys/21117210.html,,,,,,待单人精确检索,,,,Tiegang Zhang | 河南省平顶山煤业（集团）有限责任公司 | 能源与矿业工程学部 | English journal DOI
ACAD00775,张锡祥,Xixiang Zhang,CAE,1999,信息与电子工程学部,信息产业部第二十九所,https://www.cae.cn/cae/html/main/colys/71684008.html,,,,,,待单人精确检索,,,,Xixiang Zhang | 信息产业部第二十九所 | 信息与电子工程学部 | English journal DOI
ACAD00777,张锦秋,Jinqiu Zhang,CAE,1994,土木、水利与建筑工程学部,中国建筑西北设计院,https://www.cae.cn/cae/html/main/colys/40976418.html,,,,,,待单人精确检索,,,,Jinqiu Zhang | 中国建筑西北设计院 | 土木、水利与建筑工程学部 | English journal DOI
ACAD00779,张齐生,Qisheng Zhang,CAE,1997,农业学部,南京林业大学,https://www.cae.cn/cae/html/main/colys/34218196.html,,,,,,待单人精确检索,,,,Qisheng Zhang | 南京林业大学 | 农业学部 | English journal DOI
ACAD00782,彭先觉,Xianjue Peng,CAE,1999,能源与矿业工程学部,中国工程物理研究院,https://www.cae.cn/cae/html/main/colys/15302381.html,,,,,,待单人精确检索,,,,Xianjue Peng | 中国工程物理研究院 | 能源与矿业工程学部 | English journal DOI
ACAD00783,彭司勋,Sixun Peng,CAE,1996,医药卫生学部,中国药科大学,https://www.cae.cn/cae/html/main/colys/31964999.html,,,,,,待单人精确检索,,,,Sixun Peng | 中国药科大学 | 医药卫生学部 | English journal DOI
ACAD00785,彭士禄,Shilu Peng,CAE,1994,能源与矿业工程学部,中国核工业总公司,https://www.cae.cn/cae/html/main/colys/43624612.html,,,,,,待单人精确检索,,,,Shilu Peng | 中国核工业总公司 | 能源与矿业工程学部 | English journal DOI
ACAD00788,彭寿,Shou Peng,CAE,2019,化工、冶金与材料工程学部,中建材蚌埠玻璃工业设计研究院有限公司,https://www.cae.cn/cae/html/main/colys/56467370.html,,,,,,待单人精确检索,,,,Shou Peng | 中建材蚌埠玻璃工业设计研究院有限公司 | 化工、冶金与材料工程学部 | English journal DOI
ACAD00792,彭永臻,Yongzhen Peng,CAE,2015,土木、水利与建筑工程学部,北京工业大学,https://www.cae.cn/cae/html/main/colys/23923356.html,,,,,,待单人精确检索,,,,Yongzhen Peng | 北京工业大学 | 土木、水利与建筑工程学部 | English journal DOI
ACAD00794,彭苏萍,Suping Peng,CAE,2007,能源与矿业工程学部,中国矿业大学,https://www.cae.cn/cae/html/main/colys/18133936.html,,,,,,待单人精确检索,,,,Suping Peng | 中国矿业大学 | 能源与矿业工程学部 | English journal DOI
ACAD00795,彭金辉,Jinhui Peng,CAE,2017,化工、冶金与材料工程学部,昆明理工大学,https://www.cae.cn/cae/html/main/colys/16797181.html,,,,,,待单人精确检索,,,,Jinhui Peng | 昆明理工大学 | 化工、冶金与材料工程学部 | English journal DOI
ACAD00801,徐元森,Yuansen Xu,CAE,1995,信息与电子工程学部,中国科学院上海冶金研究所,https://www.cae.cn/cae/html/main/colys/21392317.html,,,,,,待单人精确检索,,,,Yuansen Xu | 中国科学院上海冶金研究所 | 信息与电子工程学部 | English journal DOI
ACAD00802,徐兵河,Binghe Xu,CAE,2021,医药卫生学部,中国医学科学院肿瘤医院,https://www.cae.cn/cae/html/main/colys/40730209.html,,,,,,待单人精确检索,,,,Binghe Xu | 中国医学科学院肿瘤医院 | 医药卫生学部 | English journal DOI
ACAD00804,徐匡迪,Kuangdi Xu,CAE,1995,化工、冶金与材料工程学部，工程管理学部,上海市政府、上海大学,https://www.cae.cn/cae/html/main/colys/87810339.html,,,,,,待单人精确检索,,,,Kuangdi Xu | 上海市政府、上海大学 | 化工、冶金与材料工程学部，工程管理学部 | English journal DOI
ACAD00805,徐南平,Nanping Xu,CAE,2005,化工、冶金与材料工程学部,南京工业大学,https://www.cae.cn/cae/html/main/colys/25155309.html,,,,,,待单人精确检索,,,,Nanping Xu | 南京工业大学 | 化工、冶金与材料工程学部 | English journal DOI
ACAD00806,徐卫林,Weilin Xu,CAE,2021,环境与轻纺工程学部,武汉纺织大学,https://www.cae.cn/cae/html/main/colys/98844689.html,,,,,,待单人精确检索,,,,Weilin Xu | 武汉纺织大学 | 环境与轻纺工程学部 | English journal DOI
ACAD00809,徐大懋,Damao Xu,CAE,1997,能源与矿业工程学部,中国广东核电集团公司技术中心,https://www.cae.cn/cae/html/main/colys/46261683.html,,,,,,待单人精确检索,,,,Damao Xu | 中国广东核电集团公司技术中心 | 能源与矿业工程学部 | English journal DOI
ACAD00812,徐寿波,Shoubo Xu,CAE,2001,工程管理学部,国家计委产业发展研究所,https://www.cae.cn/cae/html/main/colys/59339036.html,,,,,,待单人精确检索,,,,Shoubo Xu | 国家计委产业发展研究所 | 工程管理学部 | English journal DOI
ACAD00813,徐建,Jian Xu,CAE,2019,土木、水利与建筑工程学部,中国机械工业集团有限公司,https://www.cae.cn/cae/html/main/colys/07953731.html,,,,,,待单人精确检索,,,,Jian Xu | 中国机械工业集团有限公司 | 土木、水利与建筑工程学部 | English journal DOI
ACAD00815,徐建国,Jianguo Xu,CAE,2011,医药卫生学部,中国疾病预防控制中心传染病预防控制所,https://www.cae.cn/cae/html/main/colys/31171805.html,,,,,,待单人精确检索,,,,Jianguo Xu | 中国疾病预防控制中心传染病预防控制所 | 医药卫生学部 | English journal DOI
ACAD00816,徐德民,Demin Xu,CAE,2005,机械与运载工程学部,西北工业大学,https://www.cae.cn/cae/html/main/colys/15452739.html,,,,,,待单人精确检索,,,,Demin Xu | 西北工业大学 | 机械与运载工程学部 | English journal DOI
ACAD00817,徐德龙,Delong Xu,CAE,2003,化工、冶金与材料工程学部,西安建筑科技大学,https://www.cae.cn/cae/html/main/colys/96573574.html,,,,,,待单人精确检索,,,,Delong Xu | 西安建筑科技大学 | 化工、冶金与材料工程学部 | English journal DOI
ACAD00818,徐志磊,Zhilei Xu,CAE,2001,机械与运载工程学部,中国工程物理研究院,https://www.cae.cn/cae/html/main/colys/18567602.html,,,,,,待单人精确检索,,,,Zhilei Xu | 中国工程物理研究院 | 机械与运载工程学部 | English journal DOI
ACAD00820,徐惠彬,Huibin Xu,CAE,2011,化工、冶金与材料工程学部,北京航空航天大学,https://www.cae.cn/cae/html/main/colys/03291534.html,,,,,,待单人精确检索,,,,Huibin Xu | 北京航空航天大学 | 化工、冶金与材料工程学部 | English journal DOI
ACAD00821,徐扬生,Yangsheng Xu,CAE,2007,信息与电子工程学部,香港中文大学,https://www.cae.cn/cae/html/main/colys/06592364.html,,,,,,待单人精确检索,,,,Yangsheng Xu | 香港中文大学 | 信息与电子工程学部 | English journal DOI
ACAD00822,徐承恩,Chengen Xu,CAE,1994,化工、冶金与材料工程学部,中国石油化工总公司北京设计院,https://www.cae.cn/cae/html/main/colys/31644690.html,,,,,,待单人精确检索,,,,Chengen Xu | 中国石油化工总公司北京设计院 | 化工、冶金与材料工程学部 | English journal DOI
ACAD00828,徐更光,Gengguang Xu,CAE,1994,化工、冶金与材料工程学部,北京理工大学,https://www.cae.cn/cae/html/main/colys/75656185.html,,,,,,待单人精确检索,,,,Gengguang Xu | 北京理工大学 | 化工、冶金与材料工程学部 | English journal DOI
ACAD00829,徐洵,Xun Xu,CAE,1999,农业学部,国家海洋局第三海洋研究所,https://www.cae.cn/cae/html/main/colys/75601901.html,,,,,,待单人精确检索,,,,Xun Xu | 国家海洋局第三海洋研究所 | 农业学部 | English journal DOI
ACAD00831,徐滨士,Binshi Xu,CAE,1995,机械与运载工程学部，工程管理学部,中国人民解放军陆军装甲兵学院,https://www.cae.cn/cae/html/main/colys/28968866.html,,,,,,待单人精确检索,,,,Binshi Xu | 中国人民解放军陆军装甲兵学院 | 机械与运载工程学部，工程管理学部 | English journal DOI
ACAD00832,徐玉如,Yuru Xu,CAE,2003,机械与运载工程学部,哈尔滨工程大学,https://www.cae.cn/cae/html/main/colys/21202911.html,,,,,,待单人精确检索,,,,Yuru Xu | 哈尔滨工程大学 | 机械与运载工程学部 | English journal DOI
ACAD00833,徐祖信,Zuxin Xu,CAE,2019,环境与轻纺工程学部,同济大学,https://www.cae.cn/cae/html/main/colys/22843379.html,,,,,,待单人精确检索,,,,Zuxin Xu | 同济大学 | 环境与轻纺工程学部 | English journal DOI
ACAD00835,徐祥德,Xiangde Xu,CAE,2009,环境与轻纺工程学部,中国气象科学研究院,https://www.cae.cn/cae/html/main/colys/37435222.html,,,,,,待单人精确检索,,,,Xiangde Xu | 中国气象科学研究院 | 环境与轻纺工程学部 | English journal DOI
ACAD00840,徐芑南,Qinan Xu,CAE,2013,机械与运载工程学部,中国船舶重工集团公司,https://www.cae.cn/cae/html/main/colys/42918396.html,,,,,,待单人精确检索,,,,Qinan Xu | 中国船舶重工集团公司 | 机械与运载工程学部 | English journal DOI
ACAD00841,徐銤,Mi Xu,CAE,2011,能源与矿业工程学部,中国原子能科学研究院,https://www.cae.cn/cae/html/main/colys/59110621.html,,,,,,待单人精确检索,,,,Mi Xu | 中国原子能科学研究院 | 能源与矿业工程学部 | English journal DOI
ACAD00842,徐青,Qing Xu,CAE,2019,机械与运载工程学部,中国船舶重工集团有限公司第七〇一研究所,https://www.cae.cn/cae/html/main/colys/91819631.html,,,,,,待单人精确检索,,,,Qing Xu | 中国船舶重工集团有限公司第七〇一研究所 | 机械与运载工程学部 | English journal DOI
ACAD00848,戚发轫,Faren Qi,CAE,2001,机械与运载工程学部,中国航天科技集团公司第五研究院,https://www.cae.cn/cae/html/main/colys/40368575.html,,,,,,待单人精确检索,,,,Faren Qi | 中国航天科技集团公司第五研究院 | 机械与运载工程学部 | English journal DOI
ACAD00851,戴厚良,Houliang Dai,CAE,2017,化工、冶金与材料工程学部,中国石油化工集团公司,https://www.cae.cn/cae/html/main/colys/88769283.html,,,,,,待单人精确检索,,,,Houliang Dai | 中国石油化工集团公司 | 化工、冶金与材料工程学部 | English journal DOI
ACAD00852,戴复东,Fudong Dai,CAE,1999,土木、水利与建筑工程学部,同济大学,https://www.cae.cn/cae/html/main/colys/81496496.html,,,,,,待单人精确检索,,,,Fudong Dai | 同济大学 | 土木、水利与建筑工程学部 | English journal DOI
ACAD00853,戴尅戎,Kerong Dai,CAE,2003,医药卫生学部,上海二医大附属第九人民医院,https://www.cae.cn/cae/html/main/colys/87701665.html,,,,,,待单人精确检索,,,,Kerong Dai | 上海二医大附属第九人民医院 | 医药卫生学部 | English journal DOI
ACAD00855,戴景瑞,Jingrui Dai,CAE,2001,农业学部,中国农业大学,https://www.cae.cn/cae/html/main/colys/78672197.html,,,,,,待单人精确检索,,,,Jingrui Dai | 中国农业大学 | 农业学部 | English journal DOI
ACAD00858,戴永年,Yongnian Dai,CAE,1999,化工、冶金与材料工程学部,昆明理工大学,https://www.cae.cn/cae/html/main/colys/84631458.html,,,,,,待单人精确检索,,,,Yongnian Dai | 昆明理工大学 | 化工、冶金与材料工程学部 | English journal DOI
ACAD00860,戴浩,Hao Dai,CAE,2005,信息与电子工程学部,总参谋部第六十一研究所,https://www.cae.cn/cae/html/main/colys/28155795.html,,,,,,待单人精确检索,,,,Hao Dai | 总参谋部第六十一研究所 | 信息与电子工程学部 | English journal DOI
ACAD00861,戴琼海,Qionghai Dai,CAE,2017,信息与电子工程学部,清华大学,https://www.cae.cn/cae/html/main/colys/02548488.html,,,,,,待单人精确检索,,,,Qionghai Dai | 清华大学 | 信息与电子工程学部 | English journal DOI
ACAD00866,才鸿年,Hongnian Cai,CAE,2001,化工、冶金与材料工程学部,中国兵器装备集团公司,https://www.cae.cn/cae/html/main/colys/09963556.html,,,,,,待单人精确检索,,,,Hongnian Cai | 中国兵器装备集团公司 | 化工、冶金与材料工程学部 | English journal DOI
ACAD00868,文伏波,Fubo Wen,CAE,1994,土木、水利与建筑工程学部,水利部长江水利委员会,https://www.cae.cn/cae/html/main/colys/18743200.html,,,,,,待单人精确检索,,,,Fubo Wen | 水利部长江水利委员会 | 土木、水利与建筑工程学部 | English journal DOI
ACAD00871,方国洪,Hong Fangguo,CAE,2007,环境与轻纺工程学部,国家海洋局第一海洋研究所,https://www.cae.cn/cae/html/main/colys/34583597.html,,,,,,待单人精确检索,,,,Hong Fangguo | 国家海洋局第一海洋研究所 | 环境与轻纺工程学部 | English journal DOI
ACAD00874,方家熊,Xiong Fangjia,CAE,2001,信息与电子工程学部,中国科学院上海技术物理研究所,https://www.cae.cn/cae/html/main/colys/59547288.html,,,,,,待单人精确检索,,,,Xiong Fangjia | 中国科学院上海技术物理研究所 | 信息与电子工程学部 | English journal DOI
ACAD00879,方智远,Fangzhiyuan,CAE,1995,农业学部,中国农业科学院蔬菜花卉研究所,https://www.cae.cn/cae/html/main/colys/75846159.html,,,,,,待单人精确检索,,,,Fangzhiyuan | 中国农业科学院蔬菜花卉研究所 | 农业学部 | English journal DOI
ACAD00880,方滨兴,Fangbinxing,CAE,2005,信息与电子工程学部,国家计算机网络与信息安全管理中心,https://www.cae.cn/cae/html/main/colys/71871048.html,,,,,,待单人精确检索,,,,Fangbinxing | 国家计算机网络与信息安全管理中心 | 信息与电子工程学部 | English journal DOI
ACAD00881,方秦汉,Han Fangqin,CAE,1997,土木、水利与建筑工程学部,中铁大桥勘测设计院,https://www.cae.cn/cae/html/main/colys/84972357.html,,,,,,待单人精确检索,,,,Han Fangqin | 中铁大桥勘测设计院 | 土木、水利与建筑工程学部 | English journal DOI
ACAD00888,施仲衡,Heng Shizhong,CAE,1999,土木、水利与建筑工程学部,北京市城建设计研究院,https://www.cae.cn/cae/html/main/colys/78394449.html,,,,,,待单人精确检索,,,,Heng Shizhong | 北京市城建设计研究院 | 土木、水利与建筑工程学部 | English journal DOI
ACAD00893,旭日干,Gan Xuri,CAE,1995,农业学部,内蒙古大学,https://www.cae.cn/cae/html/main/colys/31413313.html,,,,,,待单人精确检索,,,,Gan Xuri | 内蒙古大学 | 农业学部 | English journal DOI
ACAD00897,曲久辉,Jiuhui Qu,CAE,2009,环境与轻纺工程学部,中国科学院生态环境研究中心,https://www.cae.cn/cae/html/main/colys/93456699.html,,,,,,待单人精确检索,,,,Jiuhui Qu | 中国科学院生态环境研究中心 | 环境与轻纺工程学部 | English journal DOI
ACAD00898,曹喜滨,Bin Caoxi,CAE,2019,机械与运载工程学部,哈尔滨工业大学,https://www.cae.cn/cae/html/main/colys/63775817.html,,,,,,待单人精确检索,,,,Bin Caoxi | 哈尔滨工业大学 | 机械与运载工程学部 | English journal DOI
ACAD00899,曹建国,Guo Caojian,CAE,2019,工程管理学部,中国航空发动机集团有限公司,https://www.cae.cn/cae/html/main/col1/2019-11/22/20191122104249761699527_1.html,,,,,,待单人精确检索,,,,Guo Caojian | 中国航空发动机集团有限公司 | 工程管理学部 | English journal DOI
ACAD00905,曹楚生,Sheng Caochu,CAE,1999,土木、水利与建筑工程学部,水利部天津水利水电勘测设计研究院,https://www.cae.cn/cae/html/main/colys/59943261.html,,,,,,待单人精确检索,,,,Sheng Caochu | 水利部天津水利水电勘测设计研究院 | 土木、水利与建筑工程学部 | English journal DOI
ACAD00906,曹湘洪,Hong Caoxiang,CAE,1999,化工、冶金与材料工程学部,中国石油化工集团公司北京燕山石化公司,https://www.cae.cn/cae/html/main/colys/46314625.html,,,,,,待单人精确检索,,,,Hong Caoxiang | 中国石油化工集团公司北京燕山石化公司 | 化工、冶金与材料工程学部 | English journal DOI
ACAD00907,曹福亮,Liang Caofu,CAE,2015,农业学部,南京林业大学,https://www.cae.cn/cae/html/main/colys/24285517.html,,,,,,待单人精确检索,,,,Liang Caofu | 南京林业大学 | 农业学部 | English journal DOI
ACAD00910,曹雪涛,Tao Caoxue,CAE,2005,医药卫生学部,第二军医大学,https://www.cae.cn/cae/html/main/colys/43674246.html,,,,,,待单人精确检索,,,,Tao Caoxue | 第二军医大学 | 医药卫生学部 | English journal DOI
ACAD00911,曾士迈,Mai Cengshi,CAE,1995,农业学部,中国农业大学,https://www.cae.cn/cae/html/main/colys/25131407.html,,,,,,待单人精确检索,,,,Mai Cengshi | 中国农业大学 | 农业学部 | English journal DOI
ACAD00912,曾广商,Shang Cengguang,CAE,1999,机械与运载工程学部,中国运载火箭技术研究院,https://www.cae.cn/cae/html/main/colys/34254258.html,,,,,,待单人精确检索,,,,Shang Cengguang | 中国运载火箭技术研究院 | 机械与运载工程学部 | English journal DOI
ACAD00913,曾庆元,Yuan Cengqing,CAE,1999,土木、水利与建筑工程学部,长沙铁道学院,https://www.cae.cn/cae/html/main/colys/21370437.html,,,,,,待单人精确检索,,,,Yuan Cengqing | 长沙铁道学院 | 土木、水利与建筑工程学部 | English journal DOI
ACAD00914,曾德超,Chao Cengde,CAE,1995,农业学部,中国农业大学,https://www.cae.cn/cae/html/main/colys/65998869.html,,,,,,待单人精确检索,,,,Chao Cengde | 中国农业大学 | 农业学部 | English journal DOI
ACAD00915,曾恒一,Yi Cengheng,CAE,1997,能源与矿业工程学部,中国海洋石油总公司,https://www.cae.cn/cae/html/main/colys/56511153.html,,,,,,待单人精确检索,,,,Yi Cengheng | 中国海洋石油总公司 | 能源与矿业工程学部 | English journal DOI
ACAD00917,曾溢滔,Tao Cengyi,CAE,1995,医药卫生学部,上海交通大学,https://www.cae.cn/cae/html/main/colys/71897703.html,,,,,,待单人精确检索,,,,Tao Cengyi | 上海交通大学 | 医药卫生学部 | English journal DOI
ACAD00920,曾苏民,Min Cengsu,CAE,1999,化工、冶金与材料工程学部,西南铝加工厂,https://www.cae.cn/cae/html/main/colys/71959000.html,,,,,,待单人精确检索,,,,Min Cengsu | 西南铝加工厂 | 化工、冶金与材料工程学部 | English journal DOI
ACAD00924,朱伯芳,Bofang Zhu,CAE,1995,土木、水利与建筑工程学部,中国水利水电科学研究院,https://www.cae.cn/cae/html/main/colys/21463076.html,,,,,,待单人精确检索,,,,Bofang Zhu | 中国水利水电科学研究院 | 土木、水利与建筑工程学部 | English journal DOI
ACAD00928,朱兆云,Zhaoyun Zhu,CAE,2021,医药卫生学部,云南白药集团股份有限公司,https://www.cae.cn/cae/html/main/colys/43782425.html,,,,,,待单人精确检索,,,,Zhaoyun Zhu | 云南白药集团股份有限公司 | 医药卫生学部 | English journal DOI
ACAD00931,朱利中,Lizhong Zhu,CAE,2017,环境与轻纺工程学部,浙江大学,https://www.cae.cn/cae/html/main/colys/03166757.html,,,,,,待单人精确检索,,,,Lizhong Zhu | 浙江大学 | 环境与轻纺工程学部 | English journal DOI
ACAD00932,朱合华,Hehua Zhu,CAE,2021,土木、水利与建筑工程学部,同济大学,https://www.cae.cn/cae/html/main/colys/04572307.html,,,,,,待单人精确检索,,,,Hehua Zhu | 同济大学 | 土木、水利与建筑工程学部 | English journal DOI
ACAD00933,朱坤,Kun Zhu,CAE,2021,机械与运载工程学部,中国航天科工集团第三研究院,https://www.cae.cn/cae/html/main/colys/86586082.html,,,,,,待单人精确检索,,,,Kun Zhu | 中国航天科工集团第三研究院 | 机械与运载工程学部 | English journal DOI
ACAD00934,朱尊权,Zunquan Zhu,CAE,1997,环境与轻纺工程学部,中国烟草总公司郑州烟草研究院,https://www.cae.cn/cae/html/main/colys/28199221.html,,,,,,待单人精确检索,,,,Zunquan Zhu | 中国烟草总公司郑州烟草研究院 | 环境与轻纺工程学部 | English journal DOI
ACAD00935,朱广生,Guangsheng Zhu,CAE,2019,机械与运载工程学部,中国航天科技集团有限公司第一研究院,https://www.cae.cn/cae/html/main/colys/34299283.html,,,,,,待单人精确检索,,,,Guangsheng Zhu | 中国航天科技集团有限公司第一研究院 | 机械与运载工程学部 | English journal DOI
ACAD00942,朱晓东,Xiaodong Zhu,CAE,1996,医药卫生学部，工程管理学部,北京协和医学院,https://www.cae.cn/cae/html/main/colys/09394110.html,,,,,,待单人精确检索,,,,Xiaodong Zhu | 北京协和医学院 | 医药卫生学部，工程管理学部 | English journal DOI
ACAD00943,朱有勇,Youyong Zhu,CAE,2011,农业学部,云南农业大学,https://www.cae.cn/cae/html/main/colys/06462218.html,,,,,,待单人精确检索,,,,Youyong Zhu | 云南农业大学 | 农业学部 | English journal DOI
ACAD00946,朱永濬,Yongjun Zhu,CAE,1995,化工、冶金与材料工程学部,清华大学核能与新能源技术研究院,https://www.cae.cn/cae/html/main/colys/84256403.html,,,,,,待单人精确检索,,,,Yongjun Zhu | 清华大学核能与新能源技术研究院 | 化工、冶金与材料工程学部 | English journal DOI
ACAD00951,朱能鸿,Nenghong Zhu,CAE,1995,机械与运载工程学部,中国科学院上海天文台,https://www.cae.cn/cae/html/main/colys/59709030.html,,,,,,待单人精确检索,,,,Nenghong Zhu | 中国科学院上海天文台 | 机械与运载工程学部 | English journal DOI
ACAD00952,朱英国,Yingguo Zhu,CAE,2005,农业学部,武汉大学,https://www.cae.cn/cae/html/main/colys/50954029.html,,,,,,待单人精确检索,,,,Yingguo Zhu | 武汉大学 | 农业学部 | English journal DOI
ACAD00953,朱英富,Yingfu Zhu,CAE,2011,机械与运载工程学部,中国船舶重工集团公司第七〇一研究所,https://www.cae.cn/cae/html/main/colys/43691182.html,,,,,,待单人精确检索,,,,Yingfu Zhu | 中国船舶重工集团公司第七〇一研究所 | 机械与运载工程学部 | English journal DOI
ACAD00954,朱英浩,Yinghao Zhu,CAE,1995,机械与运载工程学部,沈阳变压器厂,https://www.cae.cn/cae/html/main/colys/18492816.html,,,,,,待单人精确检索,,,,Yinghao Zhu | 沈阳变压器厂 | 机械与运载工程学部 | English journal DOI
ACAD00956,朱蓓薇,Beiwei Zhu,CAE,2013,环境与轻纺工程学部,大连工业大学,https://www.cae.cn/cae/html/main/colys/42060606.html,,,,,,待单人精确检索,,,,Beiwei Zhu | 大连工业大学 | 环境与轻纺工程学部 | English journal DOI
ACAD00962,朱高峰,Gaofeng Zhu,CAE,1994,信息与电子工程学部，工程管理学部,邮电部,https://www.cae.cn/cae/html/main/colys/09293199.html,,,,,,待单人精确检索,,,,Gaofeng Zhu | 邮电部 | 信息与电子工程学部，工程管理学部 | English journal DOI
ACAD00965,朵英贤,Yingxian Duo,CAE,1999,机械与运载工程学部,兵器工业总公司第二零八研究所,https://www.cae.cn/cae/html/main/colys/00307496.html,,,,,,待单人精确检索,,,,Yingxian Duo | 兵器工业总公司第二零八研究所 | 机械与运载工程学部 | English journal DOI
ACAD00966,李三立,Sanli Li,CAE,1995,信息与电子工程学部,清华大学,https://www.cae.cn/cae/html/main/colys/53878278.html,,,,,,待单人精确检索,,,,Sanli Li | 清华大学 | 信息与电子工程学部 | English journal DOI
ACAD00969,李东英,Dongying Li,CAE,1995,化工、冶金与材料工程学部，工程管理学部,中国有色金属工业总公司,https://www.cae.cn/cae/html/main/colys/18333261.html,,,,,,待单人精确检索,,,,Dongying Li | 中国有色金属工业总公司 | 化工、冶金与材料工程学部，工程管理学部 | English journal DOI
ACAD00970,李乐民,Lemin Li,CAE,1997,信息与电子工程学部,电子科技大学,https://www.cae.cn/cae/html/main/colys/93783386.html,,,,,,待单人精确检索,,,,Lemin Li | 电子科技大学 | 信息与电子工程学部 | English journal DOI
ACAD00972,李京文,Jingwen Li,CAE,2001,工程管理学部,北京工业大学经济与管理学院,https://www.cae.cn/cae/html/main/colys/75712970.html,,,,,,待单人精确检索,,,,Jingwen Li | 北京工业大学经济与管理学院 | 工程管理学部 | English journal DOI
ACAD00973,李仲平,Zhongping Li,CAE,2013,化工、冶金与材料工程学部,中国航天科技集团材料及工艺研究所,https://www.cae.cn/cae/html/main/colys/42479886.html,,,,,,待单人精确检索,,,,Zhongping Li | 中国航天科技集团材料及工艺研究所 | 化工、冶金与材料工程学部 | English journal DOI
ACAD00974,李伯虎,Bohu Li,CAE,2001,信息与电子工程学部,中国长峰机电技术研究设计院,https://www.cae.cn/cae/html/main/colys/37268788.html,,,,,,待单人精确检索,,,,Bohu Li | 中国长峰机电技术研究设计院 | 信息与电子工程学部 | English journal DOI
ACAD00975,李佩成,Peicheng Li,CAE,2003,农业学部,长安大学,https://www.cae.cn/cae/html/main/colys/53576708.html,,,,,,待单人精确检索,,,,Peicheng Li | 长安大学 | 农业学部 | English journal DOI
ACAD00977,李俊贤,Junxian Li,CAE,1995,化工、冶金与材料工程学部,化学工业部黎明化工研究院,https://www.cae.cn/cae/html/main/colys/81150053.html,,,,,,待单人精确检索,,,,Junxian Li | 化学工业部黎明化工研究院 | 化工、冶金与材料工程学部 | English journal DOI
ACAD00979,李元元,Yuanyuan Li,CAE,2013,化工、冶金与材料工程学部,吉林大学,https://www.cae.cn/cae/html/main/colys/42504117.html,,,,,,待单人精确检索,,,,Yuanyuan Li | 吉林大学 | 化工、冶金与材料工程学部 | English journal DOI
ACAD00980,李兆申,Zhaoshen Li,CAE,2017,医药卫生学部,海军军医大学长海医院,https://www.cae.cn/cae/html/main/colys/96114147.html,,,,,,待单人精确检索,,,,Zhaoshen Li | 海军军医大学长海医院 | 医药卫生学部 | English journal DOI
ACAD00982,李克强,Keqiang Li,CAE,2021,机械与运载工程学部,清华大学,https://www.cae.cn/cae/html/main/colys/34347608.html,,,,,,待单人精确检索,,,,Keqiang Li | 清华大学 | 机械与运载工程学部 | English journal DOI
ACAD00983,李兰娟,Lanjuan Li,CAE,2005,医药卫生学部,浙江大学医学院附属第一医院,https://www.cae.cn/cae/html/main/colys/71795027.html,,,,,,待单人精确检索,,,,Lanjuan Li | 浙江大学医学院附属第一医院 | 医药卫生学部 | English journal DOI
ACAD00985,李冠兴,Guanxing Li,CAE,1999,化工、冶金与材料工程学部,中国核工业总公司二零二厂,https://www.cae.cn/cae/html/main/colys/68125665.html,,,,,,待单人精确检索,,,,Guanxing Li | 中国核工业总公司二零二厂 | 化工、冶金与材料工程学部 | English journal DOI
ACAD00988,李华军,Huajun Li,CAE,2017,土木、水利与建筑工程学部,中国海洋大学,https://www.cae.cn/cae/html/main/colys/93383609.html,,,,,,待单人精确检索,,,,Huajun Li | 中国海洋大学 | 土木、水利与建筑工程学部 | English journal DOI
ACAD00990,李卫,Wei Li,CAE,2015,化工、冶金与材料工程学部,钢铁研究总院,https://www.cae.cn/cae/html/main/colys/44284552.html,,,,,,待单人精确检索,,,,Wei Li | 钢铁研究总院 | 化工、冶金与材料工程学部 | English journal DOI
ACAD00992,李同保,Tongbao Li,CAE,1994,信息与电子工程学部,国家技术监督局中国测试技术研究院,https://www.cae.cn/cae/html/main/colys/75665618.html,,,,,,待单人精确检索,,,,Tongbao Li | 国家技术监督局中国测试技术研究院 | 信息与电子工程学部 | English journal DOI
ACAD00994,李国杰,Guojie Li,CAE,1995,信息与电子工程学部,中国科学院计算技术研究所,https://www.cae.cn/cae/html/main/colys/65508027.html,,,,,,待单人精确检索,,,,Guojie Li | 中国科学院计算技术研究所 | 信息与电子工程学部 | English journal DOI
ACAD00996,李圭白,Guibai Li,CAE,1995,土木、水利与建筑工程学部,哈尔滨工业大学,https://www.cae.cn/cae/html/main/colys/68327381.html,,,,,,待单人精确检索,,,,Guibai Li | 哈尔滨工业大学 | 土木、水利与建筑工程学部 | English journal DOI
ACAD00997,李坚,Jian Li,CAE,2011,农业学部,东北林业大学,https://www.cae.cn/cae/html/main/colys/28957405.html,,,,,,待单人精确检索,,,,Jian Li | 东北林业大学 | 农业学部 | English journal DOI
ACAD00998,李培根,Peigen Li,CAE,2003,机械与运载工程学部,华中科技大学,https://www.cae.cn/cae/html/main/colys/90597384.html,,,,,,待单人精确检索,,,,Peigen Li | 华中科技大学 | 机械与运载工程学部 | English journal DOI
ACAD00999,李培武,Peiwu Li,CAE,2019,农业学部,中国农业科学院油料作物研究所,https://www.cae.cn/cae/html/main/colys/44745441.html,,,,,,待单人精确检索,,,,Peiwu Li | 中国农业科学院油料作物研究所 | 农业学部 | English journal DOI
ACAD01000,李大东,Dadong Li,CAE,1994,化工、冶金与材料工程学部,中国石油化工总公司石油化工科学研究院,https://www.cae.cn/cae/html/main/colys/78583793.html,,,,,,待单人精确检索,,,,Dadong Li | 中国石油化工总公司石油化工科学研究院 | 化工、冶金与材料工程学部 | English journal DOI
ACAD01002,李大鹏,Dapeng Li,CAE,2007,医药卫生学部,浙江中医药大学,https://www.cae.cn/cae/html/main/colys/50454279.html,,,,,,待单人精确检索,,,,Dapeng Li | 浙江中医药大学 | 医药卫生学部 | English journal DOI
ACAD01004,李天初,Tianchu Li,CAE,2011,信息与电子工程学部,中国计量科学研究院,https://www.cae.cn/cae/html/main/colys/68444168.html,,,,,,待单人精确检索,,,,Tianchu Li | 中国计量科学研究院 | 信息与电子工程学部 | English journal DOI
ACAD01005,李天来,Tianlai Li,CAE,2015,农业学部,沈阳农业大学,https://www.cae.cn/cae/html/main/colys/59490808.html,,,,,,待单人精确检索,,,,Tianlai Li | 沈阳农业大学 | 农业学部 | English journal DOI
ACAD01007,李宁,Ning Li,CAE,2019,能源与矿业工程学部,中国石油天然气股份有限公司勘探开发研究院,https://www.cae.cn/cae/html/main/colys/30131846.html,,,,,,待单人精确检索,,,,Ning Li | 中国石油天然气股份有限公司勘探开发研究院 | 能源与矿业工程学部 | English journal DOI
ACAD01009,李家彪,Jiabiao Li,CAE,2015,环境与轻纺工程学部，工程管理学部,国家海洋局第二海洋研究所,https://www.cae.cn/cae/html/main/colys/79902736.html,,,,,,待单人精确检索,,,,Jiabiao Li | 国家海洋局第二海洋研究所 | 环境与轻纺工程学部，工程管理学部 | English journal DOI
ACAD01015,李幼平,Youping Li,CAE,1999,信息与电子工程学部,中国工程物理研究院,https://www.cae.cn/cae/html/main/colys/34527840.html,,,,,,待单人精确检索,,,,Youping Li | 中国工程物理研究院 | 信息与电子工程学部 | English journal DOI
ACAD01016,李庆忠,Qingzhong Li,CAE,1995,能源与矿业工程学部,中国石油天然气总公司,https://www.cae.cn/cae/html/main/colys/18581067.html,,,,,,待单人精确检索,,,,Qingzhong Li | 中国石油天然气总公司 | 能源与矿业工程学部 | English journal DOI
ACAD01019,李建刚,Jiangang Li,CAE,2015,能源与矿业工程学部,中国科学院合肥物质科学研究院,https://www.cae.cn/cae/html/main/colys/57959283.html,,,,,,待单人精确检索,,,,Jiangang Li | 中国科学院合肥物质科学研究院 | 能源与矿业工程学部 | English journal DOI
ACAD01020,李建成,Jiancheng Li,CAE,2011,土木、水利与建筑工程学部,武汉大学,https://www.cae.cn/cae/html/main/colys/15259017.html,,,,,,待单人精确检索,,,,Jiancheng Li | 武汉大学 | 土木、水利与建筑工程学部 | English journal DOI
ACAD01021,李得天,Detian Li,CAE,2021,信息与电子工程学部,兰州空间技术物理研究所,https://www.cae.cn/cae/html/main/colys/76160452.html,,,,,,待单人精确检索,,,,Detian Li | 兰州空间技术物理研究所 | 信息与电子工程学部 | English journal DOI
ACAD01023,李德发,Defa Li,CAE,2013,农业学部,中国农业大学动物科技学院,https://www.cae.cn/cae/html/main/colys/41910996.html,,,,,,待单人精确检索,,,,Defa Li | 中国农业大学动物科技学院 | 农业学部 | English journal DOI
ACAD01025,李德毅,Deyi Li,CAE,1999,信息与电子工程学部,总参谋部第六十一研究所,https://www.cae.cn/cae/html/main/colys/00679747.html,,,,,,待单人精确检索,,,,Deyi Li | 总参谋部第六十一研究所 | 信息与电子工程学部 | English journal DOI
ACAD01027,李德群,Dequn Li,CAE,2015,机械与运载工程学部,华中科技大学,https://www.cae.cn/cae/html/main/colys/47471633.html,,,,,,待单人精确检索,,,,Dequn Li | 华中科技大学 | 机械与运载工程学部 | English journal DOI
ACAD01029,李恒德,Hengde Li,CAE,1994,化工、冶金与材料工程学部,清华大学,https://www.cae.cn/cae/html/main/colys/40241650.html,,,,,,待单人精确检索,,,,Hengde Li | 清华大学 | 化工、冶金与材料工程学部 | English journal DOI
ACAD01034,李文华,Wenhua Li,CAE,1997,农业学部,中国科学院地理科学与资源研究所,https://www.cae.cn/cae/html/main/colys/40803854.html,,,,,,待单人精确检索,,,,Wenhua Li | 中国科学院地理科学与资源研究所 | 农业学部 | English journal DOI
ACAD01036,李明,Ming Li,CAE,1995,机械与运载工程学部,中国航空工业总公司沈阳飞机研究所,https://www.cae.cn/cae/html/main/colys/78775654.html,,,,,,待单人精确检索,,,,Ming Li | 中国航空工业总公司沈阳飞机研究所 | 机械与运载工程学部 | English journal DOI
ACAD01037,李春岩,Chunyan Li,CAE,2001,医药卫生学部,河北医科大学第二医院,https://www.cae.cn/cae/html/main/colys/65191613.html,,,,,,待单人精确检索,,,,Chunyan Li | 河北医科大学第二医院 | 医药卫生学部 | English journal DOI
ACAD01039,李晓红,Xiaohong Li,CAE,2011,能源与矿业工程学部,武汉大学,https://www.cae.cn/cae/html/main/colys/34184643.html,,,,,,待单人精确检索,,,,Xiaohong Li | 武汉大学 | 能源与矿业工程学部 | English journal DOI
ACAD01044,李术才,Shucai Li,CAE,2019,土木、水利与建筑工程学部,山东大学,https://www.cae.cn/cae/html/main/colys/22472579.html,,,,,,待单人精确检索,,,,Shucai Li | 山东大学 | 土木、水利与建筑工程学部 | English journal DOI
ACAD01046,李松,Song Li,CAE,2015,医药卫生学部,解放军军事医学科学院,https://www.cae.cn/cae/html/main/colys/29736423.html,,,,,,待单人精确检索,,,,Song Li | 解放军军事医学科学院 | 医药卫生学部 | English journal DOI
ACAD01049,李校堃,Xiaokun Li,CAE,2019,医药卫生学部,温州医科大学,https://www.cae.cn/cae/html/main/colys/62575345.html,,,,,,待单人精确检索,,,,Xiaokun Li | 温州医科大学 | 医药卫生学部 | English journal DOI
ACAD01050,李根生,Gensheng Li,CAE,2015,能源与矿业工程学部,中国石油大学,https://www.cae.cn/cae/html/main/colys/57260479.html,,,,,,待单人精确检索,,,,Gensheng Li | 中国石油大学 | 能源与矿业工程学部 | English journal DOI
ACAD01051,李椿萱,Chunxuan Li,CAE,1997,机械与运载工程学部,北京航空航天大学,https://www.cae.cn/cae/html/main/colys/84235575.html,,,,,,待单人精确检索,,,,Chunxuan Li | 北京航空航天大学 | 机械与运载工程学部 | English journal DOI
ACAD01052,李正名,Zhengming Li,CAE,1995,化工、冶金与材料工程学部,南开大学,https://www.cae.cn/cae/html/main/colys/43735416.html,,,,,,待单人精确检索,,,,Zhengming Li | 南开大学 | 化工、冶金与材料工程学部 | English journal DOI
ACAD01053,李正邦,Zhengbang Li,CAE,1999,化工、冶金与材料工程学部,钢铁研究总院,https://www.cae.cn/cae/html/main/colys/00807743.html,,,,,,待单人精确检索,,,,Zhengbang Li | 钢铁研究总院 | 化工、冶金与材料工程学部 | English journal DOI
ACAD01056,李泽椿,Zechun Li,CAE,1995,环境与轻纺工程学部,中国气象局国家气象中心,https://www.cae.cn/cae/html/main/colys/50985751.html,,,,,,待单人精确检索,,,,Zechun Li | 中国气象局国家气象中心 | 环境与轻纺工程学部 | English journal DOI
ACAD01061,李焯芬,Chaofen Li,CAE,2003,能源与矿业工程学部,香港大学,https://www.cae.cn/cae/html/main/colys/93671693.html,,,,,,待单人精确检索,,,,Chaofen Li | 香港大学 | 能源与矿业工程学部 | English journal DOI
ACAD01063,李猷嘉,Youjia Li,CAE,2001,土木、水利与建筑工程学部,中国市政工程华北设计研究院,https://www.cae.cn/cae/html/main/colys/87745967.html,,,,,,待单人精确检索,,,,Youjia Li | 中国市政工程华北设计研究院 | 土木、水利与建筑工程学部 | English journal DOI
ACAD01064,李玉,Yu Li,CAE,2009,农业学部,吉林农业大学,https://www.cae.cn/cae/html/main/colys/90523788.html,,,,,,待单人精确检索,,,,Yu Li | 吉林农业大学 | 农业学部 | English journal DOI
ACAD01066,李玶,Ping Li,CAE,1999,土木、水利与建筑工程学部,中国地震局地质研究所,https://www.cae.cn/cae/html/main/colys/46591106.html,,,,,,待单人精确检索,,,,Ping Li | 中国地震局地质研究所 | 土木、水利与建筑工程学部 | English journal DOI
ACAD01067,李瑞麟,Ruilin Li,CAE,1996,医药卫生学部,上海市计划生育科学研究所,https://www.cae.cn/cae/html/main/colys/00552719.html,,,,,,待单人精确检索,,,,Ruilin Li | 上海市计划生育科学研究所 | 医药卫生学部 | English journal DOI
ACAD01068,李立浧,Liying Li,CAE,2007,能源与矿业工程学部,中国南方电网有限责任公司,https://www.cae.cn/cae/html/main/colys/06260255.html,,,,,,待单人精确检索,,,,Liying Li | 中国南方电网有限责任公司 | 能源与矿业工程学部 | English journal DOI
ACAD01072,李言荣,Yanrong Li,CAE,2011,化工、冶金与材料工程学部,电子科技大学,https://www.cae.cn/cae/html/main/colys/78384758.html,,,,,,待单人精确检索,,,,Yanrong Li | 电子科技大学 | 化工、冶金与材料工程学部 | English journal DOI
ACAD01073,李贤玉,Xianyu Li,CAE,2019,工程管理学部,中国人民解放军火箭军研究院,https://www.cae.cn/cae/html/main/colys/37364666.html,,,,,,待单人精确检索,,,,Xianyu Li | 中国人民解放军火箭军研究院 | 工程管理学部 | English journal DOI
ACAD01074,李贺军,Hejun Li,CAE,2019,化工、冶金与材料工程学部,西北工业大学,https://www.cae.cn/cae/html/main/colys/04815460.html,,,,,,待单人精确检索,,,,Hejun Li | 西北工业大学 | 化工、冶金与材料工程学部 | English journal DOI
ACAD01076,李载平,Zaiping Li,CAE,1996,医药卫生学部,中国科学院上海生物化学细胞生物学研究所,https://www.cae.cn/cae/html/main/colys/75823313.html,,,,,,待单人精确检索,,,,Zaiping Li | 中国科学院上海生物化学细胞生物学研究所 | 医药卫生学部 | English journal DOI
ACAD01077,李连达,Lianda Li,CAE,2003,医药卫生学部,中国中医研究院西苑医院,https://www.cae.cn/cae/html/main/colys/34993383.html,,,,,,待单人精确检索,,,,Lianda Li | 中国中医研究院西苑医院 | 医药卫生学部 | English journal DOI
ACAD01079,李道增,Daozeng Li,CAE,1999,土木、水利与建筑工程学部,清华大学,https://www.cae.cn/cae/html/main/colys/59684730.html,,,,,,待单人精确检索,,,,Daozeng Li | 清华大学 | 土木、水利与建筑工程学部 | English journal DOI
ACAD01081,李钊,Zhao Li,CAE,1999,机械与运载工程学部,总装备部工程兵第一研究所,https://www.cae.cn/cae/html/main/colys/81624002.html,,,,,,待单人精确检索,,,,Zhao Li | 总装备部工程兵第一研究所 | 机械与运载工程学部 | English journal DOI
ACAD01083,李阳,Yang Li,CAE,2013,能源与矿业工程学部,中国石油化工股份有限公司,https://www.cae.cn/cae/html/main/colys/42329107.html,,,,,,待单人精确检索,,,,Yang Li | 中国石油化工股份有限公司 | 能源与矿业工程学部 | English journal DOI
ACAD01086,李骏,Jun Li,CAE,2013,机械与运载工程学部,中国第一汽车集团公司,https://www.cae.cn/cae/html/main/colys/42893717.html,,,,,,待单人精确检索,,,,Jun Li | 中国第一汽车集团公司 | 机械与运载工程学部 | English journal DOI
ACAD01088,李魁武,Kuiwu Li,CAE,2015,机械与运载工程学部,中国兵器工业集团,https://www.cae.cn/cae/html/main/colys/77001456.html,,,,,,待单人精确检索,,,,Kuiwu Li | 中国兵器工业集团 | 机械与运载工程学部 | English journal DOI
ACAD01089,李鸿志,Hongzhi Li,CAE,1994,机械与运载工程学部,南京理工大学,https://www.cae.cn/cae/html/main/colys/87497310.html,,,,,,待单人精确检索,,,,Hongzhi Li | 南京理工大学 | 机械与运载工程学部 | English journal DOI
ACAD01091,李鹤林,Helin Li,CAE,1997,机械与运载工程学部,中国石油天然气集团公司管材研究所,https://www.cae.cn/cae/html/main/colys/81876768.html,,,,,,待单人精确检索,,,,Helin Li | 中国石油天然气集团公司管材研究所 | 机械与运载工程学部 | English journal DOI
ACAD01092,李龙土,Longtu Li,CAE,1997,化工、冶金与材料工程学部,清华大学,https://www.cae.cn/cae/html/main/colys/40166805.html,,,,,,待单人精确检索,,,,Longtu Li | 清华大学 | 化工、冶金与材料工程学部 | English journal DOI
ACAD01093,杜修力,Xiuli Du,CAE,2021,土木、水利与建筑工程学部,北京工业大学,https://www.cae.cn/cae/html/main/colys/35314980.html,,,,,,待单人精确检索,,,,Xiuli Du | 北京工业大学 | 土木、水利与建筑工程学部 | English journal DOI
ACAD01094,杜善义,Shanyi Du,CAE,1999,机械与运载工程学部,哈尔滨工业大学,https://www.cae.cn/cae/html/main/colys/90928776.html,,,,,,待单人精确检索,,,,Shanyi Du | 哈尔滨工业大学 | 机械与运载工程学部 | English journal DOI
ACAD01097,杜彦良,Yanliang Du,CAE,2013,土木、水利与建筑工程学部,石家庄铁道大学,https://www.cae.cn/cae/html/main/colys/42279819.html,,,,,,待单人精确检索,,,,Yanliang Du | 石家庄铁道大学 | 土木、水利与建筑工程学部 | English journal DOI
ACAD01100,杜祥琬,Xiangwan Du,CAE,1997,能源与矿业工程学部，工程管理学部,中国工程物理研究院；中国工程院,https://www.cae.cn/cae/html/main/colys/15579013.html,,,,,,待单人精确检索,,,,Xiangwan Du | 中国工程物理研究院；中国工程院 | 能源与矿业工程学部，工程管理学部 | English journal DOI
ACAD01101,束怀瑞,Huairui Shu,CAE,2001,农业学部,山东农业大学,https://www.cae.cn/cae/html/main/colys/59828715.html,,,,,,待单人精确检索,,,,Huairui Shu | 山东农业大学 | 农业学部 | English journal DOI
ACAD01103,杨为民,Min Yangwei,CAE,2021,化工、冶金与材料工程学部,中国石油化工股份有限公司上海石油化工研究院,https://www.cae.cn/cae/html/main/colys/81679859.html,,,,,,待单人精确检索,,,,Min Yangwei | 中国石油化工股份有限公司上海石油化工研究院 | 化工、冶金与材料工程学部 | English journal DOI
ACAD01106,杨凤田,Tian Yangfeng,CAE,2007,机械与运载工程学部,中国航空工业第一集团公司沈阳飞机设计研究所,https://www.cae.cn/cae/html/main/colys/78306595.html,,,,,,待单人精确检索,,,,Tian Yangfeng | 中国航空工业第一集团公司沈阳飞机设计研究所 | 机械与运载工程学部 | English journal DOI
ACAD01108,杨华勇,Yong Yanghua,CAE,2013,机械与运载工程学部,浙江大学,https://www.cae.cn/cae/html/main/colys/42843923.html,,,,,,待单人精确检索,,,,Yong Yanghua | 浙江大学 | 机械与运载工程学部 | English journal DOI
ACAD01111,杨启业,Ye Yangqi,CAE,1997,化工、冶金与材料工程学部,中国石化工程建设公司,https://www.cae.cn/cae/html/main/colys/12715253.html,,,,,,待单人精确检索,,,,Ye Yangqi | 中国石化工程建设公司 | 化工、冶金与材料工程学部 | English journal DOI
ACAD01112,杨善林,Lin Yangshan,CAE,2013,工程管理学部,合肥工业大学,https://www.cae.cn/cae/html/main/colys/41706688.html,,,,,,待单人精确检索,,,,Lin Yangshan | 合肥工业大学 | 工程管理学部 | English journal DOI
ACAD01114,杨士中,Zhong Yangshi,CAE,1997,信息与电子工程学部,重庆大学,https://www.cae.cn/cae/html/main/colys/40928797.html,,,,,,待单人精确检索,,,,Zhong Yangshi | 重庆大学 | 信息与电子工程学部 | English journal DOI
ACAD01115,杨士莪,E Yangshi,CAE,1995,机械与运载工程学部,哈尔滨工程大学,https://www.cae.cn/cae/html/main/colys/87498683.html,,,,,,待单人精确检索,,,,E Yangshi | 哈尔滨工程大学 | 机械与运载工程学部 | English journal DOI
ACAD01116,杨奇逊,Xun Yangqi,CAE,1994,能源与矿业工程学部,华北电力大学,https://www.cae.cn/cae/html/main/colys/15498166.html,,,,,,待单人精确检索,,,,Xun Yangqi | 华北电力大学 | 能源与矿业工程学部 | English journal DOI
ACAD01120,杨宏,Yanghong,CAE,2021,工程管理学部,中国空间技术研究院,https://www.cae.cn/cae/html/main/colys/16115633.html,,,,,,待单人精确检索,,,,Yanghong | 中国空间技术研究院 | 工程管理学部 | English journal DOI
ACAD01121,杨宝峰,Feng Yangbao,CAE,2009,医药卫生学部,哈尔滨医科大学,https://www.cae.cn/cae/html/main/colys/06802097.html,,,,,,待单人精确检索,,,,Feng Yangbao | 哈尔滨医科大学 | 医药卫生学部 | English journal DOI
ACAD01122,杨小牛,Niu Yangxiao,CAE,2013,信息与电子工程学部,中国电子科技集团公司,https://www.cae.cn/cae/html/main/colys/42690479.html,,,,,,待单人精确检索,,,,Niu Yangxiao | 中国电子科技集团公司 | 信息与电子工程学部 | English journal DOI
ACAD01126,杨德森,Sen Yangde,CAE,2015,机械与运载工程学部,哈尔滨工程大学,https://www.cae.cn/cae/html/main/colys/05365245.html,,,,,,待单人精确检索,,,,Sen Yangde | 哈尔滨工程大学 | 机械与运载工程学部 | English journal DOI
ACAD01127,杨志峰,Feng Yangzhi,CAE,2015,环境与轻纺工程学部,北京师范大学,https://www.cae.cn/cae/html/main/colys/97037088.html,,,,,,待单人精确检索,,,,Feng Yangzhi | 北京师范大学 | 环境与轻纺工程学部 | English journal DOI
ACAD01130,杨春和,He Yangchun,CAE,2019,能源与矿业工程学部,中国科学院武汉岩土力学研究所,https://www.cae.cn/cae/html/main/colys/69457120.html,,,,,,待单人精确检索,,,,He Yangchun | 中国科学院武汉岩土力学研究所 | 能源与矿业工程学部 | English journal DOI
ACAD01131,杨树兴,Xing Yangshu,CAE,2019,机械与运载工程学部,中国兵器工业第二〇三研究所,https://www.cae.cn/cae/html/main/colys/31801173.html,,,,,,待单人精确检索,,,,Xing Yangshu | 中国兵器工业第二〇三研究所 | 机械与运载工程学部 | English journal DOI
ACAD01134,杨永斌,Yangyongbin,CAE,2009,土木、水利与建筑工程学部,云林科技大学（台湾）,https://www.cae.cn/cae/html/main/colys/53600072.html,,,,,,待单人精确检索,,,,Yangyongbin | 云林科技大学（台湾） | 土木、水利与建筑工程学部 | English journal DOI
ACAD01139,杨秀敏,Min Yangxiu,CAE,1995,土木、水利与建筑工程学部,总参工程兵第四研究所,https://www.cae.cn/cae/html/main/colys/59287627.html,,,,,,待单人精确检索,,,,Min Yangxiu | 总参工程兵第四研究所 | 土木、水利与建筑工程学部 | English journal DOI
ACAD01142,杨绍卿,Qing Yangshao,CAE,2011,机械与运载工程学部,中国兵器工业第二○三研究所,https://www.cae.cn/cae/html/main/colys/12554759.html,,,,,,待单人精确检索,,,,Qing Yangshao | 中国兵器工业第二○三研究所 | 机械与运载工程学部 | English journal DOI
ACAD01145,杨胜利,Li Yangsheng,CAE,1997,医药卫生学部,中国科学院上海生命科学院,https://www.cae.cn/cae/html/main/colys/40803677.html,,,,,,待单人精确检索,,,,Li Yangsheng | 中国科学院上海生命科学院 | 医药卫生学部 | English journal DOI
ACAD01147,杨裕生,Sheng Yangyu,CAE,1995,能源与矿业工程学部,防化研究院,https://www.cae.cn/cae/html/main/colys/12374552.html,,,,,,待单人精确检索,,,,Sheng Yangyu | 防化研究院 | 能源与矿业工程学部 | English journal DOI
ACAD01151,杨长风,Feng Yangzhang,CAE,2021,工程管理学部,中国卫星导航系统管理办公室,https://www.cae.cn/cae/html/main/colys/59108250.html,,,,,,待单人精确检索,,,,Feng Yangzhang | 中国卫星导航系统管理办公室 | 工程管理学部 | English journal DOI
ACAD01153,林东昕,Dongxin Lin,CAE,2013,医药卫生学部,中国医学科学院肿瘤医院,https://www.cae.cn/cae/html/main/colys/41885175.html,,,,,,待单人精确检索,,,,Dongxin Lin | 中国医学科学院肿瘤医院 | 医药卫生学部 | English journal DOI
ACAD01154,林俊德,Junde Lin,CAE,2001,土木、水利与建筑工程学部,总装备部,https://www.cae.cn/cae/html/main/colys/21322066.html,,,,,,待单人精确检索,,,,Junde Lin | 总装备部 | 土木、水利与建筑工程学部 | English journal DOI
ACAD01155,林元培,Yuanpei Lin,CAE,2005,土木、水利与建筑工程学部,上海市政工程设计研究院,https://www.cae.cn/cae/html/main/colys/46389391.html,,,,,,待单人精确检索,,,,Yuanpei Lin | 上海市政工程设计研究院 | 土木、水利与建筑工程学部 | English journal DOI
ACAD01160,林君,Jun Lin,CAE,2019,能源与矿业工程学部,吉林大学,https://www.cae.cn/cae/html/main/colys/83658694.html,,,,,,待单人精确检索,,,,Jun Lin | 吉林大学 | 能源与矿业工程学部 | English journal DOI
ACAD01164,林宗虎,Zonghu Lin,CAE,1995,机械与运载工程学部,西安交通大学,https://www.cae.cn/cae/html/main/colys/03299978.html,,,,,,待单人精确检索,,,,Zonghu Lin | 西安交通大学 | 机械与运载工程学部 | English journal DOI
ACAD01167,林尚扬,Shangyang Lin,CAE,1995,机械与运载工程学部,机械工业部哈尔滨焊接研究所,https://www.cae.cn/cae/html/main/colys/00585157.html,,,,,,待单人精确检索,,,,Shangyang Lin | 机械工业部哈尔滨焊接研究所 | 机械与运载工程学部 | English journal DOI
ACAD01168,林忠钦,Zhongqin Lin,CAE,2011,机械与运载工程学部,上海交通大学,https://www.cae.cn/cae/html/main/colys/34441513.html,,,,,,待单人精确检索,,,,Zhongqin Lin | 上海交通大学 | 机械与运载工程学部 | English journal DOI
ACAD01170,林永年,Yongnian Lin,CAE,1995,信息与电子工程学部,总参谋部第五十一研究所,https://www.cae.cn/cae/html/main/colys/21140242.html,,,,,,待单人精确检索,,,,Yongnian Lin | 总参谋部第五十一研究所 | 信息与电子工程学部 | English journal DOI
ACAD01171,林浩然,Haoran Lin,CAE,1997,农业学部,中山大学,https://www.cae.cn/cae/html/main/colys/62527911.html,,,,,,待单人精确检索,,,,Haoran Lin | 中山大学 | 农业学部 | English journal DOI
ACAD01174,林祥棣,Xiangdi Lin,CAE,1997,信息与电子工程学部,中国科学院成都分院,https://www.cae.cn/cae/html/main/colys/62342552.html,,,,,,待单人精确检索,,,,Xiangdi Lin | 中国科学院成都分院 | 信息与电子工程学部 | English journal DOI
ACAD01177,林鸣,Ming Lin,CAE,2021,工程管理学部,中国交通建设股份有限公司,https://www.cae.cn/cae/html/main/colys/35609277.html,,,,,,待单人精确检索,,,,Ming Lin | 中国交通建设股份有限公司 | 工程管理学部 | English journal DOI
ACAD01180,柏连阳,Lianyang Bai,CAE,2021,农业学部,湖南省农业科学院,https://www.cae.cn/cae/html/main/colys/64960862.html,,,,,,待单人精确检索,,,,Lianyang Bai | 湖南省农业科学院 | 农业学部 | English journal DOI
ACAD01181,柯伟,Kewei,CAE,1997,化工、冶金与材料工程学部,中国科学院金属研究所,https://www.cae.cn/cae/html/main/colys/43832630.html,,,,,,待单人精确检索,,,,Kewei | 中国科学院金属研究所 | 化工、冶金与材料工程学部 | English journal DOI
ACAD01182,柳百成,Baicheng Liu,CAE,1999,机械与运载工程学部,清华大学,https://www.cae.cn/cae/html/main/colys/09166140.html,,,,,,待单人精确检索,,,,Baicheng Liu | 清华大学 | 机械与运载工程学部 | English journal DOI
ACAD01185,柴天佑,Tianyou Chai,CAE,2003,信息与电子工程学部,东北大学,https://www.cae.cn/cae/html/main/colys/56107454.html,,,,,,待单人精确检索,,,,Tianyou Chai | 东北大学 | 信息与电子工程学部 | English journal DOI
ACAD01186,柴洪峰,Hongfeng Chai,CAE,2015,工程管理学部,中国银联股份有限公司,https://www.cae.cn/cae/html/main/colys/64858938.html,,,,,,待单人精确检索,,,,Hongfeng Chai | 中国银联股份有限公司 | 工程管理学部 | English journal DOI
ACAD01187,柴立元,Liyuan Chai,CAE,2019,化工、冶金与材料工程学部,中南大学,https://www.cae.cn/cae/html/main/colys/59062961.html,,,,,,待单人精确检索,,,,Liyuan Chai | 中南大学 | 化工、冶金与材料工程学部 | English journal DOI
ACAD01188,栾恩杰,Luanenjie,CAE,2009,工程管理学部,国家国防科技工业局,https://www.cae.cn/cae/html/main/colys/46623118.html,,,,,,待单人精确检索,,,,Luanenjie | 国家国防科技工业局 | 工程管理学部 | English journal DOI
ACAD01189,桂卫华,Weihua Gui,CAE,2013,信息与电子工程学部,中南大学,https://www.cae.cn/cae/html/main/colys/42578985.html,,,,,,待单人精确检索,,,,Weihua Gui | 中南大学 | 信息与电子工程学部 | English journal DOI
ACAD01191,桑凤亭,Fengting Sang,CAE,2003,化工、冶金与材料工程学部,中国科学院大连化学物理研究所,https://www.cae.cn/cae/html/main/colys/21855268.html,,,,,,待单人精确检索,,,,Fengting Sang | 中国科学院大连化学物理研究所 | 化工、冶金与材料工程学部 | English journal DOI
ACAD01192,桑国卫,Guowei Sang,CAE,1999,医药卫生工程学部,中国药品生物制品检定所,https://www.cae.cn/cae/html/main/colys/37895794.html,,,,,,待单人精确检索,,,,Guowei Sang | 中国药品生物制品检定所 | 医药卫生工程学部 | English journal DOI
ACAD01193,梁应辰,Yingchen Liang,CAE,1994,土木、水利与建筑工程学部,交通部三峡工程领导小组办公室,https://www.cae.cn/cae/html/main/colys/81809843.html,,,,,,待单人精确检索,,,,Yingchen Liang | 交通部三峡工程领导小组办公室 | 土木、水利与建筑工程学部 | English journal DOI
ACAD01196,梁文灏,Wenhao Liang,CAE,2005,土木、水利与建筑工程学部,铁道第一勘察设计院,https://www.cae.cn/cae/html/main/colys/59110970.html,,,,,,待单人精确检索,,,,Wenhao Liang | 铁道第一勘察设计院 | 土木、水利与建筑工程学部 | English journal DOI
ACAD01198,梁晋才,Jincai Liang,CAE,1997,机械与运载工程学部,中国航天科技集团公司第八研究院,https://www.cae.cn/cae/html/main/colys/37633473.html,,,,,,待单人精确检索,,,,Jincai Liang | 中国航天科技集团公司第八研究院 | 机械与运载工程学部 | English journal DOI
ACAD01200,梁维燕,Weiyan Liang,CAE,1995,能源与矿业工程学部,哈尔滨电站设备集团公司,https://www.cae.cn/cae/html/main/colys/03669105.html,,,,,,待单人精确检索,,,,Weiyan Liang | 哈尔滨电站设备集团公司 | 能源与矿业工程学部 | English journal DOI
ACAD01201,梁骏吾,Junwu Liang,CAE,1997,信息与电子工程学部,中国科学院半导体研究所,https://www.cae.cn/cae/html/main/colys/03815214.html,,,,,,待单人精确检索,,,,Junwu Liang | 中国科学院半导体研究所 | 信息与电子工程学部 | English journal DOI
ACAD01203,梅洪元,Hongyuan Mei,CAE,2021,土木、水利与建筑工程学部,哈尔滨工业大学,https://www.cae.cn/cae/html/main/colys/87981019.html,,,,,,待单人精确检索,,,,Hongyuan Mei | 哈尔滨工业大学 | 土木、水利与建筑工程学部 | English journal DOI
ACAD01207,樊代明,Daiming Fan,CAE,2001,医药卫生学部,第四军医大学第一附属医院,https://www.cae.cn/cae/html/main/colys/21789252.html,,,,,,待单人精确检索,,,,Daiming Fan | 第四军医大学第一附属医院 | 医药卫生学部 | English journal DOI
ACAD01208,樊会涛,Huitao Fan,CAE,2013,机械与运载工程学部,中国航空工业集团公司,https://www.cae.cn/cae/html/main/colys/42793697.html,,,,,,待单人精确检索,,,,Huitao Fan | 中国航空工业集团公司 | 机械与运载工程学部 | English journal DOI
ACAD01210,樊明武,Mingwu Fan,CAE,1999,能源与矿业工程学部,中国原子能科学研究院,https://www.cae.cn/cae/html/main/colys/81606016.html,,,,,,待单人精确检索,,,,Mingwu Fan | 中国原子能科学研究院 | 能源与矿业工程学部 | English journal DOI
ACAD01212,樊邦奎,Bangkui Fan,CAE,2015,信息与电子工程学部,解放军总参谋部,https://www.cae.cn/cae/html/main/colys/18376218.html,,,,,,待单人精确检索,,,,Bangkui Fan | 解放军总参谋部 | 信息与电子工程学部 | English journal DOI
ACAD01213,欧进萍,Jinping Ou,CAE,2003,土木、水利与建筑工程学部,哈尔滨工业大学,https://www.cae.cn/cae/html/main/colys/62114734.html,,,,,,待单人精确检索,,,,Jinping Ou | 哈尔滨工业大学 | 土木、水利与建筑工程学部 | English journal DOI
ACAD01215,欧阳平凯,Yangpingkai Ou,CAE,2001,化工、冶金与材料工程学部,南京化工大学,https://www.cae.cn/cae/html/main/colys/78603498.html,,,,,,待单人精确检索,,,,Yangpingkai Ou | 南京化工大学 | 化工、冶金与材料工程学部 | English journal DOI
ACAD01217,欧阳晓平,Yangxiaoping Ou,CAE,2013,能源与矿业工程学部,西北核技术研究所,https://www.cae.cn/cae/html/main/colys/42304522.html,,,,,,待单人精确检索,,,,Yangxiaoping Ou | 西北核技术研究所 | 能源与矿业工程学部 | English journal DOI
ACAD01222,武强,Qiang Wu,CAE,2015,能源与矿业工程学部,中国矿业大学,https://www.cae.cn/cae/html/main/colys/75645833.html,,,,,,待单人精确检索,,,,Qiang Wu | 中国矿业大学 | 能源与矿业工程学部 | English journal DOI
ACAD01224,武胜,Sheng Wu,CAE,1999,化工、冶金与材料工程学部,中国工程物理研究院,https://www.cae.cn/cae/html/main/colys/50941512.html,,,,,,待单人精确检索,,,,Sheng Wu | 中国工程物理研究院 | 化工、冶金与材料工程学部 | English journal DOI
ACAD01225,段宁,Ning Duan,CAE,2011,环境与轻纺工程学部,中国环境科学研究院清洁生产中心,https://www.cae.cn/cae/html/main/colys/56729630.html,,,,,,待单人精确检索,,,,Ning Duan | 中国环境科学研究院清洁生产中心 | 环境与轻纺工程学部 | English journal DOI
ACAD01226,段宝岩,Baoyan Duan,CAE,2011,信息与电子工程学部,西安电子科技大学,https://www.cae.cn/cae/html/main/colys/06378275.html,,,,,,待单人精确检索,,,,Baoyan Duan | 西安电子科技大学 | 信息与电子工程学部 | English journal DOI
ACAD01231,段正澄,Zhengcheng Duan,CAE,2009,机械与运载工程学部,华中科技大学,https://www.cae.cn/cae/html/main/colys/37486861.html,,,,,,待单人精确检索,,,,Zhengcheng Duan | 华中科技大学 | 机械与运载工程学部 | English journal DOI
ACAD01237,殷国茂,Guomao Yin,CAE,1995,化工、冶金与材料工程学部,冶金工业部成都无缝钢管厂,https://www.cae.cn/cae/html/main/colys/46942641.html,,,,,,待单人精确检索,,,,Guomao Yin | 冶金工业部成都无缝钢管厂 | 化工、冶金与材料工程学部 | English journal DOI
ACAD01238,殷瑞钰,Ruiyu Yin,CAE,1994,化工、冶金与材料工程学部，工程管理学部,冶金工业部,https://www.cae.cn/cae/html/main/colys/03969655.html,,,,,,待单人精确检索,,,,Ruiyu Yin | 冶金工业部 | 化工、冶金与材料工程学部，工程管理学部 | English journal DOI
ACAD01243,毛二可,Erke Mao,CAE,1995,信息与电子工程学部,北京理工大学,https://www.cae.cn/cae/html/main/colys/50703973.html,,,,,,待单人精确检索,,,,Erke Mao | 北京理工大学 | 信息与电子工程学部 | English journal DOI
ACAD01245,毛新平,Xinping Mao,CAE,2015,化工、冶金与材料工程学部,武汉钢铁（集团）公司,https://www.cae.cn/cae/html/main/colys/79444330.html,,,,,,待单人精确检索,,,,Xinping Mao | 武汉钢铁（集团）公司 | 化工、冶金与材料工程学部 | English journal DOI
ACAD01247,毛景文,Jingwen Mao,CAE,2017,能源与矿业工程学部,中国地质科学院矿产资源研究所,https://www.cae.cn/cae/html/main/colys/86674055.html,,,,,,待单人精确检索,,,,Jingwen Mao | 中国地质科学院矿产资源研究所 | 能源与矿业工程学部 | English journal DOI
ACAD01249,毛炳权,Bingquan Mao,CAE,1995,化工、冶金与材料工程学部,化学工业部北京化工研究院,https://www.cae.cn/cae/html/main/colys/50701840.html,,,,,,待单人精确检索,,,,Bingquan Mao | 化学工业部北京化工研究院 | 化工、冶金与材料工程学部 | English journal DOI
ACAD01250,毛用泽,Yongze Mao,CAE,1995,能源与矿业工程学部,防化研究院,https://www.cae.cn/cae/html/main/colys/56476933.html,,,,,,待单人精确检索,,,,Yongze Mao | 防化研究院 | 能源与矿业工程学部 | English journal DOI
ACAD01251,江东亮,Dongliang Jiang,CAE,2001,化工、冶金与材料工程学部,中国科学院上海硅酸盐研究所,https://www.cae.cn/cae/html/main/colys/62723576.html,,,,,,待单人精确检索,,,,Dongliang Jiang | 中国科学院上海硅酸盐研究所 | 化工、冶金与材料工程学部 | English journal DOI
ACAD01252,江亿,Yi Jiang,CAE,2001,土木、水利与建筑工程学部,清华大学,https://www.cae.cn/cae/html/main/colys/34649307.html,,,,,,待单人精确检索,,,,Yi Jiang | 清华大学 | 土木、水利与建筑工程学部 | English journal DOI
ACAD01257,江欢成,Huancheng Jiang,CAE,1995,土木、水利与建筑工程学部,华东建筑设计研究院,https://www.cae.cn/cae/html/main/colys/62167176.html,,,,,,待单人精确检索,,,,Huancheng Jiang | 华东建筑设计研究院 | 土木、水利与建筑工程学部 | English journal DOI
ACAD01260,江碧涛,Bitao Jiang,CAE,2021,信息与电子工程学部,中国人民解放军61646部队,https://www.cae.cn/cae/html/main/colys/70679388.html,,,,,,待单人精确检索,,,,Bitao Jiang | 中国人民解放军61646部队 | 信息与电子工程学部 | English journal DOI
ACAD01265,池志强,Zhiqiang Chi,CAE,1997,医药卫生学部,中国科学院生命科学院上海药物研究所,https://www.cae.cn/cae/html/main/colys/75485164.html,,,,,,待单人精确检索,,,,Zhiqiang Chi | 中国科学院生命科学院上海药物研究所 | 医药卫生学部 | English journal DOI
ACAD01266,汤中立,Zhongli Tang,CAE,1995,能源与矿业工程学部,地质矿产部甘肃省地质矿产局,https://www.cae.cn/cae/html/main/colys/00336429.html,,,,,,待单人精确检索,,,,Zhongli Tang | 地质矿产部甘肃省地质矿产局 | 能源与矿业工程学部 | English journal DOI
ACAD01268,汤广福,Guangfu Tang,CAE,2017,能源与矿业工程学部,全球能源互联网研究院,https://www.cae.cn/cae/html/main/colys/99399162.html,,,,,,待单人精确检索,,,,Guangfu Tang | 全球能源互联网研究院 | 能源与矿业工程学部 | English journal DOI
ACAD01272,汤钊猷,Zhaoyou Tang,CAE,1995,医药卫生学部,复旦大学,https://www.cae.cn/cae/html/main/colys/50239701.html,,,,,,待单人精确检索,,,,Zhaoyou Tang | 复旦大学 | 医药卫生学部 | English journal DOI
ACAD01273,汤鸿霄,Hongxiao Tang,CAE,1995,环境与轻纺工程学部,中国科学院生态环境研究中心,https://www.cae.cn/cae/html/main/colys/25813077.html,,,,,,待单人精确检索,,,,Hongxiao Tang | 中国科学院生态环境研究中心 | 环境与轻纺工程学部 | English journal DOI
ACAD01278,汪应洛,Luo Wangying,CAE,2003,工程管理学部,西安交通大学,https://www.cae.cn/cae/html/main/colys/31242867.html,,,,,,待单人精确检索,,,,Luo Wangying | 西安交通大学 | 工程管理学部 | English journal DOI
ACAD01280,汪懋华,Hua Wangmao,CAE,1995,农业学部,中国农业大学,https://www.cae.cn/cae/html/main/colys/56802308.html,,,,,,待单人精确检索,,,,Hua Wangmao | 中国农业大学 | 农业学部 | English journal DOI
ACAD01281,汪成为,Wei Wangcheng,CAE,1994,信息与电子工程学部,国防科工委,https://www.cae.cn/cae/html/main/colys/81313231.html,,,,,,待单人精确检索,,,,Wei Wangcheng | 国防科工委 | 信息与电子工程学部 | English journal DOI
ACAD01283,汪旭光,Wangxuguang,CAE,1995,化工、冶金与材料工程学部,中国有色金属工业总公司北京矿冶研究总院,https://www.cae.cn/cae/html/main/colys/53934638.html,,,,,,待单人精确检索,,,,Wangxuguang | 中国有色金属工业总公司北京矿冶研究总院 | 化工、冶金与材料工程学部 | English journal DOI
ACAD01285,汪槱生,Sheng Wangyou,CAE,1994,机械与运载工程学部,浙江大学,https://www.cae.cn/cae/html/main/colys/96440392.html,,,,,,待单人精确检索,,,,Sheng Wangyou | 浙江大学 | 机械与运载工程学部 | English journal DOI
ACAD01286,汪燮卿,Wangxieqing,CAE,1995,化工、冶金与材料工程学部,中国石油化工总公司石油化工科学研究院,https://www.cae.cn/cae/html/main/colys/78284177.html,,,,,,待单人精确检索,,,,Wangxieqing | 中国石油化工总公司石油化工科学研究院 | 化工、冶金与材料工程学部 | English journal DOI
ACAD01290,汪顺亭,Ting Wangshun,CAE,1995,机械与运载工程学部,中国船舶工业总公司天津航海仪器研究所,https://www.cae.cn/cae/html/main/colys/00386093.html,,,,,,待单人精确检索,,,,Ting Wangshun | 中国船舶工业总公司天津航海仪器研究所 | 机械与运载工程学部 | English journal DOI
ACAD01291,沈世钊,Shizhao Shen,CAE,1999,土木、水利与建筑工程学部,哈尔滨建筑大学,https://www.cae.cn/cae/html/main/colys/00913729.html,,,,,,待单人精确检索,,,,Shizhao Shen | 哈尔滨建筑大学 | 土木、水利与建筑工程学部 | English journal DOI
ACAD01294,沈倍奋,Beifen Shen,CAE,1997,医药卫生学部,军事医学科学院基础医学研究所,https://www.cae.cn/cae/html/main/colys/81770360.html,,,,,,待单人精确检索,,,,Beifen Shen | 军事医学科学院基础医学研究所 | 医药卫生学部 | English journal DOI
ACAD01295,沈其荣,Qirong Shen,CAE,2021,农业学部,南京农业大学,https://www.cae.cn/cae/html/main/colys/09980794.html,,,,,,待单人精确检索,,,,Qirong Shen | 南京农业大学 | 农业学部 | English journal DOI
ACAD01297,沈国舫,Guofang Shen,CAE,1995,农业学部,北京林业大学,https://www.cae.cn/cae/html/main/colys/53975188.html,,,,,,待单人精确检索,,,,Guofang Shen | 北京林业大学 | 农业学部 | English journal DOI
ACAD01298,沈国荣,Guorong Shen,CAE,1999,能源与矿业工程学部,电力自动化研究院,https://www.cae.cn/cae/html/main/colys/25542050.html,,,,,,待单人精确检索,,,,Guorong Shen | 电力自动化研究院 | 能源与矿业工程学部 | English journal DOI
ACAD01301,沈家祥,Jiaxiang Shen,CAE,1999,医药卫生工程学部,北京市集才药物研究所,https://www.cae.cn/cae/html/main/colys/21901858.html,,,,,,待单人精确检索,,,,Jiaxiang Shen | 北京市集才药物研究所 | 医药卫生工程学部 | English journal DOI
ACAD01303,沈寅初,Yinchu Shen,CAE,1997,化工、冶金与材料工程学部,浙江工业大学,https://www.cae.cn/cae/html/main/colys/50366693.html,,,,,,待单人精确检索,,,,Yinchu Shen | 浙江工业大学 | 化工、冶金与材料工程学部 | English journal DOI
ACAD01305,沈建忠,Jianzhong Shen,CAE,2015,农业学部,中国农业大学,https://www.cae.cn/cae/html/main/colys/76620655.html,,,,,,待单人精确检索,,,,Jianzhong Shen | 中国农业大学 | 农业学部 | English journal DOI
ACAD01306,沈德忠,Dezhong Shen,CAE,1995,化工、冶金与材料工程学部,国家建材局人工晶体研究所,https://www.cae.cn/cae/html/main/colys/90874676.html,,,,,,待单人精确检索,,,,Dezhong Shen | 国家建材局人工晶体研究所 | 化工、冶金与材料工程学部 | English journal DOI
ACAD01308,沈忠厚,Zhonghou Shen,CAE,2001,能源与矿业工程学部,北京昌平石油大学,https://www.cae.cn/cae/html/main/colys/21665687.html,,,,,,待单人精确检索,,,,Zhonghou Shen | 北京昌平石油大学 | 能源与矿业工程学部 | English journal DOI
ACAD01309,沈政昌,Zhengchang Shen,CAE,2021,化工、冶金与材料工程学部,矿冶科技集团有限公司,https://www.cae.cn/cae/html/main/colys/27187867.html,,,,,,待单人精确检索,,,,Zhengchang Shen | 矿冶科技集团有限公司 | 化工、冶金与材料工程学部 | English journal DOI
ACAD01311,沈昌祥,Changxiang Shen,CAE,1995,信息与电子工程学部,海军计算技术研究所,https://www.cae.cn/cae/html/main/colys/21643372.html,,,,,,待单人精确检索,,,,Changxiang Shen | 海军计算技术研究所 | 信息与电子工程学部 | English journal DOI
ACAD01313,沈洪兵,Hongbing Shen,CAE,2019,医药卫生学部,南京医科大学,https://www.cae.cn/cae/html/main/colys/95208149.html,,,,,,待单人精确检索,,,,Hongbing Shen | 南京医科大学 | 医药卫生学部 | English journal DOI
ACAD01314,沈渔邨,Yucun Shen,CAE,1997,医药卫生学部,北京大学,https://www.cae.cn/cae/html/main/colys/62230205.html,,,,,,待单人精确检索,,,,Yucun Shen | 北京大学 | 医药卫生学部 | English journal DOI
ACAD01316,沈祖尧,Zuyao Shen,CAE,2011,医药卫生学部,香港中文大学,https://www.cae.cn/cae/html/main/colys/68565990.html,,,,,,待单人精确检索,,,,Zuyao Shen | 香港中文大学 | 医药卫生学部 | English journal DOI
ACAD01317,沈祖炎,Zuyan Shen,CAE,2005,土木、水利与建筑工程学部,同济大学,https://www.cae.cn/cae/html/main/colys/50503584.html,,,,,,待单人精确检索,,,,Zuyan Shen | 同济大学 | 土木、水利与建筑工程学部 | English journal DOI
ACAD01321,沈荣显,Rongxian Shen,CAE,1995,农业学部,中国学业科学院哈尔滨兽医研究所,https://www.cae.cn/cae/html/main/colys/65762717.html,,,,,,待单人精确检索,,,,Rongxian Shen | 中国学业科学院哈尔滨兽医研究所 | 农业学部 | English journal DOI
ACAD01322,沈荣骏,Rongjun Shen,CAE,2005,工程管理学部,总装备部,https://www.cae.cn/cae/html/main/colys/65508652.html,,,,,,待单人精确检索,,,,Rongjun Shen | 总装备部 | 工程管理学部 | English journal DOI
ACAD01323,沈闻孙,Wensun Shen,CAE,1997,机械与运载工程学部,大连市船舶重工集团有限责任公司,https://www.cae.cn/cae/html/main/colys/06987268.html,,,,,,待单人精确检索,,,,Wensun Shen | 大连市船舶重工集团有限责任公司 | 机械与运载工程学部 | English journal DOI
ACAD01326,沙庆林,Qinglin Sha,CAE,1995,土木、水利与建筑工程学部,交通部公路科学研究所,https://www.cae.cn/cae/html/main/colys/40463811.html,,,,,,待单人精确检索,,,,Qinglin Sha | 交通部公路科学研究所 | 土木、水利与建筑工程学部 | English journal DOI
ACAD01327,洪伯潜,Qian Hongbo,CAE,1997,能源与矿业工程学部,煤炭科学研究总院,https://www.cae.cn/cae/html/main/colys/87356998.html,,,,,,待单人精确检索,,,,Qian Hongbo | 煤炭科学研究总院 | 能源与矿业工程学部 | English journal DOI
ACAD01332,洪涛,Hongtao,CAE,1996,医药卫生学部,中国疾病预防控制中心病毒病预防控制所,https://www.cae.cn/cae/html/main/colys/03378810.html,,,,,,待单人精确检索,,,,Hongtao | 中国疾病预防控制中心病毒病预防控制所 | 医药卫生学部 | English journal DOI
ACAD01335,涂善东,Shandong Tu,CAE,2019,化工、冶金与材料工程学部,华东理工大学,https://www.cae.cn/cae/html/main/colys/73040784.html,,,,,,待单人精确检索,,,,Shandong Tu | 华东理工大学 | 化工、冶金与材料工程学部 | English journal DOI
ACAD01337,涂铭旌,Mingjing Tu,CAE,1995,机械与运载工程学部,四川大学,https://www.cae.cn/cae/html/main/colys/40300859.html,,,,,,待单人精确检索,,,,Mingjing Tu | 四川大学 | 机械与运载工程学部 | English journal DOI
ACAD01338,温俊峰,Feng Wenjun,CAE,1997,机械与运载工程学部,烟台大学,https://www.cae.cn/cae/html/main/colys/46802168.html,,,,,,待单人精确检索,,,,Feng Wenjun | 烟台大学 | 机械与运载工程学部 | English journal DOI
ACAD01346,潘云鹤,Yunhe Pan,CAE,1997,信息与电子工程学部,中国工程院,https://www.cae.cn/cae/html/main/colys/25348561.html,,,,,,待单人精确检索,,,,Yunhe Pan | 中国工程院 | 信息与电子工程学部 | English journal DOI
ACAD01347,潘健生,Jiansheng Pan,CAE,2001,机械与运载工程学部,上海交通大学,https://www.cae.cn/cae/html/main/colys/50607209.html,,,,,,待单人精确检索,,,,Jiansheng Pan | 上海交通大学 | 机械与运载工程学部 | English journal DOI
ACAD01348,潘君骅,Junhua Pan,CAE,1999,信息与电子工程学部,中国科学院南京天文仪器研制中心,https://www.cae.cn/cae/html/main/colys/50534074.html,,,,,,待单人精确检索,,,,Junhua Pan | 中国科学院南京天文仪器研制中心 | 信息与电子工程学部 | English journal DOI
ACAD01349,潘垣,Yuan Pan,CAE,1997,能源与矿业工程学部,华中科技大学,https://www.cae.cn/cae/html/main/colys/75930510.html,,,,,,待单人精确检索,,,,Yuan Pan | 华中科技大学 | 能源与矿业工程学部 | English journal DOI
ACAD01350,潘复生,Fusheng Pan,CAE,2017,化工、冶金与材料工程学部,重庆大学,https://www.cae.cn/cae/html/main/colys/99970383.html,,,,,,待单人精确检索,,,,Fusheng Pan | 重庆大学 | 化工、冶金与材料工程学部 | English journal DOI
ACAD01351,潘家铮,Jiazheng Pan,CAE,1994,土木、水利与建筑工程学部,电力工业部,https://www.cae.cn/cae/html/main/colys/12993900.html,,,,,,待单人精确检索,,,,Jiazheng Pan | 电力工业部 | 土木、水利与建筑工程学部 | English journal DOI
ACAD01353,潘德炉,Delu Pan,CAE,2001,环境与轻纺工程学部,国家海洋局第二海洋研究所,https://www.cae.cn/cae/html/main/colys/09421066.html,,,,,,待单人精确检索,,,,Delu Pan | 国家海洋局第二海洋研究所 | 环境与轻纺工程学部 | English journal DOI
ACAD01356,潘自强,Ziqiang Pan,CAE,1997,能源与矿业工程学部,中国核工业集团公司科技委,https://www.cae.cn/cae/html/main/colys/71164950.html,,,,,,待单人精确检索,,,,Ziqiang Pan | 中国核工业集团公司科技委 | 能源与矿业工程学部 | English journal DOI
ACAD01357,潘镜芙,Jingfu Pan,CAE,1995,机械与运载工程学部,中国船舶工业总公司武汉船舶设计研究所,https://www.cae.cn/cae/html/main/colys/46356089.html,,,,,,待单人精确检索,,,,Jingfu Pan | 中国船舶工业总公司武汉船舶设计研究所 | 机械与运载工程学部 | English journal DOI
ACAD01363,熊远著,Yuanzhu Xiong,CAE,1999,农业学部,华中农业大学,https://www.cae.cn/cae/html/main/colys/53692548.html,,,,,,待单人精确检索,,,,Yuanzhu Xiong | 华中农业大学 | 农业学部 | English journal DOI
ACAD01364,牛憨笨,Hanben Niu,CAE,1997,信息与电子工程学部,深圳大学,https://www.cae.cn/cae/html/main/colys/90182197.html,,,,,,待单人精确检索,,,,Hanben Niu | 深圳大学 | 信息与电子工程学部 | English journal DOI
ACAD01365,王一德,Yide Wang,CAE,2005,化工、冶金与材料工程学部,太原钢铁（集团）有限公司,https://www.cae.cn/cae/html/main/colys/31733824.html,,,,,,待单人精确检索,,,,Yide Wang | 太原钢铁（集团）有限公司 | 化工、冶金与材料工程学部 | English journal DOI
ACAD01371,王云鹏,Yunpeng Wang,CAE,2021,机械与运载工程学部,北京航空航天大学,https://www.cae.cn/cae/html/main/colys/92472279.html,,,,,,待单人精确检索,,,,Yunpeng Wang | 北京航空航天大学 | 机械与运载工程学部 | English journal DOI
ACAD01373,王仲奇,Zhongqi Wang,CAE,1997,能源与矿业工程学部,哈尔滨工业大学,https://www.cae.cn/cae/html/main/colys/65721914.html,,,,,,待单人精确检索,,,,Zhongqi Wang | 哈尔滨工业大学 | 能源与矿业工程学部 | English journal DOI
ACAD01374,王任享,Renxiang Wang,CAE,1997,信息与电子工程学部,总参谋部测绘研究所,https://www.cae.cn/cae/html/main/colys/59644255.html,,,,,,待单人精确检索,,,,Renxiang Wang | 总参谋部测绘研究所 | 信息与电子工程学部 | English journal DOI
ACAD01375,王众托,Zhongtuo Wang,CAE,2001,工程管理学部,大连理工大学管理学院,https://www.cae.cn/cae/html/main/colys/25715745.html,,,,,,待单人精确检索,,,,Zhongtuo Wang | 大连理工大学管理学院 | 工程管理学部 | English journal DOI
ACAD01378,王俊,Jun Wang,CAE,2019,医药卫生学部,北京大学人民医院,https://www.cae.cn/cae/html/main/colys/69079057.html,,,,,,待单人精确检索,,,,Jun Wang | 北京大学人民医院 | 医药卫生学部 | English journal DOI
ACAD01380,王光远,Guangyuan Wang,CAE,1994,土木、水利与建筑工程学部,哈尔滨建筑工程学院,https://www.cae.cn/cae/html/main/colys/15180861.html,,,,,,待单人精确检索,,,,Guangyuan Wang | 哈尔滨建筑工程学院 | 土木、水利与建筑工程学部 | English journal DOI
ACAD01382,王兴治,Xingzhi Wang,CAE,1995,机械与运载工程学部,中国兵器工业总公司陕西青华机电研究所,https://www.cae.cn/cae/html/main/colys/90989876.html,,,,,,待单人精确检索,,,,Xingzhi Wang | 中国兵器工业总公司陕西青华机电研究所 | 机械与运载工程学部 | English journal DOI
ACAD01383,王军志,Junzhi Wang,CAE,2019,医药卫生学部,中国食品药品检定研究院,https://www.cae.cn/cae/html/main/colys/75748255.html,,,,,,待单人精确检索,,,,Junzhi Wang | 中国食品药品检定研究院 | 医药卫生学部 | English journal DOI
ACAD01384,王军成,Juncheng Wang,CAE,2021,环境与轻纺工程学部,山东省科学院海洋仪器仪表研究所,https://www.cae.cn/cae/html/main/colys/39584876.html,,,,,,待单人精确检索,,,,Juncheng Wang | 山东省科学院海洋仪器仪表研究所 | 环境与轻纺工程学部 | English journal DOI
ACAD01385,王华明,Huaming Wang,CAE,2015,机械与运载工程学部,北京航空航天大学,https://www.cae.cn/cae/html/main/colys/01756185.html,,,,,,待单人精确检索,,,,Huaming Wang | 北京航空航天大学 | 机械与运载工程学部 | English journal DOI
ACAD01387,王双明,Shuangming Wang,CAE,2017,能源与矿业工程学部,陕西省地质调查院,https://www.cae.cn/cae/html/main/colys/50910275.html,,,,,,待单人精确检索,,,,Shuangming Wang | 陕西省地质调查院 | 能源与矿业工程学部 | English journal DOI
ACAD01388,王双飞,Shuangfei Wang,CAE,2021,环境与轻纺工程学部,广西大学,https://www.cae.cn/cae/html/main/colys/77017227.html,,,,,,待单人精确检索,,,,Shuangfei Wang | 广西大学 | 环境与轻纺工程学部 | English journal DOI
ACAD01389,王向明,Xiangming Wang,CAE,2021,机械与运载工程学部,中国航空工业集团公司沈阳飞机设计研究所,https://www.cae.cn/cae/html/main/colys/40394448.html,,,,,,待单人精确检索,,,,Xiangming Wang | 中国航空工业集团公司沈阳飞机设计研究所 | 机械与运载工程学部 | English journal DOI
ACAD01391,王哲荣,Zherong Wang,CAE,2001,机械与运载工程学部,中国北方车辆研究所,https://www.cae.cn/cae/html/main/colys/68970283.html,,,,,,待单人精确检索,,,,Zherong Wang | 中国北方车辆研究所 | 机械与运载工程学部 | English journal DOI
ACAD01392,王国庆,Guoqing Wang,CAE,2021,机械与运载工程学部,中国航天科技集团有限公司,https://www.cae.cn/cae/html/main/colys/80921505.html,,,,,,待单人精确检索,,,,Guoqing Wang | 中国航天科技集团有限公司 | 机械与运载工程学部 | English journal DOI
ACAD01393,王国栋,Guodong Wang,CAE,2005,化工、冶金与材料工程学部,东北大学,https://www.cae.cn/cae/html/main/colys/71333521.html,,,,,,待单人精确检索,,,,Guodong Wang | 东北大学 | 化工、冶金与材料工程学部 | English journal DOI
ACAD01394,王国法,Guofa Wang,CAE,2017,能源与矿业工程学部,天地科技股份有限公司,https://www.cae.cn/cae/html/main/colys/07179089.html,,,,,,待单人精确检索,,,,Guofa Wang | 天地科技股份有限公司 | 能源与矿业工程学部 | English journal DOI
ACAD01396,王坚,Jian Wang,CAE,2019,工程管理学部,阿里巴巴（中国）有限公司,https://www.cae.cn/cae/html/main/colys/14763753.html,,,,,,待单人精确检索,,,,Jian Wang | 阿里巴巴（中国）有限公司 | 工程管理学部 | English journal DOI
ACAD01397,王基铭,Jiming Wang,CAE,2005,工程管理学部,中国石油化工股份有限公司,https://www.cae.cn/cae/html/main/colys/06728462.html,,,,,,待单人精确检索,,,,Jiming Wang | 中国石油化工股份有限公司 | 工程管理学部 | English journal DOI
ACAD01398,王士雯,Shiwen Wang,CAE,1996,医药卫生学部,解放军总医院老年心血管病研究所,https://www.cae.cn/cae/html/main/colys/25669150.html,,,,,,待单人精确检索,,,,Shiwen Wang | 解放军总医院老年心血管病研究所 | 医药卫生学部 | English journal DOI
ACAD01399,王复明,Fuming Wang,CAE,2015,土木、水利与建筑工程学部,郑州大学,https://www.cae.cn/cae/html/main/colys/78246592.html,,,,,,待单人精确检索,,,,Fuming Wang | 郑州大学 | 土木、水利与建筑工程学部 | English journal DOI
ACAD01404,王天然,Tianran Wang,CAE,2003,信息与电子工程学部,中国科学院沈阳自动化研究所,https://www.cae.cn/cae/html/main/colys/18156242.html,,,,,,待单人精确检索,,,,Tianran Wang | 中国科学院沈阳自动化研究所 | 信息与电子工程学部 | English journal DOI
ACAD01405,王如松,Rusong Wang,CAE,2011,环境与轻纺工程学部,中国科学院生态环境研究中心,https://www.cae.cn/cae/html/main/colys/03454168.html,,,,,,待单人精确检索,,,,Rusong Wang | 中国科学院生态环境研究中心 | 环境与轻纺工程学部 | English journal DOI
ACAD01406,王威琪,Weiqi Wang,CAE,1999,医药卫生工程学部,复旦大学,https://www.cae.cn/cae/html/main/colys/71497840.html,,,,,,待单人精确检索,,,,Weiqi Wang | 复旦大学 | 医药卫生工程学部 | English journal DOI
ACAD01407,王子才,Zicai Wang,CAE,2001,信息与电子工程学部,哈尔滨工业大学,https://www.cae.cn/cae/html/main/colys/37319920.html,,,,,,待单人精确检索,,,,Zicai Wang | 哈尔滨工业大学 | 信息与电子工程学部 | English journal DOI
ACAD01408,王学浩,Xuehao Wang,CAE,2011,医药卫生学部,南京医科大学第一附属医院,https://www.cae.cn/cae/html/main/colys/00593701.html,,,,,,待单人精确检索,,,,Xuehao Wang | 南京医科大学第一附属医院 | 医药卫生学部 | English journal DOI
ACAD01409,王家耀,Jiayao Wang,CAE,2001,土木、水利与建筑工程学部,郑州测绘学院,https://www.cae.cn/cae/html/main/colys/12167789.html,,,,,,待单人精确检索,,,,Jiayao Wang | 郑州测绘学院 | 土木、水利与建筑工程学部 | English journal DOI
ACAD01411,王小东,Xiaodong Wang,CAE,2007,土木、水利与建筑工程学部,新疆建筑设计研究院,https://www.cae.cn/cae/html/main/colys/12967576.html,,,,,,待单人精确检索,,,,Xiaodong Wang | 新疆建筑设计研究院 | 土木、水利与建筑工程学部 | English journal DOI
ACAD01413,王小谟,Xiaomo Wang,CAE,1995,信息与电子工程学部,电子工业部电子科学研究院,https://www.cae.cn/cae/html/main/colys/78659734.html,,,,,,待单人精确检索,,,,Xiaomo Wang | 电子工业部电子科学研究院 | 信息与电子工程学部 | English journal DOI
ACAD01419,王广基,Guangji Wang,CAE,2013,医药卫生学部,中国药科大学,https://www.cae.cn/cae/html/main/colys/41733597.html,,,,,,待单人精确检索,,,,Guangji Wang | 中国药科大学 | 医药卫生学部 | English journal DOI
ACAD01420,王建国,Jianguo Wang,CAE,2015,土木、水利与建筑工程学部,东南大学,https://www.cae.cn/cae/html/main/colys/44039916.html,,,,,,待单人精确检索,,,,Jianguo Wang | 东南大学 | 土木、水利与建筑工程学部 | English journal DOI
ACAD01423,王德民,Demin Wang,CAE,1994,能源与矿业工程学部,大庆石油管理局,https://www.cae.cn/cae/html/main/colys/59211713.html,,,,,,待单人精确检索,,,,Demin Wang | 大庆石油管理局 | 能源与矿业工程学部 | English journal DOI
ACAD01427,王忠诚,Zhongcheng Wang,CAE,1995,医药卫生学部,北京天坛医院,https://www.cae.cn/cae/html/main/colys/31142695.html,,,,,,待单人精确检索,,,,Zhongcheng Wang | 北京天坛医院 | 医药卫生学部 | English journal DOI
ACAD01429,王思敬,Sijing Wang,CAE,1995,能源与矿业工程学部,中国科学院地质研究所,https://www.cae.cn/cae/html/main/colys/62798620.html,,,,,,待单人精确检索,,,,Sijing Wang | 中国科学院地质研究所 | 能源与矿业工程学部 | English journal DOI
ACAD01430,王恩东,Endong Wang,CAE,2015,信息与电子工程学部,浪潮集团有限公司,https://www.cae.cn/cae/html/main/colys/81222515.html,,,,,,待单人精确检索,,,,Endong Wang | 浪潮集团有限公司 | 信息与电子工程学部 | English journal DOI
ACAD01434,王成山,Chengshan Wang,CAE,2021,能源与矿业工程学部,天津大学,https://www.cae.cn/cae/html/main/colys/09370138.html,,,,,,待单人精确检索,,,,Chengshan Wang | 天津大学 | 能源与矿业工程学部 | English journal DOI
ACAD01435,王振义,Zhenyi Wang,CAE,1995,医药卫生学部,上海交通大学,https://www.cae.cn/cae/html/main/colys/59122228.html,,,,,,待单人精确检索,,,,Zhenyi Wang | 上海交通大学 | 医药卫生学部 | English journal DOI
ACAD01436,王振国,Zhenguo Wang,CAE,2017,机械与运载工程学部,国防科技大学,https://www.cae.cn/cae/html/main/colys/72628678.html,,,,,,待单人精确检索,,,,Zhenguo Wang | 国防科技大学 | 机械与运载工程学部 | English journal DOI
ACAD01438,王文兴,Wenxing Wang,CAE,1999,环境与轻纺工程学部,中国环境科学研究院,https://www.cae.cn/cae/html/main/colys/84774510.html,,,,,,待单人精确检索,,,,Wenxing Wang | 中国环境科学研究院 | 环境与轻纺工程学部 | English journal DOI
ACAD01441,王明庥,Mingxiu Wang,CAE,1994,农业学部,南京林业大学,https://www.cae.cn/cae/html/main/colys/81501832.html,,,,,,待单人精确检索,,,,Mingxiu Wang | 南京林业大学 | 农业学部 | English journal DOI
ACAD01442,王明洋,Mingyang Wang,CAE,2021,土木、水利与建筑工程学部,中国人民解放军陆军工程大学,https://www.cae.cn/cae/html/main/colys/31928644.html,,,,,,待单人精确检索,,,,Mingyang Wang | 中国人民解放军陆军工程大学 | 土木、水利与建筑工程学部 | English journal DOI
ACAD01443,王景全,Jingquan Wang,CAE,2003,土木、水利与建筑工程学部,解放军理工大学,https://www.cae.cn/cae/html/main/colys/21797523.html,,,,,,待单人精确检索,,,,Jingquan Wang | 解放军理工大学 | 土木、水利与建筑工程学部 | English journal DOI
ACAD01447,王树新,Shuxin Wang,CAE,2021,机械与运载工程学部,天津大学,https://www.cae.cn/cae/html/main/colys/63333815.html,,,,,,待单人精确检索,,,,Shuxin Wang | 天津大学 | 机械与运载工程学部 | English journal DOI
ACAD01448,王桥,Qiao Wang,CAE,2019,环境与轻纺工程学部,生态环境部卫星环境应用中心,https://www.cae.cn/cae/html/main/colys/61179403.html,,,,,,待单人精确检索,,,,Qiao Wang | 生态环境部卫星环境应用中心 | 环境与轻纺工程学部 | English journal DOI
ACAD01451,王梦恕,Mengshu Wang,CAE,1995,土木、水利与建筑工程学部,铁道部隧道工程局,https://www.cae.cn/cae/html/main/colys/09716175.html,,,,,,待单人精确检索,,,,Mengshu Wang | 铁道部隧道工程局 | 土木、水利与建筑工程学部 | English journal DOI
ACAD01452,王正国,Zhengguo Wang,CAE,1995,医药卫生学部,中国人民解放军陆军军医大学,https://www.cae.cn/cae/html/main/colys/65360991.html,,,,,,待单人精确检索,,,,Zhengguo Wang | 中国人民解放军陆军军医大学 | 医药卫生学部 | English journal DOI
ACAD01455,王永志,Yongzhi Wang,CAE,1994,机械与运载工程学部,中国航天工业总公司,https://www.cae.cn/cae/html/main/colys/50126747.html,,,,,,待单人精确检索,,,,Yongzhi Wang | 中国航天工业总公司 | 机械与运载工程学部 | English journal DOI
ACAD01456,王永炎,Yongyan Wang,CAE,1997,医药卫生学部,中国中医科学院,https://www.cae.cn/cae/html/main/colys/90800463.html,,,,,,待单人精确检索,,,,Yongyan Wang | 中国中医科学院 | 医药卫生学部 | English journal DOI
ACAD01458,王汉中,Hanzhong Wang,CAE,2017,农业学部,中国农业科学院,https://www.cae.cn/cae/html/main/colys/58073613.html,,,,,,待单人精确检索,,,,Hanzhong Wang | 中国农业科学院 | 农业学部 | English journal DOI
ACAD01459,王沙飞,Shafei Wang,CAE,2017,信息与电子工程学部,战略支援部队某研究所,https://www.cae.cn/cae/html/main/colys/98979217.html,,,,,,待单人精确检索,,,,Shafei Wang | 战略支援部队某研究所 | 信息与电子工程学部 | English journal DOI
ACAD01460,王泽山,Zeshan Wang,CAE,1999,化工、冶金与材料工程学部,南京理工大学,https://www.cae.cn/cae/html/main/colys/90658221.html,,,,,,待单人精确检索,,,,Zeshan Wang | 南京理工大学 | 化工、冶金与材料工程学部 | English journal DOI
ACAD01461,王浚,Jun Wang,CAE,2001,能源与矿业工程学部,北京航空航天大学,https://www.cae.cn/cae/html/main/colys/53781075.html,,,,,,待单人精确检索,,,,Jun Wang | 北京航空航天大学 | 能源与矿业工程学部 | English journal DOI
ACAD01462,王浩,Hao Wang,CAE,2005,土木、水利与建筑工程学部,中国水利水电科学研究院,https://www.cae.cn/cae/html/main/colys/53970445.html,,,,,,待单人精确检索,,,,Hao Wang | 中国水利水电科学研究院 | 土木、水利与建筑工程学部 | English journal DOI
ACAD01465,王海舟,Haizhou Wang,CAE,2011,化工、冶金与材料工程学部,中国钢研科技集团有限公司,https://www.cae.cn/cae/html/main/colys/87770866.html,,,,,,待单人精确检索,,,,Haizhou Wang | 中国钢研科技集团有限公司 | 化工、冶金与材料工程学部 | English journal DOI
ACAD01468,王澍寰,Shuhuan Wang,CAE,1997,医药卫生学部,北京大学,https://www.cae.cn/cae/html/main/colys/71759069.html,,,,,,待单人精确检索,,,,Shuhuan Wang | 北京大学 | 医药卫生学部 | English journal DOI
ACAD01470,王玉忠,Yuzhong Wang,CAE,2015,化工、冶金与材料工程学部,四川大学,https://www.cae.cn/cae/html/main/colys/06630052.html,,,,,,待单人精确检索,,,,Yuzhong Wang | 四川大学 | 化工、冶金与材料工程学部 | English journal DOI
ACAD01471,王玉明,Yuming Wang,CAE,2003,机械与运载工程学部,天津新技术产业园区鼎名密封有限公司,https://www.cae.cn/cae/html/main/colys/68563162.html,,,,,,待单人精确检索,,,,Yuming Wang | 天津新技术产业园区鼎名密封有限公司 | 机械与运载工程学部 | English journal DOI
ACAD01472,王玉普,Yupu Wang,CAE,2007,工程管理学部,大庆油田有限责任公司,https://www.cae.cn/cae/html/main/colys/46333378.html,,,,,,待单人精确检索,,,,Yupu Wang | 大庆油田有限责任公司 | 工程管理学部 | English journal DOI
ACAD01474,王琦,Qi Wang,CAE,2019,医药卫生学部,北京中医药大学,https://www.cae.cn/cae/html/main/colys/23742926.html,,,,,,待单人精确检索,,,,Qi Wang | 北京中医药大学 | 医药卫生学部 | English journal DOI
ACAD01475,王琪,Qi Wang,CAE,2017,环境与轻纺工程学部,四川大学,https://www.cae.cn/cae/html/main/colys/54629876.html,,,,,,待单人精确检索,,,,Qi Wang | 四川大学 | 环境与轻纺工程学部 | English journal DOI
ACAD01476,王琳芳,Linfang Wang,CAE,1997,医药卫生学部,北京协和医学院,https://www.cae.cn/cae/html/main/colys/00719524.html,,,,,,待单人精确检索,,,,Linfang Wang | 北京协和医学院 | 医药卫生学部 | English journal DOI
ACAD01477,王瑞珠,Ruizhu Wang,CAE,2003,土木、水利与建筑工程学部,中国城市规划设计研究院,https://www.cae.cn/cae/html/main/colys/18662575.html,,,,,,待单人精确检索,,,,Ruizhu Wang | 中国城市规划设计研究院 | 土木、水利与建筑工程学部 | English journal DOI
ACAD01478,王礼恒,Liheng Wang,CAE,2003,工程管理学部,中国航天科技集团公司,https://www.cae.cn/cae/html/main/colys/78444072.html,,,,,,待单人精确检索,,,,Liheng Wang | 中国航天科技集团公司 | 工程管理学部 | English journal DOI
ACAD01483,王红阳,Hongyang Wang,CAE,2005,医药卫生学部,第二军医大学,https://www.cae.cn/cae/html/main/colys/84275083.html,,,,,,待单人精确检索,,,,Hongyang Wang | 第二军医大学 | 医药卫生学部 | English journal DOI
ACAD01484,王耀南,Yaonan Wang,CAE,2019,信息与电子工程学部,湖南大学,https://www.cae.cn/cae/html/main/colys/64524659.html,,,,,,待单人精确检索,,,,Yaonan Wang | 湖南大学 | 信息与电子工程学部 | English journal DOI
ACAD01486,王自力,Zili Wang,CAE,2021,工程管理学部,北京航空航天大学,https://www.cae.cn/cae/html/main/colys/87482015.html,,,,,,待单人精确检索,,,,Zili Wang | 北京航空航天大学 | 工程管理学部 | English journal DOI
ACAD01491,王超,Chao Wang,CAE,2011,土木、水利与建筑工程学部,河海大学,https://www.cae.cn/cae/html/main/colys/93683994.html,,,,,,待单人精确检索,,,,Chao Wang | 河海大学 | 土木、水利与建筑工程学部 | English journal DOI
ACAD01493,王辰,Chen Wang,CAE,2013,医药卫生学部,北京医院,https://www.cae.cn/cae/html/main/colys/41759957.html,,,,,,待单人精确检索,,,,Chen Wang | 北京医院 | 医药卫生学部 | English journal DOI
ACAD01495,王迎军,Yingjun Wang,CAE,2015,化工、冶金与材料工程学部,华南理工大学,https://www.cae.cn/cae/html/main/colys/89760399.html,,,,,,待单人精确检索,,,,Yingjun Wang | 华南理工大学 | 化工、冶金与材料工程学部 | English journal DOI
ACAD01496,王运敏,Yunmin Wang,CAE,2019,能源与矿业工程学部,中钢集团马鞍山矿山研究院有限公司,https://www.cae.cn/cae/html/main/colys/24845731.html,,,,,,待单人精确检索,,,,Yunmin Wang | 中钢集团马鞍山矿山研究院有限公司 | 能源与矿业工程学部 | English journal DOI
ACAD01498,王金南,Jinnan Wang,CAE,2017,工程管理学部,环境保护部环境规划院,https://www.cae.cn/cae/html/main/colys/89582438.html,,,,,,待单人精确检索,,,,Jinnan Wang | 环境保护部环境规划院 | 工程管理学部 | English journal DOI
ACAD01501,王锐,Rui Wang,CAE,2017,医药卫生学部,兰州大学,https://www.cae.cn/cae/html/main/colys/72627063.html,,,,,,待单人精确检索,,,,Rui Wang | 兰州大学 | 医药卫生学部 | English journal DOI
ACAD01504,王陇德,Longde Wang,CAE,2009,工程管理学部,中华预防医学会,https://www.cae.cn/cae/html/main/colys/43987351.html,,,,,,待单人精确检索,,,,Longde Wang | 中华预防医学会 | 工程管理学部 | English journal DOI
ACAD01505,王震西,Zhenxi Wang,CAE,1995,化工、冶金与材料工程学部,中国科学院中科集团三环公司,https://www.cae.cn/cae/html/main/colys/12725248.html,,,,,,待单人精确检索,,,,Zhenxi Wang | 中国科学院中科集团三环公司 | 化工、冶金与材料工程学部 | English journal DOI
ACAD01506,王静康,Jingkang Wang,CAE,1999,化工、冶金与材料工程学部,天津大学,https://www.cae.cn/cae/html/main/colys/87437680.html,,,,,,待单人精确检索,,,,Jingkang Wang | 天津大学 | 化工、冶金与材料工程学部 | English journal DOI
ACAD01509,甄永苏,Yongsu Zhen,CAE,1997,医药卫生学部,北京协和医学院,https://www.cae.cn/cae/html/main/colys/00264251.html,,,,,,待单人精确检索,,,,Yongsu Zhen | 北京协和医学院 | 医药卫生学部 | English journal DOI
ACAD01511,甘晓华,Xiaohua Gan,CAE,2011,机械与运载工程学部,空军装备研究院,https://www.cae.cn/cae/html/main/colys/71311121.html,,,,,,待单人精确检索,,,,Xiaohua Gan | 空军装备研究院 | 机械与运载工程学部 | English journal DOI
ACAD01513,田伟,Wei Tian,CAE,2019,医药卫生学部,北京积水潭医院,https://www.cae.cn/cae/html/main/colys/80515447.html,,,,,,待单人精确检索,,,,Wei Tian | 北京积水潭医院 | 医药卫生学部 | English journal DOI
ACAD01516,田志刚,Zhigang Tian,CAE,2017,医药卫生学部,中国科学技术大学,https://www.cae.cn/cae/html/main/colys/78121902.html,,,,,,待单人精确检索,,,,Zhigang Tian | 中国科学技术大学 | 医药卫生学部 | English journal DOI
ACAD01520,田红旗,Hongqi Tian,CAE,2015,机械与运载工程学部,中南大学,https://www.cae.cn/cae/html/main/colys/98824190.html,,,,,,待单人精确检索,,,,Hongqi Tian | 中南大学 | 机械与运载工程学部 | English journal DOI
ACAD01522,田金洲,Jinzhou Tian,CAE,2021,医药卫生学部,北京中医药大学,https://www.cae.cn/cae/html/main/colys/92996222.html,,,,,,待单人精确检索,,,,Jinzhou Tian | 北京中医药大学 | 医药卫生学部 | English journal DOI
ACAD01526,盖钧镒,Junyi Gai,CAE,2001,农业学部,南京农业大学,https://www.cae.cn/cae/html/main/colys/56477665.html,,,,,,待单人精确检索,,,,Junyi Gai | 南京农业大学 | 农业学部 | English journal DOI
ACAD01527,盛志勇,Zhiyong Sheng,CAE,1996,医药卫生学部,解放军总医院附属第一医院,https://www.cae.cn/cae/html/main/colys/59245729.html,,,,,,待单人精确检索,,,,Zhiyong Sheng | 解放军总医院附属第一医院 | 医药卫生学部 | English journal DOI
ACAD01530,瞿金平,Ping Qujin,CAE,2011,环境与轻纺工程学部,华南理工大学,https://www.cae.cn/cae/html/main/colys/87206188.html,,,,,,待单人精确检索,,,,Ping Qujin | 华南理工大学 | 环境与轻纺工程学部 | English journal DOI
ACAD01532,石学敏,Xuemin Shi,CAE,1999,医药卫生工程学部,天津市中医学院第一附属医院,https://www.cae.cn/cae/html/main/colys/62476391.html,,,,,,待单人精确检索,,,,Xuemin Shi | 天津市中医学院第一附属医院 | 医药卫生工程学部 | English journal DOI
ACAD01533,石屏,Ping Shi,CAE,2003,机械与运载工程学部,洪都航空工业集团有限责任公司飞机设计研究所,https://www.cae.cn/cae/html/main/colys/50521849.html,,,,,,待单人精确检索,,,,Ping Shi | 洪都航空工业集团有限责任公司飞机设计研究所 | 机械与运载工程学部 | English journal DOI
ACAD01535,石玉麟,Yulin Shi,CAE,1995,农业学部,中国科学院地理科学与资源研究所,https://www.cae.cn/cae/html/main/colys/90872028.html,,,,,,待单人精确检索,,,,Yulin Shi | 中国科学院地理科学与资源研究所 | 农业学部 | English journal DOI
ACAD01536,石碧,Bi Shi,CAE,2009,环境与轻纺工程学部,四川大学,https://www.cae.cn/cae/html/main/colys/53271677.html,,,,,,待单人精确检索,,,,Bi Shi | 四川大学 | 环境与轻纺工程学部 | English journal DOI
ACAD01544,秦伯益,Boyi Qin,CAE,1995,医药卫生学部,军事医学科学院毒物药物研究所,https://www.cae.cn/cae/html/main/colys/78869778.html,,,,,,待单人精确检索,,,,Boyi Qin | 军事医学科学院毒物药物研究所 | 医药卫生学部 | English journal DOI
ACAD01548,秦裕琨,Yukun Qin,CAE,2001,能源与矿业工程学部,哈尔滨工业大学,https://www.cae.cn/cae/html/main/colys/00317956.html,,,,,,待单人精确检索,,,,Yukun Qin | 哈尔滨工业大学 | 能源与矿业工程学部 | English journal DOI
ACAD01549,秦顺全,Shunquan Qin,CAE,2009,土木、水利与建筑工程学部,中铁大桥局集团有限公司,https://www.cae.cn/cae/html/main/colys/25340385.html,,,,,,待单人精确检索,,,,Shunquan Qin | 中铁大桥局集团有限公司 | 土木、水利与建筑工程学部 | English journal DOI
ACAD01550,程书钧,Shujun Cheng,CAE,1999,医药卫生工程学部,中国医学科学院协和医科大学肿瘤医院,https://www.cae.cn/cae/html/main/colys/25950532.html,,,,,,待单人精确检索,,,,Shujun Cheng | 中国医学科学院协和医科大学肿瘤医院 | 医药卫生工程学部 | English journal DOI
ACAD01551,程京,Jing Cheng,CAE,2009,医药卫生学部,清华大学医学院,https://www.cae.cn/cae/html/main/colys/68956496.html,,,,,,待单人精确检索,,,,Jing Cheng | 清华大学医学院 | 医药卫生学部 | English journal DOI
ACAD01554,程天民,Tianmin Cheng,CAE,1996,医药卫生学部，工程管理学部,中国人民解放军陆军军医大学,https://www.cae.cn/cae/html/main/colys/65355089.html,,,,,,待单人精确检索,,,,Tianmin Cheng | 中国人民解放军陆军军医大学 | 医药卫生学部，工程管理学部 | English journal DOI
ACAD01557,程杰成,Jiecheng Cheng,CAE,2021,能源与矿业工程学部,大庆油田有限责任公司,https://www.cae.cn/cae/html/main/colys/10319709.html,,,,,,待单人精确检索,,,,Jiecheng Cheng | 大庆油田有限责任公司 | 能源与矿业工程学部 | English journal DOI
ACAD01558,程泰宁,Taining Cheng,CAE,2005,土木、水利与建筑工程学部,中联程泰宁建筑设计研究院,https://www.cae.cn/cae/html/main/colys/37947305.html,,,,,,待单人精确检索,,,,Taining Cheng | 中联程泰宁建筑设计研究院 | 土木、水利与建筑工程学部 | English journal DOI
ACAD01561,程莘农,Shennong Cheng,CAE,1995,医药卫生学部,北京中医研究院针灸研究所,https://www.cae.cn/cae/html/main/colys/84850427.html,,,,,,待单人精确检索,,,,Shennong Cheng | 北京中医研究院针灸研究所 | 医药卫生学部 | English journal DOI
ACAD01563,程顺和,Shunhe Cheng,CAE,2005,农业学部,江苏省农业科学院里下河地区农科所,https://www.cae.cn/cae/html/main/colys/78507867.html,,,,,,待单人精确检索,,,,Shunhe Cheng | 江苏省农业科学院里下河地区农科所 | 农业学部 | English journal DOI
ACAD01575,童志鹏,Zhipeng Tong,CAE,1997,信息与电子工程学部,信息产业部电子科学研究院,https://www.cae.cn/cae/html/main/colys/84678087.html,,,,,,待单人精确检索,,,,Zhipeng Tong | 信息产业部电子科学研究院 | 信息与电子工程学部 | English journal DOI
ACAD01576,童晓光,Xiaoguang Tong,CAE,2005,能源与矿业工程学部,中国石油天然气勘探开发公司,https://www.cae.cn/cae/html/main/colys/40594675.html,,,,,,待单人精确检索,,,,Xiaoguang Tong | 中国石油天然气勘探开发公司 | 能源与矿业工程学部 | English journal DOI
ACAD01582,管华诗,Huashi Guan,CAE,1995,农业学部,中国海洋大学,https://www.cae.cn/cae/html/main/colys/68251291.html,,,,,,待单人精确检索,,,,Huashi Guan | 中国海洋大学 | 农业学部 | English journal DOI
ACAD01583,管德,De Guan,CAE,1994,机械与运载工程学部,中国民用航空总局,https://www.cae.cn/cae/html/main/colys/53929543.html,,,,,,待单人精确检索,,,,De Guan | 中国民用航空总局 | 机械与运载工程学部 | English journal DOI
ACAD01586,缪昌文,Wen Mouchang,CAE,2011,土木、水利与建筑工程学部,江苏省建筑科学研究院有限公司,https://www.cae.cn/cae/html/main/colys/62672959.html,,,,,,待单人精确检索,,,,Wen Mouchang | 江苏省建筑科学研究院有限公司 | 土木、水利与建筑工程学部 | English journal DOI
ACAD01588,罗先刚,Xiangang Luo,CAE,2019,信息与电子工程学部,中国科学院光电技术研究所,https://www.cae.cn/cae/html/main/colys/58540646.html,,,,,,待单人精确检索,,,,Xiangang Luo | 中国科学院光电技术研究所 | 信息与电子工程学部 | English journal DOI
ACAD01589,罗安,An Luo,CAE,2015,能源与矿业工程学部,湖南大学,https://www.cae.cn/cae/html/main/colys/72202635.html,,,,,,待单人精确检索,,,,An Luo | 湖南大学 | 能源与矿业工程学部 | English journal DOI
ACAD01590,罗平亚,Pingya Luo,CAE,1995,能源与矿业工程学部,西南石油大学,https://www.cae.cn/cae/html/main/colys/31886503.html,,,,,,待单人精确检索,,,,Pingya Luo | 西南石油大学 | 能源与矿业工程学部 | English journal DOI
ACAD01591,罗毅,Yi Luo,CAE,2021,信息与电子工程学部,清华大学,https://www.cae.cn/cae/html/main/colys/87209446.html,,,,,,待单人精确检索,,,,Yi Luo | 清华大学 | 信息与电子工程学部 | English journal DOI
ACAD01594,罗琦,Qi Luo,CAE,2019,能源与矿业工程学部,中国核动力研究设计院,https://www.cae.cn/cae/html/main/col1/2019-11/22/20191122104249761699527_1.html,,,,,,待单人精确检索,,,,Qi Luo | 中国核动力研究设计院 | 能源与矿业工程学部 | English journal DOI
ACAD01595,罗绍基,Shaoji Luo,CAE,1999,土木、水利与建筑工程学部，工程管理学部,广东缺水蓄能电站联营公司,https://www.cae.cn/cae/html/main/colys/03354232.html,,,,,,待单人精确检索,,,,Shaoji Luo | 广东缺水蓄能电站联营公司 | 土木、水利与建筑工程学部，工程管理学部 | English journal DOI
ACAD01596,罗锡文,Xiwen Luo,CAE,2009,农业学部,华南农业大学,https://www.cae.cn/cae/html/main/colys/59855769.html,,,,,,待单人精确检索,,,,Xiwen Luo | 华南农业大学 | 农业学部 | English journal DOI
ACAD01597,翁史烈,Shilie Weng,CAE,1995,能源与矿业工程学部,上海交通大学,https://www.cae.cn/cae/html/main/colys/50641586.html,,,,,,待单人精确检索,,,,Shilie Weng | 上海交通大学 | 能源与矿业工程学部 | English journal DOI
ACAD01598,翁宇庆,Yuqing Weng,CAE,2009,化工、冶金与材料工程学部,中国金属学会,https://www.cae.cn/cae/html/main/colys/59658587.html,,,,,,待单人精确检索,,,,Yuqing Weng | 中国金属学会 | 化工、冶金与材料工程学部 | English journal DOI
ACAD01599,翁心植,Xinzhi Weng,CAE,1997,医药卫生学部,首都医科大学,https://www.cae.cn/cae/html/main/colys/18137893.html,,,,,,待单人精确检索,,,,Xinzhi Weng | 首都医科大学 | 医药卫生学部 | English journal DOI
ACAD01601,翟光明,Guangming Di,CAE,1995,能源与矿业工程学部，工程管理学部,中国石油天然气总公司,https://www.cae.cn/cae/html/main/colys/68604272.html,,,,,,待单人精确检索,,,,Guangming Di | 中国石油天然气总公司 | 能源与矿业工程学部，工程管理学部 | English journal DOI
ACAD01606,聂建国,Jianguo Nie,CAE,2013,土木、水利与建筑工程学部,清华大学,https://www.cae.cn/cae/html/main/colys/42169725.html,,,,,,待单人精确检索,,,,Jianguo Nie | 清华大学 | 土木、水利与建筑工程学部 | English journal DOI
ACAD01607,聂祚仁,Zuoren Nie,CAE,2017,化工、冶金与材料工程学部,北京工业大学,https://www.cae.cn/cae/html/main/colys/99476174.html,,,,,,待单人精确检索,,,,Zuoren Nie | 北京工业大学 | 化工、冶金与材料工程学部 | English journal DOI
ACAD01608,肖伟,Wei Xiao,CAE,2021,医药卫生学部,江苏康缘药业股份有限公司,https://www.cae.cn/cae/html/main/colys/40338483.html,,,,,,待单人精确检索,,,,Wei Xiao | 江苏康缘药业股份有限公司 | 医药卫生学部 | English journal DOI
ACAD01609,肖培根,Peigen Xiao,CAE,1995,医药卫生学部,北京协和医学院,https://www.cae.cn/cae/html/main/colys/03307592.html,,,,,,待单人精确检索,,,,Peigen Xiao | 北京协和医学院 | 医药卫生学部 | English journal DOI
ACAD01612,肖碧莲,Bilian Xiao,CAE,1995,医药卫生学部,国家讲生育委员会科学技术研究所,https://www.cae.cn/cae/html/main/colys/43389745.html,,,,,,待单人精确检索,,,,Bilian Xiao | 国家讲生育委员会科学技术研究所 | 医药卫生学部 | English journal DOI
ACAD01613,肖绪文,Xuwen Xiao,CAE,2013,土木、水利与建筑工程学部,中国建筑股份有限公司,https://www.cae.cn/cae/html/main/colys/42135294.html,,,,,,待单人精确检索,,,,Xuwen Xiao | 中国建筑股份有限公司 | 土木、水利与建筑工程学部 | English journal DOI
ACAD01614,肖龙旭,Longxu Xiao,CAE,2019,机械与运载工程学部,中国人民解放军火箭军研究院,https://www.cae.cn/cae/html/main/col1/2019-11/22/20191122104249761699527_1.html,,,,,,待单人精确检索,,,,Longxu Xiao | 中国人民解放军火箭军研究院 | 机械与运载工程学部 | English journal DOI
ACAD01615,胡之璧,Zhibi Hu,CAE,1995,医药卫生学部,上海中医药大学,https://www.cae.cn/cae/html/main/colys/03557159.html,,,,,,待单人精确检索,,,,Zhibi Hu | 上海中医药大学 | 医药卫生学部 | English journal DOI
ACAD01617,胡亚安,Yaan Hu,CAE,2021,土木、水利与建筑工程学部,水利部交通运输部国家能源局南京水利科学研究院,https://www.cae.cn/cae/html/main/colys/32007353.html,,,,,,待单人精确检索,,,,Yaan Hu | 水利部交通运输部国家能源局南京水利科学研究院 | 土木、水利与建筑工程学部 | English journal DOI
ACAD01618,胡亚美,Yamei Hu,CAE,1995,医药卫生学部,首都医科大学,https://www.cae.cn/cae/html/main/colys/93443418.html,,,,,,待单人精确检索,,,,Yamei Hu | 首都医科大学 | 医药卫生学部 | English journal DOI
ACAD01620,胡光镇,Guangzhen Hu,CAE,1997,信息与电子工程学部,总参谋部第五十八研究所,https://www.cae.cn/cae/html/main/colys/90565044.html,,,,,,待单人精确检索,,,,Guangzhen Hu | 总参谋部第五十八研究所 | 信息与电子工程学部 | English journal DOI
ACAD01621,胡启恒,Qiheng Hu,CAE,1994,信息与电子工程学部,中国科学院,https://www.cae.cn/cae/html/main/colys/00712070.html,,,,,,待单人精确检索,,,,Qiheng Hu | 中国科学院 | 信息与电子工程学部 | English journal DOI
ACAD01623,胡培松,Peisong Hu,CAE,2019,农业学部,中国水稻研究所,https://www.cae.cn/cae/html/main/colys/69965912.html,,,,,,待单人精确检索,,,,Peisong Hu | 中国水稻研究所 | 农业学部 | English journal DOI
ACAD01624,胡壮麒,Zhuangqi Hu,CAE,1995,化工、冶金与材料工程学部,中国科学院金属研究所,https://www.cae.cn/cae/html/main/colys/40392195.html,,,,,,待单人精确检索,,,,Zhuangqi Hu | 中国科学院金属研究所 | 化工、冶金与材料工程学部 | English journal DOI
ACAD01626,胡思得,Side Hu,CAE,1995,能源与矿业工程学部,中国工程物理研究院,https://www.cae.cn/cae/html/main/colys/96408899.html,,,,,,待单人精确检索,,,,Side Hu | 中国工程物理研究院 | 能源与矿业工程学部 | English journal DOI
ACAD01629,胡文瑞,Wenrui Hu,CAE,2011,工程管理学部,中国石油天然气集团公司,https://www.cae.cn/cae/html/main/colys/09408014.html,,,,,,待单人精确检索,,,,Wenrui Hu | 中国石油天然气集团公司 | 工程管理学部 | English journal DOI
ACAD01630,胡春宏,Chunhong Hu,CAE,2013,土木、水利与建筑工程学部,中国水利水电科学研究院,https://www.cae.cn/cae/html/main/colys/42254052.html,,,,,,待单人精确检索,,,,Chunhong Hu | 中国水利水电科学研究院 | 土木、水利与建筑工程学部 | English journal DOI
ACAD01631,胡晓棉,Xiaomian Hu,CAE,2021,能源与矿业工程学部,北京应用物理与计算数学研究所,https://www.cae.cn/cae/html/main/colys/35907737.html,,,,,,待单人精确检索,,,,Xiaomian Hu | 北京应用物理与计算数学研究所 | 能源与矿业工程学部 | English journal DOI
ACAD01632,胡正寰,Zhenghuan Hu,CAE,1997,机械与运载工程学部,北京科技大学,https://www.cae.cn/cae/html/main/colys/06903076.html,,,,,,待单人精确检索,,,,Zhenghuan Hu | 北京科技大学 | 机械与运载工程学部 | English journal DOI
ACAD01633,胡永康,Yongkang Hu,CAE,1997,化工、冶金与材料工程学部,中国石油化工股份有限公司抚顺石油化工研究院,https://www.cae.cn/cae/html/main/colys/00162247.html,,,,,,待单人精确检索,,,,Yongkang Hu | 中国石油化工股份有限公司抚顺石油化工研究院 | 化工、冶金与材料工程学部 | English journal DOI
ACAD01637,胡盛寿,Shengshou Hu,CAE,2013,医药卫生学部,中国医学科学院阜外心血管病医院,https://www.cae.cn/cae/html/main/colys/41784872.html,,,,,,待单人精确检索,,,,Shengshou Hu | 中国医学科学院阜外心血管病医院 | 医药卫生学部 | English journal DOI
ACAD01641,胡见义,Jianyi Hu,CAE,1997,能源与矿业工程学部,中国石油勘探开发科学研究院,https://www.cae.cn/cae/html/main/colys/03414325.html,,,,,,待单人精确检索,,,,Jianyi Hu | 中国石油勘探开发科学研究院 | 能源与矿业工程学部 | English journal DOI
ACAD01642,臧克茂,Kemao Zang,CAE,2007,机械与运载工程学部,装甲兵工程学院,https://www.cae.cn/cae/html/main/colys/43305228.html,,,,,,待单人精确检索,,,,Kemao Zang | 装甲兵工程学院 | 机械与运载工程学部 | English journal DOI
ACAD01643,舒兴田,Xingtian Shu,CAE,1999,化工、冶金与材料工程学部,中国石油化工集团公司石油化工科学研究院,https://www.cae.cn/cae/html/main/colys/12494493.html,,,,,,待单人精确检索,,,,Xingtian Shu | 中国石油化工集团公司石油化工科学研究院 | 化工、冶金与材料工程学部 | English journal DOI
ACAD01644,舒印彪,Yinbiao Shu,CAE,2019,能源与矿业工程学部,中国华能集团有限公司,https://www.cae.cn/cae/html/main/colys/96392487.html,,,,,,待单人精确检索,,,,Yinbiao Shu | 中国华能集团有限公司 | 能源与矿业工程学部 | English journal DOI
ACAD01647,艾兴,Xing Ai,CAE,1999,机械与运载工程学部,山东大学,https://www.cae.cn/cae/html/main/colys/93910906.html,,,,,,待单人精确检索,,,,Xing Ai | 山东大学 | 机械与运载工程学部 | English journal DOI
ACAD01650,苏万华,Wanhua Su,CAE,2011,能源与矿业工程学部,天津大学,https://www.cae.cn/cae/html/main/colys/65311391.html,,,,,,待单人精确检索,,,,Wanhua Su | 天津大学 | 能源与矿业工程学部 | English journal DOI
ACAD01651,苏东林,Donglin Su,CAE,2019,信息与电子工程学部,北京航空航天大学,https://www.cae.cn/cae/html/main/colys/13235199.html,,,,,,待单人精确检索,,,,Donglin Su | 北京航空航天大学 | 信息与电子工程学部 | English journal DOI
ACAD01652,苏义脑,Yinao Su,CAE,2003,能源与矿业工程学部,中国石油勘探开发研究院,https://www.cae.cn/cae/html/main/colys/18965175.html,,,,,,待单人精确检索,,,,Yinao Su | 中国石油勘探开发研究院 | 能源与矿业工程学部 | English journal DOI
ACAD01653,苏君红,Junhong Su,CAE,1994,信息与电子工程学部,兵器工业总公司第211研究所,https://www.cae.cn/cae/html/main/colys/78347966.html,,,,,,待单人精确检索,,,,Junhong Su | 兵器工业总公司第211研究所 | 信息与电子工程学部 | English journal DOI
ACAD01654,苏哲子,Zhezi Su,CAE,2005,机械与运载工程学部,中国兵器工业集团哈尔滨北方特种车辆制造有限公司,https://www.cae.cn/cae/html/main/colys/18296611.html,,,,,,待单人精确检索,,,,Zhezi Su | 中国兵器工业集团哈尔滨北方特种车辆制造有限公司 | 机械与运载工程学部 | English journal DOI
ACAD01661,范上达,Shangda Fan,CAE,2005,医药卫生学部,香港大学,https://www.cae.cn/cae/html/main/colys/75853783.html,,,,,,待单人精确检索,,,,Shangda Fan | 香港大学 | 医药卫生学部 | English journal DOI
ACAD01662,范云六,Yunliu Fan,CAE,1997,农业学部,中国农业科学院生物技术研究所,https://www.cae.cn/cae/html/main/colys/71651300.html,,,,,,待单人精确检索,,,,Yunliu Fan | 中国农业科学院生物技术研究所 | 农业学部 | English journal DOI
ACAD01663,范先群,Xianqun Fan,CAE,2021,医药卫生学部,上海交通大学医学院,https://www.cae.cn/cae/html/main/colys/23169759.html,,,,,,待单人精确检索,,,,Xianqun Fan | 上海交通大学医学院 | 医药卫生学部 | English journal DOI
ACAD01664,范国滨,Guobin Fan,CAE,2017,工程管理学部,中国工程物理研究院,https://www.cae.cn/cae/html/main/colys/03804948.html,,,,,,待单人精确检索,,,,Guobin Fan | 中国工程物理研究院 | 工程管理学部 | English journal DOI
ACAD01666,范本尧,Benyao Fan,CAE,2005,机械与运载工程学部,中国航天科技集团公司第五研究院,https://www.cae.cn/cae/html/main/colys/21504095.html,,,,,,待单人精确检索,,,,Benyao Fan | 中国航天科技集团公司第五研究院 | 机械与运载工程学部 | English journal DOI
ACAD01668,范滇元,Dianyuan Fan,CAE,1995,信息与电子工程学部,中国科学院上海光学精密机械研究所,https://www.cae.cn/cae/html/main/colys/93147390.html,,,,,,待单人精确检索,,,,Dianyuan Fan | 中国科学院上海光学精密机械研究所 | 信息与电子工程学部 | English journal DOI
ACAD01670,范立础,Lichu Fan,CAE,2001,土木、水利与建筑工程学部,同济大学土木工程学院,https://www.cae.cn/cae/html/main/colys/34689554.html,,,,,,待单人精确检索,,,,Lichu Fan | 同济大学土木工程学院 | 土木、水利与建筑工程学部 | English journal DOI
ACAD01671,范维唐,Weitang Fan,CAE,1994,能源与矿业工程学部,煤炭工业部,https://www.cae.cn/cae/html/main/colys/15579138.html,,,,,,待单人精确检索,,,,Weitang Fan | 煤炭工业部 | 能源与矿业工程学部 | English journal DOI
ACAD01672,范维澄,Weicheng Fan,CAE,2001,能源与矿业工程学部,中国科学技术大学,https://www.cae.cn/cae/html/main/colys/75623730.html,,,,,,待单人精确检索,,,,Weicheng Fan | 中国科学技术大学 | 能源与矿业工程学部 | English journal DOI
ACAD01673,茆智,Zhi Mao,CAE,2003,土木、水利与建筑工程学部,武汉大学,https://www.cae.cn/cae/html/main/colys/59829121.html,,,,,,待单人精确检索,,,,Zhi Mao | 武汉大学 | 土木、水利与建筑工程学部 | English journal DOI
ACAD01674,荣廷昭,Tingzhao Rong,CAE,2003,农业学部,四川农业大学,https://www.cae.cn/cae/html/main/colys/81751891.html,,,,,,待单人精确检索,,,,Tingzhao Rong | 四川农业大学 | 农业学部 | English journal DOI
ACAD01678,葛世荣,Shirong Ge,CAE,2021,能源与矿业工程学部,中国矿业大学（北京）,https://www.cae.cn/cae/html/main/colys/46637351.html,,,,,,待单人精确检索,,,,Shirong Ge | 中国矿业大学（北京） | 能源与矿业工程学部 | English journal DOI
ACAD01679,葛修润,Xiurun Ge,CAE,1995,土木、水利与建筑工程学部,中国科学院武汉岩土力学研究所,https://www.cae.cn/cae/html/main/colys/40108050.html,,,,,,待单人精确检索,,,,Xiurun Ge | 中国科学院武汉岩土力学研究所 | 土木、水利与建筑工程学部 | English journal DOI
ACAD01682,葛宝丰,Baofeng Ge,CAE,1999,医药卫生工程学部,兰州军区兰州总医院,https://www.cae.cn/cae/html/main/colys/12982855.html,,,,,,待单人精确检索,,,,Baofeng Ge | 兰州军区兰州总医院 | 医药卫生工程学部 | English journal DOI
ACAD01684,董家鸿,Jiahong Dong,CAE,2017,医药卫生学部,清华大学附属北京清华长庚医院,https://www.cae.cn/cae/html/main/colys/54244878.html,,,,,,待单人精确检索,,,,Jiahong Dong | 清华大学附属北京清华长庚医院 | 医药卫生学部 | English journal DOI
ACAD01685,董尔丹,Erdan Dong,CAE,2019,工程管理学部,北京大学第三医院,https://www.cae.cn/cae/html/main/colys/89520132.html,,,,,,待单人精确检索,,,,Erdan Dong | 北京大学第三医院 | 工程管理学部 | English journal DOI
ACAD01687,董春鹏,Chunpeng Dong,CAE,2009,机械与运载工程学部,中国船舶重工集团公司第七○五研究所,https://www.cae.cn/cae/html/main/colys/46604755.html,,,,,,待单人精确检索,,,,Chunpeng Dong | 中国船舶重工集团公司第七○五研究所 | 机械与运载工程学部 | English journal DOI
ACAD01691,董石麟,Shilin Dong,CAE,1997,土木、水利与建筑工程学部,浙江大学,https://www.cae.cn/cae/html/main/colys/00196910.html,,,,,,待单人精确检索,,,,Shilin Dong | 浙江大学 | 土木、水利与建筑工程学部 | English journal DOI
ACAD01692,董绍明,Shaoming Dong,CAE,2019,化工、冶金与材料工程学部,中国科学院上海硅酸盐研究所,https://www.cae.cn/cae/html/main/colys/76441407.html,,,,,,待单人精确检索,,,,Shaoming Dong | 中国科学院上海硅酸盐研究所 | 化工、冶金与材料工程学部 | English journal DOI
ACAD01694,蒋亦元,Yiyuan Jiang,CAE,1997,农业学部,东北农业大学,https://www.cae.cn/cae/html/main/colys/71659053.html,,,,,,待单人精确检索,,,,Yiyuan Jiang | 东北农业大学 | 农业学部 | English journal DOI
ACAD01695,蒋兴伟,Xingwei Jiang,CAE,2017,环境与轻纺工程学部,国家卫星海洋应用中心,https://www.cae.cn/cae/html/main/colys/75364351.html,,,,,,待单人精确检索,,,,Xingwei Jiang | 国家卫星海洋应用中心 | 环境与轻纺工程学部 | English journal DOI
ACAD01696,蒋剑春,Jianchun Jiang,CAE,2017,农业学部,中国林业科学研究院林产化学工业研究所,https://www.cae.cn/cae/html/main/colys/48751239.html,,,,,,待单人精确检索,,,,Jianchun Jiang | 中国林业科学研究院林产化学工业研究所 | 农业学部 | English journal DOI
ACAD01698,蒋士成,Shicheng Jiang,CAE,1999,环境与轻纺工程学部，工程管理学部,仪征化纤股份有限公司,https://www.cae.cn/cae/html/main/colys/31893645.html,,,,,,待单人精确检索,,,,Shicheng Jiang | 仪征化纤股份有限公司 | 环境与轻纺工程学部，工程管理学部 | English journal DOI
ACAD01699,蒋庄德,Zhuangde Jiang,CAE,2013,机械与运载工程学部,西安交通大学,https://www.cae.cn/cae/html/main/colys/42868818.html,,,,,,待单人精确检索,,,,Zhuangde Jiang | 西安交通大学 | 机械与运载工程学部 | English journal DOI
ACAD01700,蒋建东,Jiandong Jiang,CAE,2021,医药卫生学部,中国医学科学院医药生物技术研究所,https://www.cae.cn/cae/html/main/colys/92899330.html,,,,,,待单人精确检索,,,,Jiandong Jiang | 中国医学科学院医药生物技术研究所 | 医药卫生学部 | English journal DOI
ACAD01701,蒋建新,Jianxin Jiang,CAE,2021,医药卫生学部,中国人民解放军陆军军医大学,https://www.cae.cn/cae/html/main/colys/77835875.html,,,,,,待单人精确检索,,,,Jianxin Jiang | 中国人民解放军陆军军医大学 | 医药卫生学部 | English journal DOI
ACAD01704,蒋昌俊,Changjun Jiang,CAE,2021,信息与电子工程学部,同济大学,https://www.cae.cn/cae/html/main/colys/26976335.html,,,,,,待单人精确检索,,,,Changjun Jiang | 同济大学 | 信息与电子工程学部 | English journal DOI
ACAD01707,蒋洪德,Hongde Jiang,CAE,1999,能源与矿业工程学部,中国科学院工程热物理研究所,https://www.cae.cn/cae/html/main/colys/90218966.html,,,,,,待单人精确检索,,,,Hongde Jiang | 中国科学院工程热物理研究所 | 能源与矿业工程学部 | English journal DOI
ACAD01712,蓝羽石,Yushi Lan,CAE,2021,信息与电子工程学部,中国电子科技集团公司第二十八研究所,https://www.cae.cn/cae/html/main/colys/49343931.html,,,,,,待单人精确检索,,,,Yushi Lan | 中国电子科技集团公司第二十八研究所 | 信息与电子工程学部 | English journal DOI
ACAD01713,蔡吉人,Jiren Cai,CAE,1997,信息与电子工程学部,北京电子技术研究所,https://www.cae.cn/cae/html/main/colys/03148832.html,,,,,,待单人精确检索,,,,Jiren Cai | 北京电子技术研究所 | 信息与电子工程学部 | English journal DOI
ACAD01715,蔡美峰,Meifeng Cai,CAE,2013,能源与矿业工程学部,北京科技大学,https://www.cae.cn/cae/html/main/colys/42354852.html,,,,,,待单人精确检索,,,,Meifeng Cai | 北京科技大学 | 能源与矿业工程学部 | English journal DOI
ACAD01718,蔡道基,Daoji Cai,CAE,2001,环境与轻纺工程学部,国家环境保护总局南京环境科学研究所,https://www.cae.cn/cae/html/main/colys/21294944.html,,,,,,待单人精确检索,,,,Daoji Cai | 国家环境保护总局南京环境科学研究所 | 环境与轻纺工程学部 | English journal DOI
ACAD01719,蔡鹤皋,Hegao Cai,CAE,1997,信息与电子工程学部,哈尔滨工业大学,https://www.cae.cn/cae/html/main/colys/62847675.html,,,,,,待单人精确检索,,,,Hegao Cai | 哈尔滨工业大学 | 信息与电子工程学部 | English journal DOI
ACAD01724,薛禹胜,Yusheng Xue,CAE,1995,能源与矿业工程学部,电力工业部电力自动化研究院,https://www.cae.cn/cae/html/main/colys/68375178.html,,,,,,待单人精确检索,,,,Yusheng Xue | 电力工业部电力自动化研究院 | 能源与矿业工程学部 | English journal DOI
ACAD01725,薛群基,Qunji Xue,CAE,1997,化工、冶金与材料工程学部,中国科学院兰州化学物理研究所,https://www.cae.cn/cae/html/main/colys/59891967.html,,,,,,待单人精确检索,,,,Qunji Xue | 中国科学院兰州化学物理研究所 | 化工、冶金与材料工程学部 | English journal DOI
ACAD01727,薛鸣球,Mingqiu Xue,CAE,1995,信息与电子工程学部,中国科学院西安光学精密机械研究所,https://www.cae.cn/cae/html/main/colys/06663943.html,,,,,,待单人精确检索,,,,Mingqiu Xue | 中国科学院西安光学精密机械研究所 | 信息与电子工程学部 | English journal DOI
ACAD01728,衣宝廉,Baolian Yi,CAE,2003,能源与矿业工程学部,中国科学院大连化学物理研究所,https://www.cae.cn/cae/html/main/colys/09802358.html,,,,,,待单人精确检索,,,,Baolian Yi | 中国科学院大连化学物理研究所 | 能源与矿业工程学部 | English journal DOI
ACAD01729,袁业立,Yeli Yuan,CAE,1995,环境与轻纺工程学部,国家海洋局第一海洋研究所,https://www.cae.cn/cae/html/main/colys/71744024.html,,,,,,待单人精确检索,,,,Yeli Yuan | 国家海洋局第一海洋研究所 | 环境与轻纺工程学部 | English journal DOI
ACAD01731,袁亮,Liang Yuan,CAE,2009,能源与矿业工程学部,淮南矿业（集团）有限责任公司,https://www.cae.cn/cae/html/main/colys/21379603.html,,,,,,待单人精确检索,,,,Liang Yuan | 淮南矿业（集团）有限责任公司 | 能源与矿业工程学部 | English journal DOI
ACAD01732,袁国勇,Guoyong Yuan,CAE,2007,医药卫生学部,香港大学,https://www.cae.cn/cae/html/main/colys/50879290.html,,,,,,待单人精确检索,,,,Guoyong Yuan | 香港大学 | 医药卫生学部 | English journal DOI
ACAD01733,袁士义,Shiyi Yuan,CAE,2005,能源与矿业工程学部,中国石油勘探开发研究院,https://www.cae.cn/cae/html/main/colys/37824245.html,,,,,,待单人精确检索,,,,Shiyi Yuan | 中国石油勘探开发研究院 | 能源与矿业工程学部 | English journal DOI
ACAD01735,袁晴棠,Qingtang Yuan,CAE,1995,化工、冶金与材料工程学部，工程管理学部,中国石油化工总公司,https://www.cae.cn/cae/html/main/colys/28946485.html,,,,,,待单人精确检索,,,,Qingtang Yuan | 中国石油化工总公司 | 化工、冶金与材料工程学部，工程管理学部 | English journal DOI
ACAD01737,袁渭康,Weikang Yuan,CAE,1995,化工、冶金与材料工程学部,华东理工大学,https://www.cae.cn/cae/html/main/colys/00204620.html,,,,,,待单人精确检索,,,,Weikang Yuan | 华东理工大学 | 化工、冶金与材料工程学部 | English journal DOI
ACAD01739,袁隆平,Longping Yuan,CAE,1995,农业学部,湖南省农业科学院,https://www.cae.cn/cae/html/main/colys/84368456.html,,,,,,待单人精确检索,,,,Longping Yuan | 湖南省农业科学院 | 农业学部 | English journal DOI
ACAD01741,裴荣富,Rongfu Pei,CAE,1999,能源与矿业工程学部,原地矿部矿床地质研究所,https://www.cae.cn/cae/html/main/colys/65154302.html,,,,,,待单人精确检索,,,,Rongfu Pei | 原地矿部矿床地质研究所 | 能源与矿业工程学部 | English journal DOI
ACAD01745,詹启敏,Qimin Zhan,CAE,2011,医药卫生学部,中国医学科学院肿瘤研究所,https://www.cae.cn/cae/html/main/colys/78395121.html,,,,,,待单人精确检索,,,,Qimin Zhan | 中国医学科学院肿瘤研究所 | 医药卫生学部 | English journal DOI
ACAD01748,许为钢,Weigang Xu,CAE,2021,农业学部,河南省农业科学院,https://www.cae.cn/cae/html/main/colys/30750480.html,,,,,,待单人精确检索,,,,Weigang Xu | 河南省农业科学院 | 农业学部 | English journal DOI
ACAD01749,许健民,Jianmin Xu,CAE,1997,环境与轻纺工程学部,中国气象局国家卫星气象中心,https://www.cae.cn/cae/html/main/colys/37397053.html,,,,,,待单人精确检索,,,,Jianmin Xu | 中国气象局国家卫星气象中心 | 环境与轻纺工程学部 | English journal DOI
ACAD01750,许其凤,Qifeng Xu,CAE,2005,土木、水利与建筑工程学部,解放军信息工程大学,https://www.cae.cn/cae/html/main/colys/56734246.html,,,,,,待单人精确检索,,,,Qifeng Xu | 解放军信息工程大学 | 土木、水利与建筑工程学部 | English journal DOI
ACAD01752,许唯临,Weilin Xu,CAE,2021,土木、水利与建筑工程学部,四川大学,https://www.cae.cn/cae/html/main/colys/79513594.html,,,,,,待单人精确检索,,,,Weilin Xu | 四川大学 | 土木、水利与建筑工程学部 | English journal DOI
ACAD01756,许居衍,Juyan Xu,CAE,1995,信息与电子工程学部,中国华晶电子集团公司,https://www.cae.cn/cae/html/main/colys/34835943.html,,,,,,待单人精确检索,,,,Juyan Xu | 中国华晶电子集团公司 | 信息与电子工程学部 | English journal DOI
ACAD01757,许庆瑞,Qingrui Xu,CAE,2007,工程管理学部,浙江大学,https://www.cae.cn/cae/html/main/colys/59957626.html,,,,,,待单人精确检索,,,,Qingrui Xu | 浙江大学 | 工程管理学部 | English journal DOI
ACAD01762,许祖彦,Zuyan Xu,CAE,2001,信息与电子工程学部,中国科学院物理研究所,https://www.cae.cn/cae/html/main/colys/75121273.html,,,,,,待单人精确检索,,,,Zuyan Xu | 中国科学院物理研究所 | 信息与电子工程学部 | English journal DOI
ACAD01763,许绍燮,Shaoxie Xu,CAE,1999,能源与矿业工程学部,中国地震局地球物理研究所,https://www.cae.cn/cae/html/main/colys/06238362.html,,,,,,待单人精确检索,,,,Shaoxie Xu | 中国地震局地球物理研究所 | 能源与矿业工程学部 | English journal DOI
ACAD01765,谢世楞,Shileng Xie,CAE,1999,土木、水利与建筑工程学部,交通部第一航务工程勘察设计院,https://www.cae.cn/cae/html/main/colys/93757450.html,,,,,,待单人精确检索,,,,Shileng Xie | 交通部第一航务工程勘察设计院 | 土木、水利与建筑工程学部 | English journal DOI
ACAD01767,谢先启,Xianqi Xie,CAE,2017,土木、水利与建筑工程学部,武汉航空港发展集团有限公司,https://www.cae.cn/cae/html/main/colys/92505120.html,,,,,,待单人精确检索,,,,Xianqi Xie | 武汉航空港发展集团有限公司 | 土木、水利与建筑工程学部 | English journal DOI
ACAD01769,谢克昌,Kechang Xie,CAE,2003,化工、冶金与材料工程学部,太原理工大学,https://www.cae.cn/cae/html/main/colys/78243057.html,,,,,,待单人精确检索,,,,Kechang Xie | 太原理工大学 | 化工、冶金与材料工程学部 | English journal DOI
ACAD01770,谢剑平,Jianping Xie,CAE,2011,环境与轻纺工程学部,中国烟草总公司郑州烟草研究院,https://www.cae.cn/cae/html/main/colys/50708951.html,,,,,,待单人精确检索,,,,Jianping Xie | 中国烟草总公司郑州烟草研究院 | 环境与轻纺工程学部 | English journal DOI
ACAD01772,谢友柏,Youbai Xie,CAE,1994,机械与运载工程学部,西安交通大学,https://www.cae.cn/cae/html/main/colys/43741824.html,,,,,,待单人精确检索,,,,Youbai Xie | 西安交通大学 | 机械与运载工程学部 | English journal DOI
ACAD01773,谢和平,Heping Xie,CAE,2001,能源与矿业工程学部,中国矿业大学,https://www.cae.cn/cae/html/main/colys/96405922.html,,,,,,待单人精确检索,,,,Heping Xie | 中国矿业大学 | 能源与矿业工程学部 | English journal DOI
ACAD01775,谢建新,Jianxin Xie,CAE,2015,化工、冶金与材料工程学部,北京科技大学,https://www.cae.cn/cae/html/main/colys/08816500.html,,,,,,待单人精确检索,,,,Jianxin Xie | 北京科技大学 | 化工、冶金与材料工程学部 | English journal DOI
ACAD01777,谢明勇,Mingyong Xie,CAE,2021,环境与轻纺工程学部,南昌大学,https://www.cae.cn/cae/html/main/colys/03489680.html,,,,,,待单人精确检索,,,,Mingyong Xie | 南昌大学 | 环境与轻纺工程学部 | English journal DOI
ACAD01782,谢玉洪,Yuhong Xie,CAE,2021,工程管理学部,中国海洋石油集团有限公司,https://www.cae.cn/cae/html/main/colys/58232220.html,,,,,,待单人精确检索,,,,Yuhong Xie | 中国海洋石油集团有限公司 | 工程管理学部 | English journal DOI
ACAD01783,谢礼立,Lili Xie,CAE,1994,土木、水利与建筑工程学部,国家地震局工程力学研究所,https://www.cae.cn/cae/html/main/colys/34467982.html,,,,,,待单人精确检索,,,,Lili Xie | 国家地震局工程力学研究所 | 土木、水利与建筑工程学部 | English journal DOI
ACAD01784,谢立信,Lixin Xie,CAE,2001,医药卫生学部,山东省眼科研究所,https://www.cae.cn/cae/html/main/colys/28648395.html,,,,,,待单人精确检索,,,,Lixin Xie | 山东省眼科研究所 | 医药卫生学部 | English journal DOI
ACAD01789,谭久彬,Jiubin Tan,CAE,2017,信息与电子工程学部,哈尔滨工业大学,https://www.cae.cn/cae/html/main/colys/11224492.html,,,,,,待单人精确检索,,,,Jiubin Tan | 哈尔滨工业大学 | 信息与电子工程学部 | English journal DOI
ACAD01790,谭天伟,Tianwei Tan,CAE,2011,化工、冶金与材料工程学部,北京化工大学,https://www.cae.cn/cae/html/main/colys/56834799.html,,,,,,待单人精确检索,,,,Tianwei Tan | 北京化工大学 | 化工、冶金与材料工程学部 | English journal DOI
ACAD01792,谭建荣,Jianrong Tan,CAE,2007,机械与运载工程学部,浙江大学,https://www.cae.cn/cae/html/main/colys/84654626.html,,,,,,待单人精确检索,,,,Jianrong Tan | 浙江大学 | 机械与运载工程学部 | English journal DOI
ACAD01794,谭述森,Shusen Tan,CAE,2015,土木、水利与建筑工程学部,解放军总参谋部,https://www.cae.cn/cae/html/main/colys/63568540.html,,,,,,待单人精确检索,,,,Shusen Tan | 解放军总参谋部 | 土木、水利与建筑工程学部 | English journal DOI
ACAD01796,谭靖夷,Jingyi Tan,CAE,1997,土木、水利与建筑工程学部,中国水利水电第八工程局,https://www.cae.cn/cae/html/main/colys/71481278.html,,,,,,待单人精确检索,,,,Jingyi Tan | 中国水利水电第八工程局 | 土木、水利与建筑工程学部 | English journal DOI
ACAD01797,谯仕彦,Shiyan Qiao,CAE,2021,农业学部,中国农业大学,https://www.cae.cn/cae/html/main/colys/50389386.html,,,,,,待单人精确检索,,,,Shiyan Qiao | 中国农业大学 | 农业学部 | English journal DOI
ACAD01798,贲德,De Ben,CAE,2001,信息与电子工程学部,信息产业部电子第十四研究所,https://www.cae.cn/cae/html/main/colys/00359700.html,,,,,,待单人精确检索,,,,De Ben | 信息产业部电子第十四研究所 | 信息与电子工程学部 | English journal DOI
ACAD01799,费爱国,Aiguo Fei,CAE,2013,信息与电子工程学部,空军装备研究院,https://www.cae.cn/cae/html/main/colys/42628684.html,,,,,,待单人精确检索,,,,Aiguo Fei | 空军装备研究院 | 信息与电子工程学部 | English journal DOI
ACAD01801,贺克斌,Kebin He,CAE,2015,环境与轻纺工程学部,清华大学,https://www.cae.cn/cae/html/main/colys/64153693.html,,,,,,待单人精确检索,,,,Kebin He | 清华大学 | 环境与轻纺工程学部 | English journal DOI
ACAD01803,贺泓,Hong He,CAE,2017,环境与轻纺工程学部,中国科学院生态环境研究中心,https://www.cae.cn/cae/html/main/colys/24311033.html,,,,,,待单人精确检索,,,,Hong He | 中国科学院生态环境研究中心 | 环境与轻纺工程学部 | English journal DOI
ACAD01806,贾伟平,Weiping Jia,CAE,2021,工程管理学部,上海交通大学附属第六人民医院,https://www.cae.cn/cae/html/main/colys/25966759.html,,,,,,待单人精确检索,,,,Weiping Jia | 上海交通大学附属第六人民医院 | 工程管理学部 | English journal DOI
ACAD01816,赵伊君,Yijun Zhao,CAE,1997,信息与电子工程学部,中国国防科技信息中心,https://www.cae.cn/cae/html/main/colys/40700214.html,,,,,,待单人精确检索,,,,Yijun Zhao | 中国国防科技信息中心 | 信息与电子工程学部 | English journal DOI
ACAD01822,赵国藩,Guofan Zhao,CAE,1997,土木、水利与建筑工程学部,大连理工大学,https://www.cae.cn/cae/html/main/colys/50869557.html,,,,,,待单人精确检索,,,,Guofan Zhao | 大连理工大学 | 土木、水利与建筑工程学部 | English journal DOI
ACAD01825,赵宪庚,Xiangeng Zhao,CAE,2011,能源与矿业工程学部,中国工程物理研究院,https://www.cae.cn/cae/html/main/col283/2012-02/27/20120227140304047141856_1.html,,,,,,待单人精确检索,,,,Xiangeng Zhao | 中国工程物理研究院 | 能源与矿业工程学部 | English journal DOI
ACAD01828,赵振业,Zhenye Zhao,CAE,2005,化工、冶金与材料工程学部,中国航空工业第一集团公司北京航空材料研究院,https://www.cae.cn/cae/html/main/colys/18504632.html,,,,,,待单人精确检索,,,,Zhenye Zhao | 中国航空工业第一集团公司北京航空材料研究院 | 化工、冶金与材料工程学部 | English journal DOI
ACAD01829,赵振东,Zhendong Zhao,CAE,2013,农业学部,山东省农业科学院作物研究所,https://www.cae.cn/cae/html/main/colys/41985259.html,,,,,,待单人精确检索,,,,Zhendong Zhao | 山东省农业科学院作物研究所 | 农业学部 | English journal DOI
ACAD01830,赵振堂,Zhentang Zhao,CAE,2019,能源与矿业工程学部,中国科学院上海高等研究院,https://www.cae.cn/cae/html/main/colys/47039423.html,,,,,,待单人精确检索,,,,Zhentang Zhao | 中国科学院上海高等研究院 | 能源与矿业工程学部 | English journal DOI
ACAD01832,赵文智,Wenzhi Zhao,CAE,2013,能源与矿业工程学部,中国石油天然气股份有限公司,https://www.cae.cn/cae/html/main/colys/42404807.html,,,,,,待单人精确检索,,,,Wenzhi Zhao | 中国石油天然气股份有限公司 | 能源与矿业工程学部 | English journal DOI
ACAD01833,赵文津,Wenjin Zhao,CAE,2001,能源与矿业工程学部,中国地质科学院,https://www.cae.cn/cae/html/main/colys/40984320.html,,,,,,待单人精确检索,,,,Wenjin Zhao | 中国地质科学院 | 能源与矿业工程学部 | English journal DOI
ACAD01834,赵春江,Chunjiang Zhao,CAE,2017,农业学部,北京市农林科学院,https://www.cae.cn/cae/html/main/colys/35503651.html,,,,,,待单人精确检索,,,,Chunjiang Zhao | 北京市农林科学院 | 农业学部 | English journal DOI
ACAD01835,赵晓哲,Xiaozhe Zhao,CAE,2011,工程管理学部,海军大连舰艇学院,https://www.cae.cn/cae/html/main/col283/2012-02/27/20120227140304047141856_1.html,,,,,,待单人精确检索,,,,Xiaozhe Zhao | 海军大连舰艇学院 | 工程管理学部 | English journal DOI
ACAD01837,赵梓森,Zisen Zhao,CAE,1995,信息与电子工程学部,邮电部武汉邮电科学研究院,https://www.cae.cn/cae/html/main/colys/28823140.html,,,,,,待单人精确检索,,,,Zisen Zhao | 邮电部武汉邮电科学研究院 | 信息与电子工程学部 | English journal DOI
ACAD01838,赵沁平,Qinping Zhao,CAE,2013,信息与电子工程学部,教育部,https://www.cae.cn/cae/html/main/colys/42717920.html,,,,,,待单人精确检索,,,,Qinping Zhao | 教育部 | 信息与电子工程学部 | English journal DOI
ACAD01839,赵法箴,Fazhen Zhao,CAE,1995,农业学部,中国水产科学研究院黄海水产研究所,https://www.cae.cn/cae/html/main/colys/68768046.html,,,,,,待单人精确检索,,,,Fazhen Zhao | 中国水产科学研究院黄海水产研究所 | 农业学部 | English journal DOI
ACAD01841,赵煦,Xu Zhao,CAE,2001,机械与运载工程学部,中国航空武器实验训练靶场,https://www.cae.cn/cae/html/main/colys/06120442.html,,,,,,待单人精确检索,,,,Xu Zhao | 中国航空武器实验训练靶场 | 机械与运载工程学部 | English journal DOI
ACAD01849,赵连城,Liancheng Zhao,CAE,2003,化工、冶金与材料工程学部,哈尔滨工业大学,https://www.cae.cn/cae/html/main/colys/81471752.html,,,,,,待单人精确检索,,,,Liancheng Zhao | 哈尔滨工业大学 | 化工、冶金与材料工程学部 | English journal DOI
ACAD01850,赵铠,Kai Zhao,CAE,1997,医药卫生学部,北京生物制品研究所,https://www.cae.cn/cae/html/main/colys/75889860.html,,,,,,待单人精确检索,,,,Kai Zhao | 北京生物制品研究所 | 医药卫生学部 | English journal DOI
ACAD01851,赵铱民,Yimin Zhao,CAE,2021,医药卫生学部,中国人民解放军空军军医大学,https://www.cae.cn/cae/html/main/colys/48180601.html,,,,,,待单人精确检索,,,,Yimin Zhao | 中国人民解放军空军军医大学 | 医药卫生学部 | English journal DOI
ACAD01855,蹇锡高,Xigao Jian,CAE,2013,化工、冶金与材料工程学部,大连理工大学,https://www.cae.cn/cae/html/main/colys/42529695.html,,,,,,待单人精确检索,,,,Xigao Jian | 大连理工大学 | 化工、冶金与材料工程学部 | English journal DOI
ACAD01857,辛世文,Shiwen Xin,CAE,2003,农业学部,香港中文大学,https://www.cae.cn/cae/html/main/colys/62797100.html,,,,,,待单人精确检索,,,,Shiwen Xin | 香港中文大学 | 农业学部 | English journal DOI
ACAD01861,邓中翰,Zhonghan Deng,CAE,2009,信息与电子工程学部,北京中星微电子有限公司,https://www.cae.cn/cae/html/main/colys/34375328.html,,,,,,待单人精确检索,,,,Zhonghan Deng | 北京中星微电子有限公司 | 信息与电子工程学部 | English journal DOI
ACAD01865,邓宗全,Zongquan Deng,CAE,2017,机械与运载工程学部,哈尔滨工业大学,https://www.cae.cn/cae/html/main/colys/01567139.html,,,,,,待单人精确检索,,,,Zongquan Deng | 哈尔滨工业大学 | 机械与运载工程学部 | English journal DOI
ACAD01867,邓建军,Jianjun Deng,CAE,2017,能源与矿业工程学部,中国工程物理研究院,https://www.cae.cn/cae/html/main/colys/51426833.html,,,,,,待单人精确检索,,,,Jianjun Deng | 中国工程物理研究院 | 能源与矿业工程学部 | English journal DOI
ACAD01869,邓秀新,Xiuxin Deng,CAE,2007,农业学部,华中农业大学,https://www.cae.cn/cae/html/main/colys/37894835.html,,,,,,待单人精确检索,,,,Xiuxin Deng | 华中农业大学 | 农业学部 | English journal DOI
ACAD01871,邓运华,Yunhua Deng,CAE,2015,能源与矿业工程学部,中海油研究总院,https://www.cae.cn/cae/html/main/colys/58090850.html,,,,,,待单人精确检索,,,,Yunhua Deng | 中海油研究总院 | 能源与矿业工程学部 | English journal DOI
ACAD01872,邓铭江,Mingjiang Deng,CAE,2017,土木、水利与建筑工程学部,新疆额尔齐斯河流域开发工程建设管理局,https://www.cae.cn/cae/html/main/colys/01507976.html,,,,,,待单人精确检索,,,,Mingjiang Deng | 新疆额尔齐斯河流域开发工程建设管理局 | 土木、水利与建筑工程学部 | English journal DOI
ACAD01874,邓龙江,Longjiang Deng,CAE,2021,化工、冶金与材料工程学部,电子科技大学,https://www.cae.cn/cae/html/main/colys/64493006.html,,,,,,待单人精确检索,,,,Longjiang Deng | 电子科技大学 | 化工、冶金与材料工程学部 | English journal DOI
ACAD01876,邢丽英,Liying Xing,CAE,2021,化工、冶金与材料工程学部,中国航空制造技术研究院,https://www.cae.cn/cae/html/main/colys/39402847.html,,,,,,待单人精确检索,,,,Liying Xing | 中国航空制造技术研究院 | 化工、冶金与材料工程学部 | English journal DOI
ACAD01880,邬堂春,Tangchun Wu,CAE,2021,医药卫生学部,华中科技大学,https://www.cae.cn/cae/html/main/colys/61151908.html,,,,,,待单人精确检索,,,,Tangchun Wu | 华中科技大学 | 医药卫生学部 | English journal DOI
ACAD01881,邬江兴,Jiangxing Wu,CAE,2003,信息与电子工程学部,解放军信息工程大学,https://www.cae.cn/cae/html/main/colys/15116624.html,,,,,,待单人精确检索,,,,Jiangxing Wu | 解放军信息工程大学 | 信息与电子工程学部 | English journal DOI
ACAD01882,邬贺铨,Hequan Wu,CAE,1999,信息与电子工程学部,信息产业部电信科学技术研究院,https://www.cae.cn/cae/html/main/colys/56860866.html,,,,,,待单人精确检索,,,,Hequan Wu | 信息产业部电信科学技术研究院 | 信息与电子工程学部 | English journal DOI
ACAD01883,邱中建,Zhongjian Qiu,CAE,1999,能源与矿业工程学部,中国石油天然气集团公司,https://www.cae.cn/cae/html/main/colys/31144453.html,,,,,,待单人精确检索,,,,Zhongjian Qiu | 中国石油天然气集团公司 | 能源与矿业工程学部 | English journal DOI
ACAD01884,邱冠周,Guanzhou Qiu,CAE,2011,化工、冶金与材料工程学部,中南大学,https://www.cae.cn/cae/html/main/colys/25820813.html,,,,,,待单人精确检索,,,,Guanzhou Qiu | 中南大学 | 化工、冶金与材料工程学部 | English journal DOI
ACAD01888,邱定蕃,Dingbo Qiu,CAE,1999,化工、冶金与材料工程学部,北京矿冶研究总院,https://www.cae.cn/cae/html/main/colys/71699073.html,,,,,,待单人精确检索,,,,Dingbo Qiu | 北京矿冶研究总院 | 化工、冶金与材料工程学部 | English journal DOI
ACAD01889,邱志明,Zhiming Qiu,CAE,2015,机械与运载工程学部,海军装备研究院,https://www.cae.cn/cae/html/main/colys/80521618.html,,,,,,待单人精确检索,,,,Zhiming Qiu | 海军装备研究院 | 机械与运载工程学部 | English journal DOI
ACAD01890,邱爱慈,Aici Qiu,CAE,1999,能源与矿业工程学部,西北核技术研究所,https://www.cae.cn/cae/html/main/colys/28372962.html,,,,,,待单人精确检索,,,,Aici Qiu | 西北核技术研究所 | 能源与矿业工程学部 | English journal DOI
ACAD01892,邱蔚六,Weiliu Qiu,CAE,2001,医药卫生学部,上海第二医科大学附属第九人民医院,https://www.cae.cn/cae/html/main/colys/84910678.html,,,,,,待单人精确检索,,,,Weiliu Qiu | 上海第二医科大学附属第九人民医院 | 医药卫生学部 | English journal DOI
ACAD01893,邱贵兴,Guixing Qiu,CAE,2007,医药卫生学部,中国医学科学院北京协和医院,https://www.cae.cn/cae/html/main/colys/46805017.html,,,,,,待单人精确检索,,,,Guixing Qiu | 中国医学科学院北京协和医院 | 医药卫生学部 | English journal DOI
ACAD01894,邵安林,Anlin Shao,CAE,2015,工程管理学部,鞍钢矿业集团,https://www.cae.cn/cae/html/main/colys/70489863.html,,,,,,待单人精确检索,,,,Anlin Shao | 鞍钢矿业集团 | 工程管理学部 | English journal DOI
ACAD01896,邵新宇,Xinyu Shao,CAE,2019,机械与运载工程学部,华中科技大学,https://www.cae.cn/cae/html/main/colys/12061162.html,,,,,,待单人精确检索,,,,Xinyu Shao | 华中科技大学 | 机械与运载工程学部 | English journal DOI
ACAD01898,邵象华,Xianghua Shao,CAE,1995,化工、冶金与材料工程学部,冶金工业部钢铁研究总院,https://www.cae.cn/cae/html/main/colys/12966364.html,,,,,,待单人精确检索,,,,Xianghua Shao | 冶金工业部钢铁研究总院 | 化工、冶金与材料工程学部 | English journal DOI
ACAD01901,邹学校,Xuexiao Zou,CAE,2017,农业学部,湖南省农业科学院,https://www.cae.cn/cae/html/main/colys/67789743.html,,,,,,待单人精确检索,,,,Xuexiao Zou | 湖南省农业科学院 | 农业学部 | English journal DOI
ACAD01903,邹德慈,Deci Zou,CAE,2003,土木、水利与建筑工程学部,中国城市规划设计研究院,https://www.cae.cn/cae/html/main/colys/65498751.html,,,,,,待单人精确检索,,,,Deci Zou | 中国城市规划设计研究院 | 土木、水利与建筑工程学部 | English journal DOI
ACAD01906,邹汝平,Ruping Zou,CAE,2021,机械与运载工程学部,中国兵器工业第二〇三研究所,https://www.cae.cn/cae/html/main/colys/86972517.html,,,,,,待单人精确检索,,,,Ruping Zou | 中国兵器工业第二〇三研究所 | 机械与运载工程学部 | English journal DOI
ACAD01907,邹竞,Jing Zou,CAE,1994,化工、冶金与材料工程学部,化工部中国乐凯胶片公司,https://www.cae.cn/cae/html/main/colys/37977073.html,,,,,,待单人精确检索,,,,Jing Zou | 化工部中国乐凯胶片公司 | 化工、冶金与材料工程学部 | English journal DOI
ACAD01908,郁铭芳,Mingfang Yu,CAE,1995,环境与轻纺工程学部,上海市合成纤维研究所,https://www.cae.cn/cae/html/main/colys/75962275.html,,,,,,待单人精确检索,,,,Mingfang Yu | 上海市合成纤维研究所 | 环境与轻纺工程学部 | English journal DOI
ACAD01909,郎景和,Jinghe Lang,CAE,2011,医药卫生学部,中国医学科学院、北京协和医院,https://www.cae.cn/cae/html/main/colys/37499502.html,,,,,,待单人精确检索,,,,Jinghe Lang | 中国医学科学院、北京协和医院 | 医药卫生学部 | English journal DOI
ACAD01910,郑健超,Jianchao Zheng,CAE,1995,能源与矿业工程学部,电力工业部电力科学研究院,https://www.cae.cn/cae/html/main/colys/43845870.html,,,,,,待单人精确检索,,,,Jianchao Zheng | 电力工业部电力科学研究院 | 能源与矿业工程学部 | English journal DOI
ACAD01911,郑健龙,Jianlong Zheng,CAE,2015,土木、水利与建筑工程学部,长沙理工大学,https://www.cae.cn/cae/html/main/colys/49993737.html,,,,,,待单人精确检索,,,,Jianlong Zheng | 长沙理工大学 | 土木、水利与建筑工程学部 | English journal DOI
ACAD01915,郑南宁,Nanning Zheng,CAE,1999,信息与电子工程学部，工程管理学部,西安交通大学,https://www.cae.cn/cae/html/main/colys/75813398.html,,,,,,待单人精确检索,,,,Nanning Zheng | 西安交通大学 | 信息与电子工程学部，工程管理学部 | English journal DOI
ACAD01918,郑哲敏,Zhemin Zheng,CAE,1994,土木、水利与建筑工程学部,中国科学院力学研究所,https://www.cae.cn/cae/html/main/colys/96622825.html,,,,,,待单人精确检索,,,,Zhemin Zheng | 中国科学院力学研究所 | 土木、水利与建筑工程学部 | English journal DOI
ACAD01920,郑守仁,Shouren Zheng,CAE,1997,土木、水利与建筑工程学部,长江水利委员会,https://www.cae.cn/cae/html/main/colys/00517160.html,,,,,,待单人精确检索,,,,Shouren Zheng | 长江水利委员会 | 土木、水利与建筑工程学部 | English journal DOI
ACAD01930,郑树森,Shusen Zheng,CAE,2001,医药卫生学部,浙江大学医学院附属第一医院,https://www.cae.cn/cae/html/main/colys/25350892.html,,,,,,待单人精确检索,,,,Shusen Zheng | 浙江大学医学院附属第一医院 | 医药卫生学部 | English journal DOI
ACAD01933,郑津洋,Jinyang Zheng,CAE,2021,机械与运载工程学部,浙江大学,https://www.cae.cn/cae/html/main/colys/42537710.html,,,,,,待单人精确检索,,,,Jinyang Zheng | 浙江大学 | 机械与运载工程学部 | English journal DOI
ACAD01935,郑皆连,Jielian Zheng,CAE,1999,土木、水利与建筑工程学部,广西壮族自治区交通厅,https://www.cae.cn/cae/html/main/colys/25415850.html,,,,,,待单人精确检索,,,,Jielian Zheng | 广西壮族自治区交通厅 | 土木、水利与建筑工程学部 | English journal DOI
ACAD01936,郑纬民,Weimin Zheng,CAE,2019,信息与电子工程学部,清华大学,https://www.cae.cn/cae/html/main/colys/93930946.html,,,,,,待单人精确检索,,,,Weimin Zheng | 清华大学 | 信息与电子工程学部 | English journal DOI
ACAD01937,郑绵平,Mianping Zheng,CAE,1995,能源与矿业工程学部,地质矿产部矿床地质所,https://www.cae.cn/cae/html/main/colys/78466020.html,,,,,,待单人精确检索,,,,Mianping Zheng | 地质矿产部矿床地质所 | 能源与矿业工程学部 | English journal DOI
ACAD01939,郑裕国,Yuguo Zheng,CAE,2017,化工、冶金与材料工程学部,浙江工业大学,https://www.cae.cn/cae/html/main/colys/64780579.html,,,,,,待单人精确检索,,,,Yuguo Zheng | 浙江工业大学 | 化工、冶金与材料工程学部 | English journal DOI
ACAD01940,郑颖人,Yingren Zheng,CAE,2001,土木、水利与建筑工程学部,解放军后勤工程学院,https://www.cae.cn/cae/html/main/colys/37594246.html,,,,,,待单人精确检索,,,,Yingren Zheng | 解放军后勤工程学院 | 土木、水利与建筑工程学部 | English journal DOI
ACAD01941,郝吉明,Jiming Hao,CAE,2005,环境与轻纺工程学部,清华大学,https://www.cae.cn/cae/html/main/colys/81603901.html,,,,,,待单人精确检索,,,,Jiming Hao | 清华大学 | 环境与轻纺工程学部 | English journal DOI
ACAD01943,郝希山,Xishan Hao,CAE,2003,医药卫生学部,天津医科大学,https://www.cae.cn/cae/html/main/colys/75448149.html,,,,,,待单人精确检索,,,,Xishan Hao | 天津医科大学 | 医药卫生学部 | English journal DOI
ACAD01949,郭东明,Dongming Guo,CAE,2011,机械与运载工程学部,大连理工大学,https://www.cae.cn/cae/html/main/colys/03128697.html,,,,,,待单人精确检索,,,,Dongming Guo | 大连理工大学 | 机械与运载工程学部 | English journal DOI
ACAD01950,郭予元,Yuyuan Guo,CAE,2001,农业学部,中国农业科学院植物保护研究所,https://www.cae.cn/cae/html/main/colys/25242772.html,,,,,,待单人精确检索,,,,Yuyuan Guo | 中国农业科学院植物保护研究所 | 农业学部 | English journal DOI
ACAD01951,郭仁忠,Renzhong Guo,CAE,2013,土木、水利与建筑工程学部,深圳市规划和国土资源委员会,https://www.cae.cn/cae/html/main/colys/42203592.html,,,,,,待单人精确检索,,,,Renzhong Guo | 深圳市规划和国土资源委员会 | 土木、水利与建筑工程学部 | English journal DOI
ACAD01955,郭剑波,Jianbo Guo,CAE,2013,能源与矿业工程学部,国家电网公司中国电力科学研究院,https://www.cae.cn/cae/html/main/colys/42379693.html,,,,,,待单人精确检索,,,,Jianbo Guo | 国家电网公司中国电力科学研究院 | 能源与矿业工程学部 | English journal DOI
ACAD01958,郭孔辉,Konghui Guo,CAE,1994,机械与运载工程学部,吉林大学,https://www.cae.cn/cae/html/main/colys/62197169.html,,,,,,待单人精确检索,,,,Konghui Guo | 吉林大学 | 机械与运载工程学部 | English journal DOI
ACAD01960,郭应禄,Yinglu Guo,CAE,1999,医药卫生工程学部,北京医科大学泌尿外科研究所,https://www.cae.cn/cae/html/main/colys/75697055.html,,,,,,待单人精确检索,,,,Yinglu Guo | 北京医科大学泌尿外科研究所 | 医药卫生工程学部 | English journal DOI
ACAD01962,郭旭升,Xusheng Guo,CAE,2019,能源与矿业工程学部,中国石油化工股份有限公司勘探分公司,https://www.cae.cn/cae/html/main/colys/51193349.html,,,,,,待单人精确检索,,,,Xusheng Guo | 中国石油化工股份有限公司勘探分公司 | 能源与矿业工程学部 | English journal DOI
ACAD01965,郭桂蓉,Guirong Guo,CAE,1995,信息与电子工程学部，工程管理学部,中国人民解放军国防科学技术大学,https://www.cae.cn/cae/html/main/colys/65316987.html,,,,,,待单人精确检索,,,,Guirong Guo | 中国人民解放军国防科学技术大学 | 信息与电子工程学部，工程管理学部 | English journal DOI
ACAD01969,郭重庆,Chongqing Guo,CAE,1995,机械与运载工程学部，工程管理学部,机械工业部第六设计研究院,https://www.cae.cn/cae/html/main/colys/65933834.html,,,,,,待单人精确检索,,,,Chongqing Guo | 机械工业部第六设计研究院 | 机械与运载工程学部，工程管理学部 | English journal DOI
ACAD01974,金东寒,Donghan Jin,CAE,2009,机械与运载工程学部,中国船舶重工集团公司第七一一研究所,https://www.cae.cn/cae/html/main/col284/2012-02/27/20120227140304000962108_1.html,,,,,,待单人精确检索,,,,Donghan Jin | 中国船舶重工集团公司第七一一研究所 | 机械与运载工程学部 | English journal DOI
ACAD01979,金国藩,Guofan Jin,CAE,1994,信息与电子工程学部,国家自然科学基金委员会,https://www.cae.cn/cae/html/main/colys/12259293.html,,,,,,待单人精确检索,,,,Guofan Jin | 国家自然科学基金委员会 | 信息与电子工程学部 | English journal DOI
ACAD01981,金宁一,Ningyi Jin,CAE,2015,农业学部,解放军军事医学科学院,https://www.cae.cn/cae/html/main/colys/27883574.html,,,,,,待单人精确检索,,,,Ningyi Jin | 解放军军事医学科学院 | 农业学部 | English journal DOI
ACAD01983,金庆焕,Qinghuan Jin,CAE,1997,能源与矿业工程学部,广州海洋地质调查局,https://www.cae.cn/cae/html/main/colys/34511665.html,,,,,,待单人精确检索,,,,Qinghuan Jin | 广州海洋地质调查局 | 能源与矿业工程学部 | English journal DOI
ACAD01985,金怡濂,Yilian Jin,CAE,1994,信息与电子工程学部,总参谋部第58研究所,https://www.cae.cn/cae/html/main/colys/43271672.html,,,,,,待单人精确检索,,,,Yilian Jin | 总参谋部第58研究所 | 信息与电子工程学部 | English journal DOI
ACAD01987,金智新,Zhixin Jin,CAE,2015,工程管理学部,山西焦煤集团有限责任公司,https://www.cae.cn/cae/html/main/colys/67380031.html,,,,,,待单人精确检索,,,,Zhixin Jin | 山西焦煤集团有限责任公司 | 工程管理学部 | English journal DOI
ACAD01989,金涌,Yong Jin,CAE,1997,化工、冶金与材料工程学部,清华大学,https://www.cae.cn/cae/html/main/colys/90319963.html,,,,,,待单人精确检索,,,,Yong Jin | 清华大学 | 化工、冶金与材料工程学部 | English journal DOI
ACAD01992,金翔龙,Xianglong Jin,CAE,1997,环境与轻纺工程学部,国家海洋局第二海洋研究所,https://www.cae.cn/cae/html/main/colys/31245601.html,,,,,,待单人精确检索,,,,Xianglong Jin | 国家海洋局第二海洋研究所 | 环境与轻纺工程学部 | English journal DOI
ACAD01993,金鉴明,Jianming Jin,CAE,1997,环境与轻纺工程学部，工程管理学部,环境保护部,https://www.cae.cn/cae/html/main/colys/53193029.html,,,,,,待单人精确检索,,,,Jianming Jin | 环境保护部 | 环境与轻纺工程学部，工程管理学部 | English journal DOI
ACAD01995,钟世镇,Shizhen Zhong,CAE,1997,医药卫生学部,南方医科大学,https://www.cae.cn/cae/html/main/colys/46491593.html,,,,,,待单人精确检索,,,,Shizhen Zhong | 南方医科大学 | 医药卫生学部 | English journal DOI
ACAD01996,钟南山,Nanshan Zhong,CAE,1996,医药卫生学部,广州医科大学,https://www.cae.cn/cae/html/main/colys/71145511.html,,,,,,待单人精确检索,,,,Nanshan Zhong | 广州医科大学 | 医药卫生学部 | English journal DOI
ACAD01998,钟山,Shan Zhong,CAE,1999,信息与电子工程学部,航天工业总公司第二研究院,https://www.cae.cn/cae/html/main/colys/68335171.html,,,,,,待单人精确检索,,,,Shan Zhong | 航天工业总公司第二研究院 | 信息与电子工程学部 | English journal DOI
ACAD01999,钟志华,Zhihua Zhong,CAE,2005,机械与运载工程学部,湖南大学,https://www.cae.cn/cae/html/main/colys/28517943.html,,,,,,待单人精确检索,,,,Zhihua Zhong | 湖南大学 | 机械与运载工程学部 | English journal DOI
ACAD02000,钟掘,Jue Zhong,CAE,1995,机械与运载工程学部,中南大学,https://www.cae.cn/cae/html/main/colys/25419960.html,,,,,,待单人精确检索,,,,Jue Zhong | 中南大学 | 机械与运载工程学部 | English journal DOI
ACAD02001,钟登华,Denghua Zhong,CAE,2009,土木、水利与建筑工程学部,天津大学,https://www.cae.cn/cae/html/main/colys/65695315.html,,,,,,待单人精确检索,,,,Denghua Zhong | 天津大学 | 土木、水利与建筑工程学部 | English journal DOI
ACAD02002,钟群鹏,Qunpeng Zhong,CAE,1999,机械与运载工程学部,北京航空航天大学,https://www.cae.cn/cae/html/main/colys/15388081.html,,,,,,待单人精确检索,,,,Qunpeng Zhong | 北京航空航天大学 | 机械与运载工程学部 | English journal DOI
ACAD02003,钟训正,Xunzheng Zhong,CAE,1997,土木、水利与建筑工程学部,东南大学,https://www.cae.cn/cae/html/main/colys/90872965.html,,,,,,待单人精确检索,,,,Xunzheng Zhong | 东南大学 | 土木、水利与建筑工程学部 | English journal DOI
ACAD02006,钮新强,Xinqiang Niu,CAE,2013,土木、水利与建筑工程学部,水利部长江水利委员会,https://www.cae.cn/cae/html/main/colys/42229954.html,,,,,,待单人精确检索,,,,Xinqiang Niu | 水利部长江水利委员会 | 土木、水利与建筑工程学部 | English journal DOI
ACAD02007,钱七虎,Qihu Qian,CAE,1994,土木、水利与建筑工程学部，工程管理学部,中国人民解放军陆军工程大学,https://www.cae.cn/cae/html/main/colys/68461805.html,,,,,,待单人精确检索,,,,Qihu Qian | 中国人民解放军陆军工程大学 | 土木、水利与建筑工程学部，工程管理学部 | English journal DOI
ACAD02011,钱旭红,Xuhong Qian,CAE,2011,化工、冶金与材料工程学部,华东理工大学,https://www.cae.cn/cae/html/main/colys/09253339.html,,,,,,待单人精确检索,,,,Xuhong Qian | 华东理工大学 | 化工、冶金与材料工程学部 | English journal DOI
ACAD02012,钱易,Yi Qian,CAE,1994,环境与轻纺工程学部,清华大学,https://www.cae.cn/cae/html/main/colys/81413695.html,,,,,,待单人精确检索,,,,Yi Qian | 清华大学 | 环境与轻纺工程学部 | English journal DOI
ACAD02013,钱正英,Zhengying Qian,CAE,1997,土木、水利与建筑工程学部,全国政协,https://www.cae.cn/cae/html/main/colys/40457166.html,,,,,,待单人精确检索,,,,Zhengying Qian | 全国政协 | 土木、水利与建筑工程学部 | English journal DOI
ACAD02014,钱清泉,Qingquan Qian,CAE,1997,机械与运载工程学部,西南交通大学,https://www.cae.cn/cae/html/main/colys/06446292.html,,,,,,待单人精确检索,,,,Qingquan Qian | 西南交通大学 | 机械与运载工程学部 | English journal DOI
ACAD02015,钱皋韵,Gaoyun Qian,CAE,1994,能源与矿业工程学部,中国核工业总公司科技委,https://www.cae.cn/cae/html/main/colys/62982833.html,,,,,,待单人精确检索,,,,Gaoyun Qian | 中国核工业总公司科技委 | 能源与矿业工程学部 | English journal DOI
ACAD02016,钱绍钧,Shaojun Qian,CAE,1995,能源与矿业工程学部,国防科学技术工业委员会,https://www.cae.cn/cae/html/main/colys/62568183.html,,,,,,待单人精确检索,,,,Shaojun Qian | 国防科学技术工业委员会 | 能源与矿业工程学部 | English journal DOI
ACAD02018,钱锋,Feng Qian,CAE,2015,化工、冶金与材料工程学部,华东理工大学,https://www.cae.cn/cae/html/main/colys/81803311.html,,,,,,待单人精确检索,,,,Feng Qian | 华东理工大学 | 化工、冶金与材料工程学部 | English journal DOI
ACAD02019,钱鸣高,Minggao Qian,CAE,1995,能源与矿业工程学部,中国矿业大学,https://www.cae.cn/cae/html/main/colys/59247213.html,,,,,,待单人精确检索,,,,Minggao Qian | 中国矿业大学 | 能源与矿业工程学部 | English journal DOI
ACAD02022,闵恩泽,Enze Min,CAE,1994,化工、冶金与材料工程学部,中国石油化工总公司石油化工科学研究院,https://www.cae.cn/cae/html/main/colys/78517653.html,,,,,,待单人精确检索,,,,Enze Min | 中国石油化工总公司石油化工科学研究院 | 化工、冶金与材料工程学部 | English journal DOI
ACAD02024,闻玉梅,Yumei Wen,CAE,1999,医药卫生工程学部,上海医科大学,https://www.cae.cn/cae/html/main/colys/43913772.html,,,,,,待单人精确检索,,,,Yumei Wen | 上海医科大学 | 医药卫生工程学部 | English journal DOI
ACAD02027,闻雪友,Xueyou Wen,CAE,2005,能源与矿业工程学部,中国船舶重工集团公司第七〇三研究所,https://www.cae.cn/cae/html/main/colys/34974074.html,,,,,,待单人精确检索,,,,Xueyou Wen | 中国船舶重工集团公司第七〇三研究所 | 能源与矿业工程学部 | English journal DOI
ACAD02032,阮可强,Keqiang Ruan,CAE,1995,能源与矿业工程学部,中国核工业总公司中国原子能科学研究院,https://www.cae.cn/cae/html/main/colys/18260428.html,,,,,,待单人精确检索,,,,Keqiang Ruan | 中国核工业总公司中国原子能科学研究院 | 能源与矿业工程学部 | English journal DOI
ACAD02033,阮长耿,Zhanggeng Ruan,CAE,1997,医药卫生学部,苏州大学,https://www.cae.cn/cae/html/main/colys/37297317.html,,,,,,待单人精确检索,,,,Zhanggeng Ruan | 苏州大学 | 医药卫生学部 | English journal DOI
ACAD02034,阮雪榆,Xueyu Ruan,CAE,1994,机械与运载工程学部,上海交通大学,https://www.cae.cn/cae/html/main/colys/00714624.html,,,,,,待单人精确检索,,,,Xueyu Ruan | 上海交通大学 | 机械与运载工程学部 | English journal DOI
ACAD02036,陆佑楣,Youmei Lu,CAE,2003,工程管理学部,中国长江三峡工程开发总公司,https://www.cae.cn/cae/html/main/colys/87825517.html,,,,,,待单人精确检索,,,,Youmei Lu | 中国长江三峡工程开发总公司 | 工程管理学部 | English journal DOI
ACAD02037,陆元九,Yuanjiu Lu,CAE,1994,机械与运载工程学部,中国航天工业总公司,https://www.cae.cn/cae/html/main/colys/59964430.html,,,,,,待单人精确检索,,,,Yuanjiu Lu | 中国航天工业总公司 | 机械与运载工程学部 | English journal DOI
ACAD02038,陆军,Jun Lu,CAE,2017,信息与电子工程学部,中国电科电子科学研究院,https://www.cae.cn/cae/html/main/colys/61048627.html,,,,,,待单人精确检索,,,,Jun Lu | 中国电科电子科学研究院 | 信息与电子工程学部 | English journal DOI
ACAD02045,陆建勋,Jianxun Lu,CAE,1995,信息与电子工程学部,中国船舶工业总公司七院,https://www.cae.cn/cae/html/main/colys/03613481.html,,,,,,待单人精确检索,,,,Jianxun Lu | 中国船舶工业总公司七院 | 信息与电子工程学部 | English journal DOI
ACAD02050,陆道培,Daopei Lu,CAE,1996,医药卫生学部,北京大学,https://www.cae.cn/cae/html/main/colys/40260280.html,,,,,,待单人精确检索,,,,Daopei Lu | 北京大学 | 医药卫生学部 | English journal DOI
ACAD02051,陆钟武,Zhongwu Lu,CAE,1997,化工、冶金与材料工程学部,东北大学,https://www.cae.cn/cae/html/main/colys/65276284.html,,,,,,待单人精确检索,,,,Zhongwu Lu | 东北大学 | 化工、冶金与材料工程学部 | English journal DOI
ACAD02052,陈一坚,Yijian Chen,CAE,1999,机械与运载工程学部,航空工业总公司六零三研究所,https://www.cae.cn/cae/html/main/colys/15863836.html,,,,,,待单人精确检索,,,,Yijian Chen | 航空工业总公司六零三研究所 | 机械与运载工程学部 | English journal DOI
ACAD02053,陈丙珍,Bingzhen Chen,CAE,2005,化工、冶金与材料工程学部,清华大学,https://www.cae.cn/cae/html/main/colys/21759075.html,,,,,,待单人精确检索,,,,Bingzhen Chen | 清华大学 | 化工、冶金与材料工程学部 | English journal DOI
ACAD02055,陈予恕,Yushu Chen,CAE,2005,机械与运载工程学部,天津大学,https://www.cae.cn/cae/html/main/colys/00785322.html,,,,,,待单人精确检索,,,,Yushu Chen | 天津大学 | 机械与运载工程学部 | English journal DOI
ACAD02057,陈亚珠,Yazhu Chen,CAE,1996,医药卫生学部,上海交通大学,https://www.cae.cn/cae/html/main/colys/12690033.html,,,,,,待单人精确检索,,,,Yazhu Chen | 上海交通大学 | 医药卫生学部 | English journal DOI
ACAD02062,陈俊愉,Junyu Chen,CAE,1997,农业学部,北京林业大学,https://www.cae.cn/cae/html/main/colys/53523852.html,,,,,,待单人精确检索,,,,Junyu Chen | 北京林业大学 | 农业学部 | English journal DOI
ACAD02066,陈克复,Kefu Chen,CAE,2003,环境与轻纺工程学部,华南理工大学,https://www.cae.cn/cae/html/main/colys/93889527.html,,,,,,待单人精确检索,,,,Kefu Chen | 华南理工大学 | 环境与轻纺工程学部 | English journal DOI
ACAD02067,陈冀胜,Jisheng Chen,CAE,1999,医药卫生工程学部,防化研究所,https://www.cae.cn/cae/html/main/colys/00994491.html,,,,,,待单人精确检索,,,,Jisheng Chen | 防化研究所 | 医药卫生工程学部 | English journal DOI
ACAD02068,陈军,Jun Chen,CAE,2019,土木、水利与建筑工程学部,国家基础地理信息中心,https://www.cae.cn/cae/html/main/colys/14313525.html,,,,,,待单人精确检索,,,,Jun Chen | 国家基础地理信息中心 | 土木、水利与建筑工程学部 | English journal DOI
ACAD02072,陈剑平,Jianping Chen,CAE,2011,农业学部,浙江省农业科学院,https://www.cae.cn/cae/html/main/colys/65445861.html,,,,,,待单人精确检索,,,,Jianping Chen | 浙江省农业科学院 | 农业学部 | English journal DOI
ACAD02074,陈勇,Yong Chen,CAE,2013,能源与矿业工程学部,中国科学院广州能源研究所,https://www.cae.cn/cae/html/main/colys/42429073.html,,,,,,待单人精确检索,,,,Yong Chen | 中国科学院广州能源研究所 | 能源与矿业工程学部 | English journal DOI
ACAD02077,陈卫,Wei Chen,CAE,2019,环境与轻纺工程学部,江南大学,https://www.cae.cn/cae/html/main/colys/29547905.html,,,,,,待单人精确检索,,,,Wei Chen | 江南大学 | 环境与轻纺工程学部 | English journal DOI
ACAD02078,陈厚群,Houqun Chen,CAE,1995,土木、水利与建筑工程学部,中国水利水电科学研究院,https://www.cae.cn/cae/html/main/colys/21689836.html,,,,,,待单人精确检索,,,,Houqun Chen | 中国水利水电科学研究院 | 土木、水利与建筑工程学部 | English journal DOI
ACAD02081,陈吉余,Jiyu Chen,CAE,1999,土木、水利与建筑工程学部,华东师范大学,https://www.cae.cn/cae/html/main/colys/59857630.html,,,,,,待单人精确检索,,,,Jiyu Chen | 华东师范大学 | 土木、水利与建筑工程学部 | English journal DOI
ACAD02082,陈君石,Junshi Chen,CAE,2005,医药卫生学部,中国疾病预防控制中心营养与食品安全所,https://www.cae.cn/cae/html/main/colys/25988768.html,,,,,,待单人精确检索,,,,Junshi Chen | 中国疾病预防控制中心营养与食品安全所 | 医药卫生学部 | English journal DOI
ACAD02087,陈坚,Jian Chen,CAE,2017,环境与轻纺工程学部,江南大学,https://www.cae.cn/cae/html/main/colys/84588258.html,,,,,,待单人精确检索,,,,Jian Chen | 江南大学 | 环境与轻纺工程学部 | English journal DOI
ACAD02089,陈士橹,Shilu Chen,CAE,1997,机械与运载工程学部,西北工业大学,https://www.cae.cn/cae/html/main/colys/09921411.html,,,,,,待单人精确检索,,,,Shilu Chen | 西北工业大学 | 机械与运载工程学部 | English journal DOI
ACAD02096,陈学东,Xuedong Chen,CAE,2015,机械与运载工程学部,合肥通用机械研究院,https://www.cae.cn/cae/html/main/colys/35791989.html,,,,,,待单人精确检索,,,,Xuedong Chen | 合肥通用机械研究院 | 机械与运载工程学部 | English journal DOI
ACAD02097,陈学庚,Xuegeng Chen,CAE,2013,农业学部,新疆农垦科学院机械装备研究所,https://www.cae.cn/cae/html/main/colys/41961614.html,,,,,,待单人精确检索,,,,Xuegeng Chen | 新疆农垦科学院机械装备研究所 | 农业学部 | English journal DOI
ACAD02099,陈宗懋,Zongmao Chen,CAE,2003,农业学部,中国农业科学院茶叶研究所,https://www.cae.cn/cae/html/main/colys/50346196.html,,,,,,待单人精确检索,,,,Zongmao Chen | 中国农业科学院茶叶研究所 | 农业学部 | English journal DOI
ACAD02105,陈左宁,Zuoning Chen,CAE,2001,信息与电子工程学部,国家并行计算机工程技术研究中心,https://www.cae.cn/cae/html/main/colys/06494507.html,,,,,,待单人精确检索,,,,Zuoning Chen | 国家并行计算机工程技术研究中心 | 信息与电子工程学部 | English journal DOI
ACAD02109,陈建峰,Jianfeng Chen,CAE,2015,化工、冶金与材料工程学部,北京化工大学,https://www.cae.cn/cae/html/main/colys/38663373.html,,,,,,待单人精确检索,,,,Jianfeng Chen | 北京化工大学 | 化工、冶金与材料工程学部 | English journal DOI
ACAD02113,陈志南,Zhinan Chen,CAE,2007,医药卫生学部,第四军医大学,https://www.cae.cn/cae/html/main/colys/43650249.html,,,,,,待单人精确检索,,,,Zhinan Chen | 第四军医大学 | 医药卫生学部 | English journal DOI
ACAD02114,陈志恺,Zhikai Chen,CAE,2001,土木、水利与建筑工程学部,水利部中国水利水电科学研究院,https://www.cae.cn/cae/html/main/colys/93770852.html,,,,,,待单人精确检索,,,,Zhikai Chen | 水利部中国水利水电科学研究院 | 土木、水利与建筑工程学部 | English journal DOI
ACAD02116,陈志杰,Zhijie Chen,CAE,2011,信息与电子工程学部,空军装备研究院,https://www.cae.cn/cae/html/main/colys/75507885.html,,,,,,待单人精确检索,,,,Zhijie Chen | 空军装备研究院 | 信息与电子工程学部 | English journal DOI
ACAD02117,陈念念,Niannian Chen,CAE,2005,能源与矿业工程学部,中国核工业集团公司理化工程研究院,https://www.cae.cn/cae/html/main/colys/50623541.html,,,,,,待单人精确检索,,,,Niannian Chen | 中国核工业集团公司理化工程研究院 | 能源与矿业工程学部 | English journal DOI
ACAD02120,陈懋章,Maozhang Chen,CAE,1999,机械与运载工程学部,北京航空航天大学,https://www.cae.cn/cae/html/main/colys/06539450.html,,,,,,待单人精确检索,,,,Maozhang Chen | 北京航空航天大学 | 机械与运载工程学部 | English journal DOI
ACAD02122,陈政清,Zhengqing Chen,CAE,2015,土木、水利与建筑工程学部,湖南大学,https://www.cae.cn/cae/html/main/colys/95452061.html,,,,,,待单人精确检索,,,,Zhengqing Chen | 湖南大学 | 土木、水利与建筑工程学部 | English journal DOI
ACAD02123,陈敬熊,Jingxiong Chen,CAE,1995,信息与电子工程学部,航天工业总公司第二研究院,https://www.cae.cn/cae/html/main/colys/40737958.html,,,,,,待单人精确检索,,,,Jingxiong Chen | 航天工业总公司第二研究院 | 信息与电子工程学部 | English journal DOI
ACAD02124,陈文兴,Wenxing Chen,CAE,2019,环境与轻纺工程学部,浙江理工大学,https://www.cae.cn/cae/html/main/colys/16651074.html,,,,,,待单人精确检索,,,,Wenxing Chen | 浙江理工大学 | 环境与轻纺工程学部 | English journal DOI
ACAD02134,陈晓红,Xiaohong Chen,CAE,2017,工程管理学部,湖南商学院,https://www.cae.cn/cae/html/main/colys/76216903.html,,,,,,待单人精确检索,,,,Xiaohong Chen | 湖南商学院 | 工程管理学部 | English journal DOI
ACAD02137,陈景,Jing Chen,CAE,1997,化工、冶金与材料工程学部,昆明贵金属研究所；云南大学,https://www.cae.cn/cae/html/main/colys/06878498.html,,,,,,待单人精确检索,,,,Jing Chen | 昆明贵金属研究所；云南大学 | 化工、冶金与材料工程学部 | English journal DOI
ACAD02139,陈杰,Jie Chen,CAE,2017,信息与电子工程学部,北京理工大学,https://www.cae.cn/cae/html/main/colys/67451694.html,,,,,,待单人精确检索,,,,Jie Chen | 北京理工大学 | 信息与电子工程学部 | English journal DOI
ACAD02140,陈松林,Songlin Chen,CAE,2021,农业学部,中国水产科学研究院黄海水产研究所,https://www.cae.cn/cae/html/main/colys/32073711.html,,,,,,待单人精确检索,,,,Songlin Chen | 中国水产科学研究院黄海水产研究所 | 农业学部 | English journal DOI
ACAD02144,陈森玉,Senyu Chen,CAE,2001,能源与矿业工程学部,中国科学院高能物理研究所,https://www.cae.cn/cae/html/main/colys/68246947.html,,,,,,待单人精确检索,,,,Senyu Chen | 中国科学院高能物理研究所 | 能源与矿业工程学部 | English journal DOI
ACAD02145,陈毓川,Yuchuan Chen,CAE,1997,能源与矿业工程学部,中国地质科学院,https://www.cae.cn/cae/html/main/colys/12376838.html,,,,,,待单人精确检索,,,,Yuchuan Chen | 中国地质科学院 | 能源与矿业工程学部 | English journal DOI
ACAD02148,陈洪铎,Hongduo Chen,CAE,1999,医药卫生工程学部,中国医科大学,https://www.cae.cn/cae/html/main/colys/90984345.html,,,,,,待单人精确检索,,,,Hongduo Chen | 中国医科大学 | 医药卫生工程学部 | English journal DOI
ACAD02150,陈清如,Qingru Chen,CAE,1995,化工、冶金与材料工程学部,中国矿业大学,https://www.cae.cn/cae/html/main/colys/59487258.html,,,,,,待单人精确检索,,,,Qingru Chen | 中国矿业大学 | 化工、冶金与材料工程学部 | English journal DOI
ACAD02151,陈清泉,Qingquan Chen,CAE,1997,能源与矿业工程学部，工程管理学部,香港大学,https://www.cae.cn/cae/html/main/colys/87645564.html,,,,,,待单人精确检索,,,,Qingquan Chen | 香港大学 | 能源与矿业工程学部，工程管理学部 | English journal DOI
ACAD02152,陈温福,Wenfu Chen,CAE,2009,农业学部,沈阳农业大学,https://www.cae.cn/cae/html/main/colys/93533296.html,,,,,,待单人精确检索,,,,Wenfu Chen | 沈阳农业大学 | 农业学部 | English journal DOI
ACAD02153,陈湘生,Xiangsheng Chen,CAE,2017,土木、水利与建筑工程学部,深圳市地铁集团有限公司,https://www.cae.cn/cae/html/main/colys/83010379.html,,,,,,待单人精确检索,,,,Xiangsheng Chen | 深圳市地铁集团有限公司 | 土木、水利与建筑工程学部 | English journal DOI
ACAD02154,陈灏珠,Haozhu Chen,CAE,1997,医药卫生学部,复旦大学,https://www.cae.cn/cae/html/main/colys/34319605.html,,,,,,待单人精确检索,,,,Haozhu Chen | 复旦大学 | 医药卫生学部 | English journal DOI
ACAD02156,陈焕春,Huanchun Chen,CAE,2003,农业学部,华中农业大学,https://www.cae.cn/cae/html/main/colys/78337698.html,,,,,,待单人精确检索,,,,Huanchun Chen | 华中农业大学 | 农业学部 | English journal DOI
ACAD02158,陈祥宝,Xiangbao Chen,CAE,2011,化工、冶金与材料工程学部,中国航空工业集团公司北京航空材料研究院,https://www.cae.cn/cae/html/main/colys/46495590.html,,,,,,待单人精确检索,,,,Xiangbao Chen | 中国航空工业集团公司北京航空材料研究院 | 化工、冶金与材料工程学部 | English journal DOI
ACAD02159,陈福田,Futian Chen,CAE,2007,机械与运载工程学部,中国航天科技集团公司第一研究院,https://www.cae.cn/cae/html/main/colys/18240473.html,,,,,,待单人精确检索,,,,Futian Chen | 中国航天科技集团公司第一研究院 | 机械与运载工程学部 | English journal DOI
ACAD02162,陈立泉,Liquan Chen,CAE,2001,化工、冶金与材料工程学部,中国科学院物理研究所,https://www.cae.cn/cae/html/main/colys/62555875.html,,,,,,待单人精确检索,,,,Liquan Chen | 中国科学院物理研究所 | 化工、冶金与材料工程学部 | English journal DOI
ACAD02164,陈纯,Chun Chen,CAE,2015,信息与电子工程学部,浙江大学,https://www.cae.cn/cae/html/main/colys/12726075.html,,,,,,待单人精确检索,,,,Chun Chen | 浙江大学 | 信息与电子工程学部 | English journal DOI
ACAD02168,陈联寿,Lianshou Chen,CAE,1999,环境与轻纺工程学部,中国气象科学研究院,https://www.cae.cn/cae/html/main/colys/71376575.html,,,,,,待单人精确检索,,,,Lianshou Chen | 中国气象科学研究院 | 环境与轻纺工程学部 | English journal DOI
ACAD02169,陈肇元,Zhaoyuan Chen,CAE,1997,土木、水利与建筑工程学部,清华大学,https://www.cae.cn/cae/html/main/colys/53754445.html,,,,,,待单人精确检索,,,,Zhaoyuan Chen | 清华大学 | 土木、水利与建筑工程学部 | English journal DOI
ACAD02170,陈肇隆,Zhaolong Chen,CAE,2007,医药卫生学部,高雄长庚纪念医院,https://www.cae.cn/cae/html/main/colys/53291006.html,,,,,,待单人精确检索,,,,Zhaolong Chen | 高雄长庚纪念医院 | 医药卫生学部 | English journal DOI
ACAD02171,陈良惠,Lianghui Chen,CAE,1999,信息与电子工程学部,中国科学院半导体研究所,https://www.cae.cn/cae/html/main/colys/50811146.html,,,,,,待单人精确检索,,,,Lianghui Chen | 中国科学院半导体研究所 | 信息与电子工程学部 | English journal DOI
ACAD02172,陈芬儿,Fener Chen,CAE,2015,化工、冶金与材料工程学部,复旦大学,https://www.cae.cn/cae/html/main/colys/33976361.html,,,,,,待单人精确检索,,,,Fener Chen | 复旦大学 | 化工、冶金与材料工程学部 | English journal DOI
ACAD02173,陈蕴博,Yunbo Chen,CAE,1999,化工、冶金与材料工程学部,北京机电研究所,https://www.cae.cn/cae/html/main/colys/25442320.html,,,,,,待单人精确检索,,,,Yunbo Chen | 北京机电研究所 | 化工、冶金与材料工程学部 | English journal DOI
ACAD02174,陈薇,Wei Chen,CAE,2019,医药卫生学部,中国人民解放军军事科学院军事医学研究院,https://www.cae.cn/cae/html/main/colys/41005183.html,,,,,,待单人精确检索,,,,Wei Chen | 中国人民解放军军事科学院军事医学研究院 | 医药卫生学部 | English journal DOI
ACAD02175,陈赛娟,Saijuan Chen,CAE,2003,医药卫生学部,上海第二医科大学上海血研所,https://www.cae.cn/cae/html/main/colys/18981216.html,,,,,,待单人精确检索,,,,Saijuan Chen | 上海第二医科大学上海血研所 | 医药卫生学部 | English journal DOI
ACAD02182,陈香美,Xiangmei Chen,CAE,2007,医药卫生学部,解放军总医院,https://www.cae.cn/cae/html/main/colys/56757188.html,,,,,,待单人精确检索,,,,Xiangmei Chen | 解放军总医院 | 医药卫生学部 | English journal DOI
ACAD02184,陈鲸,Jing Chen,CAE,2005,信息与电子工程学部,总参谋部第五十七研究所,https://www.cae.cn/cae/html/main/colys/46415565.html,,,,,,待单人精确检索,,,,Jing Chen | 总参谋部第五十七研究所 | 信息与电子工程学部 | English journal DOI
ACAD02194,雷志栋,Zhidong Lei,CAE,2007,土木、水利与建筑工程学部,清华大学,https://www.cae.cn/cae/html/main/colys/21911461.html,,,,,,待单人精确检索,,,,Zhidong Lei | 清华大学 | 土木、水利与建筑工程学部 | English journal DOI
ACAD02195,雷清泉,Qingquan Lei,CAE,2003,能源与矿业工程学部,哈尔滨理工大学,https://www.cae.cn/cae/html/main/colys/37732716.html,,,,,,待单人精确检索,,,,Qingquan Lei | 哈尔滨理工大学 | 能源与矿业工程学部 | English journal DOI
ACAD02196,雷霁霖,Jilin Lei,CAE,2005,农业学部,中国水产科学研究院黄海水产研究所,https://www.cae.cn/cae/html/main/colys/68690401.html,,,,,,待单人精确检索,,,,Jilin Lei | 中国水产科学研究院黄海水产研究所 | 农业学部 | English journal DOI
ACAD02199,韦钰,Yu Wei,CAE,1994,信息与电子工程学部,国家教育委员会,https://www.cae.cn/cae/html/main/colys/84113761.html,,,,,,待单人精确检索,,,,Yu Wei | 国家教育委员会 | 信息与电子工程学部 | English journal DOI
ACAD02200,韩其为,Qiwei Han,CAE,2001,土木、水利与建筑工程学部,中国水利水电科学研究院,https://www.cae.cn/cae/html/main/colys/81811820.html,,,,,,待单人精确检索,,,,Qiwei Han | 中国水利水电科学研究院 | 土木、水利与建筑工程学部 | English journal DOI
ACAD02203,韩大匡,Dakuang Han,CAE,2001,能源与矿业工程学部,中国石油勘探开发研究院,https://www.cae.cn/cae/html/main/colys/90314064.html,,,,,,待单人精确检索,,,,Dakuang Han | 中国石油勘探开发研究院 | 能源与矿业工程学部 | English journal DOI
ACAD02206,韩德民,Demin Han,CAE,2013,医药卫生学部,首都医科大学北京同仁医院,https://www.cae.cn/cae/html/main/colys/41835607.html,,,,,,待单人精确检索,,,,Demin Han | 首都医科大学北京同仁医院 | 医药卫生学部 | English journal DOI
ACAD02213,韩英铎,Yingduo Han,CAE,1995,能源与矿业工程学部,清华大学,https://www.cae.cn/cae/html/main/colys/78905241.html,,,,,,待单人精确检索,,,,Yingduo Han | 清华大学 | 能源与矿业工程学部 | English journal DOI
ACAD02214,韩雅玲,Yaling Han,CAE,2013,医药卫生学部,沈阳军区总医院,https://www.cae.cn/cae/html/main/colys/41860950.html,,,,,,待单人精确检索,,,,Yaling Han | 沈阳军区总医院 | 医药卫生学部 | English journal DOI
ACAD02215,项坤三,Kunsan Xiang,CAE,2003,医药卫生学部,上海交通大学附属第六人民医院,https://www.cae.cn/cae/html/main/colys/15679788.html,,,,,,待单人精确检索,,,,Kunsan Xiang | 上海交通大学附属第六人民医院 | 医药卫生学部 | English journal DOI
ACAD02216,项昌乐,Changle Xiang,CAE,2019,机械与运载工程学部,北京理工大学,https://www.cae.cn/cae/html/main/colys/89115587.html,,,,,,待单人精确检索,,,,Changle Xiang | 北京理工大学 | 机械与运载工程学部 | English journal DOI
ACAD02217,项海帆,Haifan Xiang,CAE,1995,土木、水利与建筑工程学部,同济大学,https://www.cae.cn/cae/html/main/colys/31678563.html,,,,,,待单人精确检索,,,,Haifan Xiang | 同济大学 | 土木、水利与建筑工程学部 | English journal DOI
ACAD02219,顾健人,Jianren Gu,CAE,1995,医药卫生学部,上海交通大学,https://www.cae.cn/cae/html/main/colys/53455060.html,,,,,,待单人精确检索,,,,Jianren Gu | 上海交通大学 | 医药卫生学部 | English journal DOI
ACAD02221,顾国彪,Guobiao Gu,CAE,1997,机械与运载工程学部,中国科学院电工研究所,https://www.cae.cn/cae/html/main/colys/40668702.html,,,,,,待单人精确检索,,,,Guobiao Gu | 中国科学院电工研究所 | 机械与运载工程学部 | English journal DOI
ACAD02222,顾夏声,Xiasheng Gu,CAE,1995,环境与轻纺工程学部,清华大学,https://www.cae.cn/cae/html/main/colys/59241309.html,,,,,,待单人精确检索,,,,Xiasheng Gu | 清华大学 | 环境与轻纺工程学部 | English journal DOI
ACAD02223,顾大钊,Dazhao Gu,CAE,2015,能源与矿业工程学部,神华集团有限责任公司,https://www.cae.cn/cae/html/main/colys/69229170.html,,,,,,待单人精确检索,,,,Dazhao Gu | 神华集团有限责任公司 | 能源与矿业工程学部 | English journal DOI
ACAD02225,顾心怿,Xinyi Gu,CAE,1995,能源与矿业工程学部,中国石油天然气总公司胜利石油管理局,https://www.cae.cn/cae/html/main/colys/56694027.html,,,,,,待单人精确检索,,,,Xinyi Gu | 中国石油天然气总公司胜利石油管理局 | 能源与矿业工程学部 | English journal DOI
ACAD02227,顾晓松,Xiaosong Gu,CAE,2015,医药卫生学部,南通大学,https://www.cae.cn/cae/html/main/colys/16152339.html,,,,,,待单人精确检索,,,,Xiaosong Gu | 南通大学 | 医药卫生学部 | English journal DOI
ACAD02228,顾玉东,Yudong Gu,CAE,1995,医药卫生学部,复旦大学,https://www.cae.cn/cae/html/main/colys/53884733.html,,,,,,待单人精确检索,,,,Yudong Gu | 复旦大学 | 医药卫生学部 | English journal DOI
ACAD02230,顾真安,Zhenan Gu,CAE,1997,化工、冶金与材料工程学部,中国建筑材料科学研究总院,https://www.cae.cn/cae/html/main/colys/40249170.html,,,,,,待单人精确检索,,,,Zhenan Gu | 中国建筑材料科学研究总院 | 化工、冶金与材料工程学部 | English journal DOI
ACAD02234,顾金才,Jincai Gu,CAE,2001,能源与矿业工程学部,洛阳水利工程技术研究所,https://www.cae.cn/cae/html/main/colys/50718771.html,,,,,,待单人精确检索,,,,Jincai Gu | 洛阳水利工程技术研究所 | 能源与矿业工程学部 | English journal DOI
ACAD02238,颜龙安,Longan Yan,CAE,2007,农业学部,江西省农业科学院,https://www.cae.cn/cae/html/main/colys/37392105.html,,,,,,待单人精确检索,,,,Longan Yan | 江西省农业科学院 | 农业学部 | English journal DOI
ACAD02240,饶宏,Hong Rao,CAE,2021,能源与矿业工程学部,中国南方电网有限责任公司,https://www.cae.cn/cae/html/main/colys/25573513.html,,,,,,待单人精确检索,,,,Hong Rao | 中国南方电网有限责任公司 | 能源与矿业工程学部 | English journal DOI
ACAD02241,饶芳权,Fangquan Rao,CAE,1995,机械与运载工程学部，工程管理学部,东方电机厂,https://www.cae.cn/cae/html/main/colys/12215193.html,,,,,,待单人精确检索,,,,Fangquan Rao | 东方电机厂 | 机械与运载工程学部，工程管理学部 | English journal DOI
ACAD02242,马丁,Ding Ma,CAE,2017,医药卫生学部,华中科技大学同济医学院附属同济医院,https://www.cae.cn/cae/html/main/colys/53423869.html,,,,,,待单人精确检索,,,,Ding Ma | 华中科技大学同济医学院附属同济医院 | 医药卫生学部 | English journal DOI
ACAD02243,马伟明,Weiming Ma,CAE,2001,机械与运载工程学部,解放军海军工程大学,https://www.cae.cn/cae/html/main/colys/31722097.html,,,,,,待单人精确检索,,,,Weiming Ma | 解放军海军工程大学 | 机械与运载工程学部 | English journal DOI
ACAD02247,马克俭,Kejian Ma,CAE,2007,土木、水利与建筑工程学部,贵州大学,https://www.cae.cn/cae/html/main/colys/15113905.html,,,,,,待单人精确检索,,,,Kejian Ma | 贵州大学 | 土木、水利与建筑工程学部 | English journal DOI
ACAD02249,马军,Jun Ma,CAE,2019,土木、水利与建筑工程学部,哈尔滨工业大学,https://www.cae.cn/cae/html/main/colys/79299339.html,,,,,,待单人精确检索,,,,Jun Ma | 哈尔滨工业大学 | 土木、水利与建筑工程学部 | English journal DOI
ACAD02250,马国馨,Guoxin Ma,CAE,1997,土木、水利与建筑工程学部,北京市建筑设计研究院,https://www.cae.cn/cae/html/main/colys/09194814.html,,,,,,待单人精确检索,,,,Guoxin Ma | 北京市建筑设计研究院 | 土木、水利与建筑工程学部 | English journal DOI
ACAD02254,马建章,Jianzhang Ma,CAE,1995,农业学部,东北林业大学,https://www.cae.cn/cae/html/main/colys/78650645.html,,,,,,待单人精确检索,,,,Jianzhang Ma | 东北林业大学 | 农业学部 | English journal DOI
ACAD02257,马永生,Yongsheng Ma,CAE,2009,能源与矿业工程学部,中国石油化工股份有限公司油田勘探开发事业部,https://www.cae.cn/cae/html/main/colys/71587590.html,,,,,,待单人精确检索,,,,Yongsheng Ma | 中国石油化工股份有限公司油田勘探开发事业部 | 能源与矿业工程学部 | English journal DOI
ACAD02258,马洪琪,Hongqi Ma,CAE,2001,土木、水利与建筑工程学部,云南澜沧江水电开发有限公司,https://www.cae.cn/cae/html/main/colys/06334054.html,,,,,,待单人精确检索,,,,Hongqi Ma | 云南澜沧江水电开发有限公司 | 土木、水利与建筑工程学部 | English journal DOI
ACAD02259,马玉山,Yushan Ma,CAE,2021,机械与运载工程学部,吴忠仪表有限责任公司,https://www.cae.cn/cae/html/main/colys/30153276.html,,,,,,待单人精确检索,,,,Yushan Ma | 吴忠仪表有限责任公司 | 机械与运载工程学部 | English journal DOI
ACAD02264,马远良,Yuanliang Ma,CAE,2003,信息与电子工程学部,西北工业大学,https://www.cae.cn/cae/html/main/colys/25190801.html,,,,,,待单人精确检索,,,,Yuanliang Ma | 西北工业大学 | 信息与电子工程学部 | English journal DOI
ACAD02269,高从堦,Congjie Gao,CAE,1995,化工、冶金与材料工程学部,国家海洋局杭州水处理技术开发中心,https://www.cae.cn/cae/html/main/colys/81208430.html,,,,,,待单人精确检索,,,,Congjie Gao | 国家海洋局杭州水处理技术开发中心 | 化工、冶金与材料工程学部 | English journal DOI
ACAD02270,高伯龙,Bolong Gao,CAE,1997,机械与运载工程学部,中国人民解放军国防科学技术大学,https://www.cae.cn/cae/html/main/colys/96176521.html,,,,,,待单人精确检索,,,,Bolong Gao | 中国人民解放军国防科学技术大学 | 机械与运载工程学部 | English journal DOI
ACAD02273,高天明,Tianming Gao,CAE,2021,医药卫生学部,南方医科大学,https://www.cae.cn/cae/html/main/colys/59444394.html,,,,,,待单人精确检索,,,,Tianming Gao | 南方医科大学 | 医药卫生学部 | English journal DOI
ACAD02275,高宗余,Zongyu Gao,CAE,2021,土木、水利与建筑工程学部,中铁大桥勘测设计院集团有限公司,https://www.cae.cn/cae/html/main/colys/26310176.html,,,,,,待单人精确检索,,,,Zongyu Gao | 中铁大桥勘测设计院集团有限公司 | 土木、水利与建筑工程学部 | English journal DOI
ACAD02278,高文,Wen Gao,CAE,2011,信息与电子工程学部,北京大学,https://www.cae.cn/cae/html/main/colys/37193416.html,,,,,,待单人精确检索,,,,Wen Gao | 北京大学 | 信息与电子工程学部 | English journal DOI
ACAD02280,高洁,Jie Gao,CAE,1999,信息与电子工程学部,中国测试技术研究院,https://www.cae.cn/cae/html/main/colys/46745566.html,,,,,,待单人精确检索,,,,Jie Gao | 中国测试技术研究院 | 信息与电子工程学部 | English journal DOI
ACAD02281,高润霖,Runlin Gao,CAE,1999,医药卫生工程学部,中国医学科学院阜外心血管病医院,https://www.cae.cn/cae/html/main/colys/34663008.html,,,,,,待单人精确检索,,,,Runlin Gao | 中国医学科学院阜外心血管病医院 | 医药卫生工程学部 | English journal DOI
ACAD02285,高翔,Xiang Gao,CAE,2021,环境与轻纺工程学部,浙江大学,https://www.cae.cn/cae/html/main/colys/27266128.html,,,,,,待单人精确检索,,,,Xiang Gao | 浙江大学 | 环境与轻纺工程学部 | English journal DOI
ACAD02286,高金吉,Jinji Gao,CAE,1999,机械与运载工程学部,中国石油辽阳石油化纤公司,https://www.cae.cn/cae/html/main/colys/15801057.html,,,,,,待单人精确检索,,,,Jinji Gao | 中国石油辽阳石油化纤公司 | 机械与运载工程学部 | English journal DOI
ACAD02289,高长青,Zhangqing Gao,CAE,2015,医药卫生学部,解放军总医院,https://www.cae.cn/cae/html/main/colys/95744049.html,,,,,,待单人精确检索,,,,Zhangqing Gao | 解放军总医院 | 医药卫生学部 | English journal DOI
ACAD02294,魏可镁,Kemei Wei,CAE,1997,化工、冶金与材料工程学部,福州大学,https://www.cae.cn/cae/html/main/colys/87236762.html,,,,,,待单人精确检索,,,,Kemei Wei | 福州大学 | 化工、冶金与材料工程学部 | English journal DOI
ACAD02295,魏复盛,Fusheng Wei,CAE,1997,环境与轻纺工程学部,中国环境监测总站,https://www.cae.cn/cae/html/main/colys/12665205.html,,,,,,待单人精确检索,,,,Fusheng Wei | 中国环境监测总站 | 环境与轻纺工程学部 | English journal DOI
ACAD02297,魏子卿,Ziqing Wei,CAE,1995,信息与电子工程学部,总参谋部测绘研究所,https://www.cae.cn/cae/html/main/colys/46755281.html,,,,,,待单人精确检索,,,,Ziqing Wei | 总参谋部测绘研究所 | 信息与电子工程学部 | English journal DOI
ACAD02300,魏敦山,Dunshan Wei,CAE,2001,土木、水利与建筑工程学部,上海现代建筑设计（集团）有限公司,https://www.cae.cn/cae/html/main/colys/84177658.html,,,,,,待单人精确检索,,,,Dunshan Wei | 上海现代建筑设计（集团）有限公司 | 土木、水利与建筑工程学部 | English journal DOI
ACAD02301,魏正耀,Zhengyao Wei,CAE,1999,信息与电子工程学部,总参谋部第五十八研究所,https://www.cae.cn/cae/html/main/colys/87783443.html,,,,,,待单人精确检索,,,,Zhengyao Wei | 总参谋部第五十八研究所 | 信息与电子工程学部 | English journal DOI
ACAD02302,魏毅寅,Yiyin Wei,CAE,2019,信息与电子工程学部,中国航天科工集团有限公司,https://www.cae.cn/cae/html/main/col1/2019-11/22/20191122104249761699527_1.html,,,,,,待单人精确检索,,,,Yiyin Wei | 中国航天科工集团有限公司 | 信息与电子工程学部 | English journal DOI
ACAD02306,鲜学福,Xuefu Xian,CAE,1999,能源与矿业工程学部,重庆大学,https://www.cae.cn/cae/html/main/colys/78839819.html,,,,,,待单人精确检索,,,,Xuefu Xian | 重庆大学 | 能源与矿业工程学部 | English journal DOI
ACAD02307,麦康森,Kangsen Mai,CAE,2009,农业学部，工程管理学部,中国海洋大学,https://www.cae.cn/cae/html/main/colys/56836010.html,,,,,,待单人精确检索,,,,Kangsen Mai | 中国海洋大学 | 农业学部，工程管理学部 | English journal DOI
ACAD02312,黄伯云,Boyun Huang,CAE,1999,化工、冶金与材料工程学部,中南工业大学,https://www.cae.cn/cae/html/main/colys/34726318.html,,,,,,待单人精确检索,,,,Boyun Huang | 中南工业大学 | 化工、冶金与材料工程学部 | English journal DOI
ACAD02313,黄先祥,Xianxiang Huang,CAE,1999,机械与运载工程学部,第二炮兵工程学院,https://www.cae.cn/cae/html/main/colys/21962630.html,,,,,,待单人精确检索,,,,Xianxiang Huang | 第二炮兵工程学院 | 机械与运载工程学部 | English journal DOI
ACAD02315,黄其励,Qili Huang,CAE,1997,能源与矿业工程学部,国家电网公司东北电网有限公司,https://www.cae.cn/cae/html/main/colys/50350770.html,,,,,,待单人精确检索,,,,Qili Huang | 国家电网公司东北电网有限公司 | 能源与矿业工程学部 | English journal DOI
ACAD02316,黄卫,Wei Huang,CAE,2007,土木、水利与建筑工程学部,建设部,https://www.cae.cn/cae/html/main/colys/25475056.html,,,,,,待单人精确检索,,,,Wei Huang | 建设部 | 土木、水利与建筑工程学部 | English journal DOI
ACAD02318,黄培云,Peiyun Huang,CAE,1994,化工、冶金与材料工程学部,中南大学,https://www.cae.cn/cae/html/main/colys/59413983.html,,,,,,待单人精确检索,,,,Peiyun Huang | 中南大学 | 化工、冶金与材料工程学部 | English journal DOI
ACAD02319,黄培康,Peikang Huang,CAE,2005,信息与电子工程学部,中国航天科工集团公司第二研究院,https://www.cae.cn/cae/html/main/colys/46419136.html,,,,,,待单人精确检索,,,,Peikang Huang | 中国航天科工集团公司第二研究院 | 信息与电子工程学部 | English journal DOI
ACAD02323,黄小卫,Xiaowei Huang,CAE,2017,化工、冶金与材料工程学部,北京有色金属研究总院,https://www.cae.cn/cae/html/main/colys/34025343.html,,,,,,待单人精确检索,,,,Xiaowei Huang | 北京有色金属研究总院 | 化工、冶金与材料工程学部 | English journal DOI
ACAD02325,黄崇祺,Chongqi Huang,CAE,1997,机械与运载工程学部,上海电缆研究所,https://www.cae.cn/cae/html/main/colys/53697218.html,,,,,,待单人精确检索,,,,Chongqi Huang | 上海电缆研究所 | 机械与运载工程学部 | English journal DOI
ACAD02326,黄庆学,Qingxue Huang,CAE,2017,机械与运载工程学部,太原理工大学,https://www.cae.cn/cae/html/main/colys/60678813.html,,,,,,待单人精确检索,,,,Qingxue Huang | 太原理工大学 | 机械与运载工程学部 | English journal DOI
ACAD02328,黄志强,Zhiqiang Huang,CAE,1997,医药卫生学部,解放军总医院,https://www.cae.cn/cae/html/main/colys/15518451.html,,,,,,待单人精确检索,,,,Zhiqiang Huang | 解放军总医院 | 医药卫生学部 | English journal DOI
ACAD02330,黄文虎,Wenhu Huang,CAE,1995,机械与运载工程学部,哈尔滨工业大学,https://www.cae.cn/cae/html/main/colys/12563126.html,,,,,,待单人精确检索,,,,Wenhu Huang | 哈尔滨工业大学 | 机械与运载工程学部 | English journal DOI
ACAD02331,黄旭华,Xuhua Huang,CAE,1994,机械与运载工程学部,中国船舶工业总公司核潜艇总体研究设计所,https://www.cae.cn/cae/html/main/colys/18380681.html,,,,,,待单人精确检索,,,,Xuhua Huang | 中国船舶工业总公司核潜艇总体研究设计所 | 机械与运载工程学部 | English journal DOI
ACAD02335,黄殿中,Dianzhong Huang,CAE,2021,工程管理学部,中国信息安全测评中心,https://www.cae.cn/cae/html/main/colys/18930705.html,,,,,,待单人精确检索,,,,Dianzhong Huang | 中国信息安全测评中心 | 工程管理学部 | English journal DOI
ACAD02338,黄熙龄,Xiling Huang,CAE,1995,土木、水利与建筑工程学部,中国建筑科学研究院,https://www.cae.cn/cae/html/main/colys/09715199.html,,,,,,待单人精确检索,,,,Xiling Huang | 中国建筑科学研究院 | 土木、水利与建筑工程学部 | English journal DOI
ACAD02340,黄瑞松,Ruisong Huang,CAE,2003,机械与运载工程学部,中国航天科工集团公司第三研究院,https://www.cae.cn/cae/html/main/colys/90325759.html,,,,,,待单人精确检索,,,,Ruisong Huang | 中国航天科工集团公司第三研究院 | 机械与运载工程学部 | English journal DOI
ACAD02341,黄璐琦,Luqi Huang,CAE,2015,医药卫生学部,中国中医科学院,https://www.cae.cn/cae/html/main/colys/18309309.html,,,,,,待单人精确检索,,,,Luqi Huang | 中国中医科学院 | 医药卫生学部 | English journal DOI
ACAD02344,黄维和,Weihe Huang,CAE,2013,工程管理学部,中国石油天然气股份有限公司,https://www.cae.cn/cae/html/main/colys/41629411.html,,,,,,待单人精确检索,,,,Weihe Huang | 中国石油天然气股份有限公司 | 工程管理学部 | English journal DOI
ACAD02353,黄震,Zhen Huang,CAE,2019,能源与矿业工程学部,上海交通大学,https://www.cae.cn/cae/html/main/colys/36851658.html,,,,,,待单人精确检索,,,,Zhen Huang | 上海交通大学 | 能源与矿业工程学部 | English journal DOI
ACAD02355,黎介寿,Jieshou Li,CAE,1996,医药卫生学部,南京军区总医院,https://www.cae.cn/cae/html/main/colys/50656745.html,,,,,,待单人精确检索,,,,Jieshou Li | 南京军区总医院 | 医药卫生学部 | English journal DOI
ACAD02360,龙乐豪,Lehao Long,CAE,2001,机械与运载工程学部,中国航天科技集团公司第一研究院,https://www.cae.cn/cae/html/main/colys/90803958.html,,,,,,待单人精确检索,,,,Lehao Long | 中国航天科技集团公司第一研究院 | 机械与运载工程学部 | English journal DOI
ACAD02362,龙腾,Teng Long,CAE,2021,信息与电子工程学部,北京理工大学,https://www.cae.cn/cae/html/main/colys/01828604.html,,,,,,待单人精确检索,,,,Teng Long | 北京理工大学 | 信息与电子工程学部 | English journal DOI
ACAD02363,龙驭球,Yuqiu Long,CAE,1995,土木、水利与建筑工程学部,清华大学,https://www.cae.cn/cae/html/main/colys/21947804.html,,,,,,待单人精确检索,,,,Yuqiu Long | 清华大学 | 土木、水利与建筑工程学部 | English journal DOI
ACAD02366,龚惠兴,Huixing Gong,CAE,1995,信息与电子工程学部,中国科学院上海技术物理研究所,https://www.cae.cn/cae/html/main/colys/93378245.html,,,,,,待单人精确检索,,,,Huixing Gong | 中国科学院上海技术物理研究所 | 信息与电子工程学部 | English journal DOI
ACAD02370,龚晓南,Xiaonan Gong,CAE,2011,土木、水利与建筑工程学部,浙江大学,https://www.cae.cn/cae/html/main/colys/84858806.html,,,,,,待单人精确检索,,,,Xiaonan Gong | 浙江大学 | 土木、水利与建筑工程学部 | English journal DOI
ACAD02371,龚知本,Zhiben Gong,CAE,2003,信息与电子工程学部,中国科学院安徽光学精密机械研究所,https://www.cae.cn/cae/html/main/colys/43617362.html,,,,,,待单人精确检索,,,,Zhiben Gong | 中国科学院安徽光学精密机械研究所 | 信息与电子工程学部 | English journal DOI
